Added_lines,Del_lines,ADEV,COMM,OWN_COMMIT,CountClassCoupled,CountInput_Mean,MAJOR_COMMIT,CountPath_Mean,CountOutput_Mean,DDEV,CountStmtExe,MaxNesting_Mean,CountPath_Max,CountLineCode,CountStmt,CountLineCodeExe,CountOutput_Max,MaxCyclomaticModified,AvgLineCode
63,48,6,6,1.0,7,2.57142857142857,1,2.28571428571429,4.71428571428571,1,24,1.22222222222222,5,69,54,39,8,4,8
14,35,1,1,1.0,2,6.4,1,1.4,2.1,1,15,1.15384615384615,3,46,36,18,8,3,3
272,271,3,3,0.666666666666667,3,2.875,2,3.875,4.125,2,58,2.1,7,100,93,64,9,7,11
61,1,2,2,1.0,5,2.6,1,1.6,3.0,1,13,0.625,2,47,34,27,6,2,9
0,0,0,0,0.0,3,4.75,0,1.0,2.0,0,5,0.0,1,17,12,5,3,1,3
1552,562,48,48,0.520833333333333,96,6.12669683257919,3,9.38009049773756,7.59276018099547,3,1856,0.870967741935484,390,3538,2763,2715,45,18,15
25,5,3,3,1.0,2,2.33333333333333,1,1.33333333333333,2.33333333333333,1,5,0.6,2,16,11,6,3,2,4
533,480,15,15,0.733333333333333,19,3.0,3,2.75,4.8125,3,84,1.5,13,201,153,122,17,10,11
342,404,19,19,0.421052631578947,24,3.85714285714286,4,1.98901098901099,3.24175824175824,4,249,0.473118279569892,18,505,400,266,10,9,5
230,91,9,9,0.555555555555556,3,3.23809523809524,3,2.19047619047619,5.52380952380952,3,97,0.583333333333333,13,230,177,132,16,8,9
123,22,3,3,1.0,7,4.2,1,1.4,3.1,1,21,0.666666666666667,4,63,44,26,7,4,4
47,5,3,3,1.0,2,3.0,1,1.33333333333333,2.33333333333333,1,5,0.6,2,16,11,6,3,2,4
393,91,8,8,0.625,33,5.125,2,119.5,10.125,2,92,1.36363636363636,936,319,181,263,47,13,36
29,7,14,14,0.571428571428571,56,2.0,4,1.0,4.0,4,57,0.0,1,88,86,58,4,1,60
70,10,4,4,1.0,6,5.75,1,2.25,4.0,1,14,1.33333333333333,4,35,24,18,8,4,7
5972,2225,139,139,0.733812949640288,80,2.47551342812006,4,2.0347551342812,3.46287519747235,8,2040,0.638036809815951,30,4483,3401,2718,20,21,7
168,163,4,4,0.5,9,4.05263157894737,3,1.89473684210526,3.78947368421053,3,65,1.04,8,167,128,89,13,6,7
47,5,3,3,1.0,3,2.66666666666667,1,1.33333333333333,2.33333333333333,1,5,0.6,2,18,13,6,3,2,4
180,152,14,14,0.857142857142857,2,1.0,2,1.5,2.5,2,5,0.75,2,19,15,5,4,2,5
60,22,6,6,0.666666666666667,6,15.875,2,2.91666666666667,3.41666666666667,2,98,0.961538461538462,15,218,162,125,9,7,8
0,0,0,0,0.0,1,0.0,0,1.0,2.0,0,5,0.0,1,11,9,5,2,1,7
61,1,2,2,1.0,5,2.6,1,1.6,3.0,1,13,0.625,2,47,34,27,6,2,9
119,27,2,2,0.5,7,3.66666666666667,2,2.0,4.16666666666667,2,24,0.625,4,59,48,32,9,4,7
271,51,13,13,1.0,13,10.4736842105263,1,2.21052631578947,4.05263157894737,1,63,1.03846153846154,5,160,99,85,7,5,7
294,63,8,8,1.0,11,5.61904761904762,1,2.33333333333333,3.76190476190476,1,73,1.14285714285714,5,176,111,95,7,5,7
30,7,2,2,1.0,18,3.09090909090909,1,2.90909090909091,5.0,1,34,0.615384615384615,18,95,71,50,18,6,7
47,5,3,3,1.0,2,4.0,1,1.33333333333333,2.66666666666667,1,5,0.6,2,16,11,6,4,2,4
1435,1376,18,18,0.777777777777778,21,4.35483870967742,4,16.5161290322581,6.51612903225806,4,272,1.67647058823529,241,493,411,355,23,12,15
1111,573,9,9,1.0,24,3.69767441860465,1,3.30232558139535,3.51162790697674,1,210,1.05882352941176,36,420,349,267,20,18,8
40,8,3,3,1.0,4,4.0,1,1.33333333333333,3.33333333333333,1,6,0.6,2,20,14,8,4,2,4
146,245,4,4,0.5,19,5.0,3,3.06666666666667,6.33333333333333,3,80,1.27777777777778,13,173,131,110,18,13,10
244,90,21,21,0.380952380952381,92,8.34782608695652,3,34.9304347826087,8.34782608695652,4,1015,1.05084745762712,2560,2118,1590,1624,44,17,18
169,151,8,8,0.875,7,3.39130434782609,2,2.65217391304348,4.65217391304348,2,100,0.964285714285714,12,239,175,145,14,7,11
711,499,19,19,0.578947368421053,37,4.18367346938776,3,12.3061224489796,7.08163265306122,3,358,1.03174603174603,257,773,593,567,39,13,17
32,5,3,3,1.0,2,4.0,1,1.33333333333333,2.33333333333333,1,5,0.6,2,16,11,6,3,2,4
23,20,2,2,1.0,2,5.0,1,1.6875,1.25,1,34,0.444444444444444,9,105,72,59,3,3,5
45,30,5,5,1.0,2,1.66666666666667,1,1.33333333333333,4.66666666666667,1,17,0.6,2,41,38,24,8,2,9
28,16,4,4,0.75,6,3.70833333333333,2,21.1666666666667,3.41666666666667,2,130,1.2962962962963,416,260,199,161,11,11,11
1347,977,27,27,0.777777777777778,15,4.675,2,2.2,4.325,4,144,0.777777777777778,15,328,262,202,20,6,7
61,1,2,2,1.0,5,2.6,1,1.6,2.6,1,13,0.625,2,47,34,27,5,2,9
30,43,2,2,0.5,26,3.75862068965517,2,70.3793103448276,6.51724137931035,2,205,0.96875,1951,355,317,242,23,17,11
127,23,5,5,1.0,7,4.44444444444444,1,1.44444444444444,3.22222222222222,1,18,0.769230769230769,4,54,35,22,7,4,4
0,0,0,0,0.0,5,2.60869565217391,0,2.15217391304348,3.95652173913043,0,146,0.862745098039216,8,324,246,175,13,7,6
104,79,9,9,0.777777777777778,24,3.72151898734177,3,2.91139240506329,4.27848101265823,3,326,0.988636363636364,21,703,544,433,15,8,9
229,185,4,4,1.0,2,4.0,1,2.0,3.0,1,5,1.0,2,13,12,5,3,2,7
25,8,5,5,0.8,4,4.45,2,1.0,1.65,2,23,0.0,1,78,53,24,5,1,3
212,33,5,5,0.8,5,3.18518518518519,2,3.33333333333333,3.62962962962963,2,130,0.966666666666667,32,250,188,153,14,6,8
458,100,14,14,0.642857142857143,16,4.19230769230769,2,3.42307692307692,5.76923076923077,2,141,1.06896551724138,16,281,262,192,25,7,10
0,0,0,0,0.0,3,2.66666666666667,0,12.0,7.0,0,22,2.0,33,45,37,27,14,8,13
61,1,2,2,1.0,5,2.6,1,1.6,3.0,1,13,0.625,2,47,34,27,6,2,9
471,397,7,7,0.428571428571429,8,4.0,3,38.2,10.8,3,71,2.71428571428571,144,141,119,96,18,12,24
930,272,14,14,1.0,26,4.30379746835443,1,1.63291139240506,3.45569620253165,1,211,0.684782608695652,4,505,354,262,10,4,5
1354,808,51,51,0.470588235294118,77,4.53631284916201,3,42.1675977653631,4.7877094972067,3,1125,1.04878048780488,2739,2310,1806,1586,26,41,13
3,1,3,3,0.666666666666667,6,5.19047619047619,2,1.04761904761905,1.9047619047619,2,32,0.130434782608696,2,100,68,44,7,2,4
61,1,2,2,1.0,5,2.6,1,1.6,3.0,1,13,0.625,2,47,34,27,6,2,9
146,0,2,2,1.0,4,2.14285714285714,1,1.14285714285714,3.71428571428571,1,16,0.3,2,47,37,23,6,2,4
0,0,0,0,0.0,3,0.0,0,2.0,10.0,0,5,1.0,2,14,13,7,10,2,9
156,46,10,10,0.6,7,1.025,3,3.15,1.95,3,66,0.238095238095238,84,136,133,83,16,10,3
0,0,0,0,0.0,0,1.0,0,1.0,0.0,0,0,0.0,1,5,4,0,0,1,1
0,0,0,0,0.0,6,2.22222222222222,0,1.33333333333333,1.66666666666667,0,18,0.454545454545455,2,52,37,22,4,2,4
0,0,0,0,0.0,1,2.0,0,1.0,0.0045454545454545,0,0,0.0,1,228,227,4,1,1,1
8,2,1,1,1.0,1,9.5,1,1.875,2.375,1,20,0.7,4,50,34,23,4,3,5
16,126,2,2,1.0,2,3.4,1,1076.2,4.6,1,57,1.42857142857143,5376,97,76,70,15,22,18
62,0,1,1,1.0,1,3.75,1,1.75,2.5,1,10,0.666666666666667,3,35,20,19,4,3,7
2,2,2,2,0.5,1,0.0,2,1.0,2.0,2,1,0.0,1,7,5,1,2,1,3
5,10,2,2,1.0,3,2.125,1,1.375,2.375,1,13,0.3,4,42,29,16,4,4,4
0,0,0,0,0.0,8,2.33333333333333,0,4.75,4.08333333333333,0,56,1.14285714285714,21,124,108,70,10,7,8
0,0,0,0,0.0,0,0.0,0,1.0,1.0,0,1,0.25,1,7,5,1,1,1,3
1,1,1,1,1.0,1,4.0,1,2.36363636363636,7.45454545454545,1,80,0.9375,5,157,129,109,22,4,12
405,137,16,16,0.5625,13,5.42857142857143,3,3.47619047619048,6.47619047619048,3,131,1.73913043478261,12,280,225,175,17,5,12
0,0,0,0,0.0,3,1.66666666666667,0,1.33333333333333,2.66666666666667,0,15,0.6,2,34,30,23,3,2,10
1,1,1,1,1.0,1,3.56521739130435,1,2.30434782608696,3.30434782608696,1,97,0.961538461538462,8,208,178,134,9,8,8
0,0,0,0,0.0,3,0.0,0,1.0,0.5,0,0,0.0,1,14,13,0,1,1,1
7,1,1,1,1.0,1,3.125,1,2.0625,1.6875,1,49,0.5,9,128,84,64,6,9,6
0,0,0,0,0.0,4,2.8,0,1.0,2.6,0,6,0.0,1,22,16,7,7,1,3
3,3,1,1,1.0,21,2.4375,1,1.5625,4.875,1,43,0.555555555555556,6,108,93,52,11,5,5
0,0,0,0,0.0,4,2.85714285714286,0,1.0,1.42857142857143,0,8,0.2,1,31,23,8,3,1,3
75,9,8,8,0.75,3,1.0,2,1.0,0.25,2,0,0.0,1,9,8,0,1,1,1
0,0,0,0,0.0,1,5.28571428571429,0,2.28571428571429,3.14285714285714,0,43,0.666666666666667,5,81,66,49,9,6,10
0,0,0,0,0.0,1,2.0,0,6.5,8.5,0,15,3.25,10,43,35,22,11,6,16
6,6,2,2,0.5,6,3.2,2,2.35,3.95,2,85,0.923076923076923,11,206,143,118,12,8,8
0,0,0,0,0.0,1,5.0,0,1.0,2.0,0,2,0.0,1,10,7,2,2,1,3
0,0,0,0,0.0,1,2.0,0,2.0,4.0,0,4,1.0,2,15,10,6,4,2,10
3,3,1,1,1.0,31,5.0,1,1.33333333333333,2.66666666666667,1,59,0.344827586206897,6,152,128,70,10,5,4
1,1,1,1,1.0,0,2.0,1,1.0,3.0,1,1,0.0,1,6,4,1,3,1,3
0,0,0,0,0.0,1,1.5,0,1.0,2.0,0,3,0.0,1,14,11,5,3,1,4
0,0,0,0,0.0,2,2.4,0,1.0,1.4,0,6,0.0,1,23,17,6,3,1,3
0,0,0,0,0.0,1,0.75,0,1.0,0.75,0,0,0.0,1,11,10,0,1,1,1
0,0,0,0,0.0,1,2.75,0,1.75,5.75,0,10,1.0,3,43,34,21,9,3,7
0,0,0,0,0.0,0,2.5,0,1.0,1.0,0,2,0.0,1,9,6,2,1,1,3
89,55,4,4,1.0,0,1.5,1,1.25,2.0,1,10,0.428571428571429,2,25,18,12,5,2,5
0,0,0,0,0.0,0,0.0,0,1.0,0.5,0,0,0.0,1,5,4,0,1,1,1
2,8,2,2,1.0,2,2.75,1,1.25,2.75,1,10,0.5,2,29,22,12,6,2,5
20,8,2,2,0.5,1,5.33333333333333,2,4.0,3.66666666666667,2,10,2.83333333333333,9,31,21,12,6,6,7
0,0,0,0,0.0,8,3.0,0,2.0,4.0,0,24,1.25,3,84,56,32,8,3,7
0,0,0,0,0.0,2,2.5,0,1.0,3.0,0,5,0.0,1,18,13,6,7,1,3
0,0,0,0,0.0,0,1.0,0,1.0,1.0,0,0,0.0,1,4,3,0,1,1,1
0,0,0,0,0.0,1,1.75,0,1.0,3.0,0,10,0.0,1,24,19,10,5,1,4
0,0,0,0,0.0,5,1.0,0,1.0,1.0,0,0,0.0,1,9,8,0,1,1,1
0,0,0,0,0.0,1,4.08333333333333,0,2.91666666666667,4.375,0,111,1.42307692307692,9,267,195,167,11,5,10
0,0,0,0,0.0,0,1.5,0,1.0,2.0,0,3,0.0,1,11,9,3,3,1,3
0,0,0,0,0.0,2,3.375,0,1.0,1.5,0,9,0.0,1,31,22,9,3,1,3
0,0,0,0,0.0,1,1.88888888888889,0,1.66666666666667,2.33333333333333,0,40,0.6,7,97,69,49,7,6,5
0,0,0,0,0.0,3,0.235294117647059,0,1.17647058823529,1.52941176470588,0,24,0.263157894736842,2,75,57,27,4,2,3
11,3,2,2,0.5,0,0.0,2,1.0,0.0,2,0,0.75,1,7,3,0,0,1,3
0,0,0,0,0.0,0,2.0,0,1.16666666666667,2.0,0,11,0.5,2,30,23,12,4,2,3
80,79,4,4,0.75,7,3.21052631578947,2,1.57894736842105,2.31578947368421,2,45,0.48,6,113,78,63,5,4,6
0,0,0,0,0.0,0,2.25,0,1.0,1.75,0,7,0.0,1,21,16,7,2,1,3
0,0,0,0,0.0,0,0.0,0,1.0,0.375,0,0,0.0,1,10,10,0,1,1,1
408,149,11,11,0.727272727272727,10,3.57534246575342,2,15.1917808219178,3.0958904109589,2,246,0.649350649350649,988,559,388,332,27,19,7
0,0,0,0,0.0,0,2.0,0,1.0,1.0,0,0,0.0,1,4,4,0,1,1,1
0,0,0,0,0.0,0,2.0,0,1.0,0.0,0,0,0.0,1,4,3,0,0,1,1
1,2,1,1,1.0,5,3.61538461538462,1,1.69230769230769,2.38461538461538,1,36,0.875,5,91,62,41,7,5,5
0,0,0,0,0.0,8,8.75,0,1.16666666666667,2.5,0,19,0.285714285714286,2,63,46,24,5,2,4
0,0,0,0,0.0,4,2.0,0,1.45161290322581,2.45161290322581,0,56,0.294117647058824,12,173,131,71,12,5,4
0,0,0,0,0.0,3,6.91666666666667,0,2.33333333333333,4.41666666666667,0,63,1.125,5,118,105,80,9,4,9
0,0,0,0,0.0,5,3.47826086956522,0,2.30434782608696,3.73913043478261,0,88,1.20689655172414,10,226,159,140,15,8,10
0,0,0,0,0.0,0,3.125,0,1.5,2.625,0,31,0.8,3,59,51,34,6,3,6
45,7,1,1,1.0,16,2.21428571428571,1,2.23809523809524,2.45238095238095,1,108,0.46875,25,328,216,180,12,7,7
31,0,1,1,1.0,0,0.0,1,2.0,3.0,1,4,1.0,2,15,12,6,3,2,9
0,8,2,2,0.5,0,2.5,2,2.0,3.0,2,5,1.5,3,23,15,7,5,3,7
42,0,2,2,1.0,1,1.0,1,1.0,1.5,1,3,0.0,1,16,11,3,2,1,3
414,233,13,13,0.615384615384615,5,7.65,2,3.45,3.75,2,138,1.40909090909091,12,241,210,161,10,12,11
0,0,0,0,0.0,0,2.55555555555556,0,4.55555555555556,4.88888888888889,0,61,1.54545454545455,24,117,97,81,15,13,12
12,12,4,4,1.0,6,3.9,1,66.4,6.7,1,96,1.23076923076923,600,197,145,119,21,14,17
0,0,0,0,0.0,1,2.0,0,1.0,2.0,0,1,0.0,1,9,7,1,2,1,3
213,71,4,4,1.0,5,1.125,1,1.0,4.125,1,12,0.0,1,51,42,29,5,1,5
16,9,3,3,0.666666666666667,2,0.4,2,1.0,0.6,2,2,0.0,1,20,14,4,1,1,2
0,0,0,0,0.0,0,2.0,0,1.0,1.28571428571429,0,8,0.0,1,26,18,9,2,1,3
0,0,0,0,0.0,3,2.5,0,1.0,2.5,0,7,0.0,1,23,18,10,3,1,4
0,0,0,0,0.0,4,2.0,0,1.0,3.21739130434783,0,36,0.0,1,104,79,48,12,2,4
74,74,2,2,0.5,3,1.0,2,1.0,0.666666666666667,2,1,0.0,1,14,10,1,2,1,2
83,0,1,1,1.0,0,3.16666666666667,1,4.33333333333333,2.5,1,34,1.25,16,50,59,28,5,5,7
26,12,2,2,1.0,1,5.0,1,57.0,9.2,1,70,2.0,240,147,117,92,16,10,23
17,15,8,8,0.5,7,4.85714285714286,3,12.4285714285714,7.57142857142857,3,132,1.75,120,336,220,241,26,9,21
0,0,0,0,0.0,4,2.0,0,1.33333333333333,4.33333333333333,0,9,0.8,2,33,21,17,7,3,8
0,0,0,0,0.0,4,1.11111111111111,0,1.05555555555556,1.5,0,22,0.454545454545455,2,76,52,29,4,2,4
1,3,1,1,1.0,4,1.42857142857143,1,1.14285714285714,2.28571428571429,1,9,0.3,2,35,23,14,4,2,4
0,0,0,0,0.0,3,1.42857142857143,0,1.28571428571429,3.14285714285714,0,15,0.666666666666667,3,44,34,19,8,3,5
34,2,2,2,1.0,1,9.0,1,1.0,3.0,1,2,0.0,1,9,7,2,3,1,4
0,0,0,0,0.0,1,1.6,0,1.0,1.0,0,5,0.0,1,24,16,9,1,1,3
2,1,1,1,1.0,5,3.22222222222222,1,1.0,2.0,1,12,0.0,1,51,30,21,4,1,4
0,0,0,0,0.0,2,1.0,0,1.0,1.28571428571429,0,6,0.0,1,71,58,40,3,1,3
0,3,1,1,1.0,2,0.0,1,1.0,1.0,1,1,0.0,1,8,6,1,1,1,3
0,0,0,0,0.0,3,1.83333333333333,0,1.0,2.0,0,7,0.0,1,26,19,8,4,1,3
0,0,0,0,0.0,17,8.0,0,2.0,25.0,0,18,1.0,2,62,37,44,25,2,48
0,0,0,0,0.0,0,2.66666666666667,0,1.0,3.33333333333333,0,3,0.0,1,19,11,8,6,1,4
0,0,0,0,0.0,0,0.0,0,1.0,0.0,0,0,0.25,1,4,3,0,0,1,1
3,3,1,1,1.0,3,3.48571428571429,1,3.6,3.6,1,122,0.65,72,301,209,172,14,10,7
6,5,2,2,1.0,0,1.55555555555556,1,1.0,2.11111111111111,1,8,0.0,1,29,20,9,3,1,2
93,0,3,3,1.0,0,1.66666666666667,1,1.0,2.66666666666667,1,4,0.333333333333333,1,16,12,4,4,1,3
1,1,1,1,1.0,1,0.0,1,1.0,2.0,1,1,0.0,1,8,6,1,2,1,3
86,0,2,2,1.0,3,1.66666666666667,1,1.0,2.0,1,3,0.0,1,16,12,4,2,1,3
0,0,0,0,0.0,7,3.33333333333333,0,1.66666666666667,3.66666666666667,0,14,0.875,4,47,33,20,7,4,5
36,0,1,1,1.0,1,0.666666666666667,1,1.0,1.33333333333333,1,3,0.0,1,14,10,3,2,1,3
0,0,0,0,0.0,1,0.333333333333333,0,1.0,4.66666666666667,0,5,0.0,1,25,21,8,11,1,4
0,0,0,0,0.0,1,2.0,0,1.0,1.0,0,0,0.0,1,5,4,0,1,1,1
66,24,4,4,0.75,10,11.5384615384615,2,3.61538461538462,2.61538461538462,2,81,0.933333333333333,11,199,122,143,5,11,9
68,0,1,1,1.0,3,1.33333333333333,1,3.0,5.33333333333333,1,23,1.0,5,54,41,38,9,4,22
0,0,0,0,0.0,4,1.875,0,1.5,2.5,0,16,0.833333333333333,3,50,35,26,5,3,8
0,0,0,0,0.0,1,0.0,0,1.0,2.0,0,1,0.0,1,8,6,2,2,1,4
12,2,2,2,0.5,3,0.909090909090909,2,1.0,1.45454545454545,2,12,0.0,1,26,28,12,3,1,1
0,0,0,0,0.0,1,0.0,0,1.0,1.2,0,4,0.0,1,19,13,4,2,1,2
0,0,0,0,0.0,0,1.0,0,1.0,1.0,0,12,0.0,1,49,34,12,1,1,3
172,2,3,3,0.666666666666667,3,3.0,2,3.5,4.0,2,13,3.25,5,40,31,23,4,6,16
0,0,0,0,0.0,2,1.5,0,1.0,1.5,0,2,0.0,1,10,7,2,2,1,3
0,0,0,0,0.0,1,1.33333333333333,0,1.0,0.666666666666667,0,2,0.0,1,16,13,2,1,1,2
0,0,0,0,0.0,2,2.6,0,2.66666666666667,2.6,0,46,0.4,24,122,89,74,7,7,5
0,0,0,0,0.0,3,1.2,0,1.0,1.4,0,5,0.0,1,28,21,5,2,1,3
0,0,0,0,0.0,3,21.25,0,1.25,2.5,0,5,0.5,2,24,20,7,7,2,3
0,0,0,0,0.0,3,2.69230769230769,0,3.15384615384615,2.69230769230769,0,39,0.866666666666667,24,92,76,46,9,7,6
0,0,0,0,0.0,0,2.0,0,1.0,2.0,0,1,0.0,1,6,4,1,2,1,3
14,6,3,3,0.333333333333333,12,6.52941176470588,3,1.70588235294118,2.50980392156863,3,126,0.5,12,298,208,157,14,9,5
13,4,5,5,0.8,3,7.93333333333333,2,1.06666666666667,1.8,2,22,0.176470588235294,2,64,48,22,4,2,3
0,8,2,2,0.5,2,5.33333333333333,2,1.0,3.66666666666667,2,7,0.833333333333333,1,19,15,7,5,1,4
0,0,0,0,0.0,2,1.0,0,1.0,6.0,0,8,0.0,1,15,13,9,6,1,11
0,0,0,0,0.0,2,3.0,0,1.0,2.4,0,5,0.0,1,20,14,5,3,1,3
0,0,0,0,0.0,8,4.5,0,1.75,5.5,0,37,1.0,3,100,79,52,12,3,9
45,0,1,1,1.0,5,2.6,1,1.2,2.2,1,9,0.0,2,35,27,17,3,2,5
0,0,0,0,0.0,1,0.0,0,1.0,2.0,0,1,0.0,1,8,6,1,2,1,3
0,0,0,0,0.0,0,0.5,0,1.0,1.0,0,2,0.0,1,9,6,2,1,1,3
0,0,0,0,0.0,0,1.0,0,1.0,1.0,0,0,0.0,1,6,5,0,1,1,1
0,0,0,0,0.0,3,1.25,0,1.25,1.5,0,16,0.5,2,33,25,17,3,2,6
0,0,0,0,0.0,1,1.33333333333333,0,1.0,2.66666666666667,0,3,0.0,1,14,10,4,5,1,3
0,0,0,0,0.0,1,1.75,0,1.0,1.75,0,6,0.0,1,21,16,8,3,1,4
1,2,1,1,1.0,5,1.875,1,1.58333333333333,1.83333333333333,1,47,0.333333333333333,12,123,88,53,7,6,4
1,8,3,3,0.333333333333333,5,7.58333333333333,3,1.25,2.33333333333333,3,24,0.357142857142857,2,57,45,23,9,3,4
0,0,0,0,0.0,3,4.26315789473684,0,1.10526315789474,1.47368421052632,0,25,0.142857142857143,3,72,54,28,4,3,3
0,0,0,0,0.0,3,2.66666666666667,0,1.66666666666667,3.33333333333333,0,7,1.0,3,27,18,10,5,3,9
0,0,0,0,0.0,20,3.25,0,1.25,9.0,0,29,0.5,2,60,52,38,24,2,12
138,34,5,5,0.6,1,2.33333333333333,2,2.88888888888889,2.92592592592593,2,138,0.620689655172414,17,264,187,174,15,10,9
58,12,5,5,0.6,12,2.38888888888889,2,9.77777777777778,5.38888888888889,2,88,0.95,136,223,163,132,34,9,10
0,0,0,0,0.0,1,3.19075144508671,0,1.72254335260116,1.30057803468208,0,279,0.274285714285714,30,722,475,302,7,9,4
707,299,7,7,1.0,16,3.29090909090909,1,2.69090909090909,2.69090909090909,1,119,0.788732394366197,70,315,194,132,15,17,5
0,0,0,0,0.0,2,2.6,0,1.0,1.4,0,6,0.0,1,23,17,6,3,1,3
0,0,0,0,0.0,1,1.6,0,1.2,2.2,0,6,0.428571428571429,2,26,19,8,4,2,3
1,1,1,1,1.0,1,1.0,1,1.0,2.33333333333333,1,3,0.0,1,12,8,3,3,1,3
0,0,0,0,0.0,4,1.4,0,1.0,4.2,0,12,0.0,1,36,30,19,7,1,5
10,3,1,1,1.0,3,2.25,1,1.75,2.75,1,10,1.0,4,33,26,12,5,4,5
74,0,1,1,1.0,3,7.5,1,7.5,10.0,1,28,1.6,14,50,43,35,18,14,21
0,0,0,0,0.0,3,0.0,0,1.0,1.0,0,0,0.0,1,4,3,0,1,1,1
0,0,0,0,0.0,0,0.0,0,1.0,1.0,0,2,0.0,1,8,6,2,1,1,3
0,0,0,0,0.0,3,1.0,0,1.75,2.75,0,13,0.714285714285714,2,41,26,21,3,2,9
68,13,3,3,0.666666666666667,3,5.0,2,2.0,7.5,2,13,1.5,3,40,29,16,10,3,14
0,0,0,0,0.0,0,1.33333333333333,0,1.0,1.0,0,3,0.166666666666667,1,14,10,5,1,1,3
0,0,0,0,0.0,5,2.23076923076923,0,1.38461538461538,3.38461538461538,0,25,0.75,4,81,56,38,7,4,6
0,0,0,0,0.0,3,3.2,0,1.0,1.6,0,6,0.0,1,24,18,6,3,1,3
0,0,0,0,0.0,3,4.0,0,1.0,3.8,0,11,0.0,1,33,27,17,5,1,5
0,0,0,0,0.0,2,0.0,0,1.0,1.0,0,0,0.0,1,14,13,0,1,1,1
0,0,0,0,0.0,2,1.5,0,1.0,1.5,0,2,0.0,1,9,6,2,2,1,3
0,0,0,0,0.0,0,0.222222222222222,0,1.0,0.944444444444444,0,0,0.0,1,21,20,0,1,1,1
0,0,0,0,0.0,0,0.0,0,1.0,1.0,0,1,0.0,1,7,5,1,1,1,3
0,0,0,0,0.0,2,0.0,0,1.0,0.5,0,2,0.0,1,11,8,3,1,1,3
0,0,0,0,0.0,2,1.5,0,1.0,1.5,0,2,0.0,1,9,6,2,2,1,3
0,0,0,0,0.0,2,2.71428571428571,0,1.14285714285714,1.57142857142857,0,10,0.333333333333333,2,34,25,11,3,2,3
0,0,0,0,0.0,5,5.23076923076923,0,1.0,5.61538461538461,0,35,0.0,1,83,56,52,12,1,7
43,1,2,2,1.0,0,3.0,1,1.5,2.5,1,12,0.571428571428571,2,32,24,15,6,2,6
0,0,0,0,0.0,2,6.33333333333333,0,1.16666666666667,1.5,0,8,0.375,2,27,19,8,2,2,3
0,6,2,2,1.0,1,0.0,1,1.0,2.0,1,21,0.0,1,88,66,42,2,1,4
0,0,0,0,0.0,2,10.9117647058824,0,7.91176470588235,9.79411764705882,0,567,0.805555555555556,217,471,633,373,217,5,13
0,0,0,0,0.0,3,2.42857142857143,0,1.57142857142857,2.28571428571429,0,17,0.6,5,56,36,26,7,4,4
47,0,1,1,1.0,1,2.0,1,1.25,1.5,1,6,0.5,2,23,13,10,2,2,4
0,0,0,0,0.0,3,1.88235294117647,0,4.05882352941176,2.35294117647059,0,53,0.526315789473684,52,132,92,74,18,12,7
0,0,0,0,0.0,1,6.42857142857143,0,1.0,0.857142857142857,0,0,0.0,1,11,10,0,1,1,1
0,0,0,0,0.0,1,2.0,0,1.0,1.625,0,9,0.0,1,31,22,9,3,1,3
0,0,0,0,0.0,1,4.0,0,1.0,2.0,0,2,0.0,1,9,6,2,2,1,3
0,0,0,0,0.0,0,1.0,0,1.0,1.66666666666667,0,3,0.0,1,14,10,4,2,1,3
0,0,0,0,0.0,7,2.33333333333333,0,1.91666666666667,3.41666666666667,0,59,1.17241379310345,5,173,115,98,8,5,9
27,1,1,1,1.0,2,1.0,1,1.0,0.555555555555556,1,0,0.0,1,15,13,0,1,1,1
60,1,2,2,1.0,5,2.57142857142857,1,1.28571428571429,2.57142857142857,1,11,0.3,2,44,31,23,5,2,7
0,0,0,0,0.0,19,2.0,0,1.0,4.0,0,20,0.0,1,37,35,21,4,1,23
0,0,0,0,0.0,3,0.5,0,1.0,5.0,0,4,0.0,1,17,14,7,6,1,5
0,0,0,0,0.0,1,1.5,0,1.0,1.0,0,6,0.0,1,25,18,6,1,1,3
0,0,0,0,0.0,1,0.0,0,1.0,1.0,0,0,0.0,1,8,7,0,1,1,1
22,6,2,2,0.5,3,1.6,2,4.2,4.5,2,43,1.66666666666667,22,99,88,57,9,8,9
0,0,0,0,0.0,1,2.93181818181818,0,1.0,0.981818181818182,0,216,0.0,1,224,439,216,1,1,1
3,0,1,1,1.0,0,0.0,1,1.0,0.0,1,0,0.0,1,4,3,0,0,1,1
0,0,0,0,0.0,7,2.15789473684211,0,1.10526315789474,3.05263157894737,0,48,0.24,3,140,112,62,18,3,5
0,0,0,0,0.0,0,1.4,0,1.0,1.2,0,6,0.0,1,21,15,7,2,1,3
0,0,0,0,0.0,3,1.57142857142857,0,1.0,1.85714285714286,0,8,0.0,1,28,21,9,4,1,3
46,6,5,5,0.6,3,0.9,3,1.2,1.2,3,13,0.5,3,30,29,13,2,3,2
98,14,4,4,0.5,5,2.58333333333333,2,1.33333333333333,2.16666666666667,2,21,0.444444444444444,2,70,52,22,4,2,4
0,0,0,0,0.0,3,7.33333333333333,0,1.33333333333333,4.66666666666667,0,9,0.6,2,29,24,13,8,2,6
3712,0,1,1,1.0,5,3.49908592321755,1,1828155.06581353,2.63619744058501,1,1337,0.510018214936248,999999999,3155,1966,1612,73,97,5
0,0,0,0,0.0,0,0.0,0,1.0,1.0,0,1,0.0,1,10,5,4,1,1,6
0,0,0,0,0.0,0,1.0,0,1.33333333333333,2.33333333333333,0,5,0.6,2,17,14,5,4,2,3
0,0,0,0,0.0,5,5.6,0,1.8,4.4,0,18,1.0,4,70,53,40,10,5,8
0,0,0,0,0.0,0,1.25,0,1.0,1.0,0,4,0.0,1,15,10,4,1,1,3
0,0,0,0,0.0,0,2.33333333333333,0,1.0,1.66666666666667,0,4,0.0,1,21,12,5,3,1,4
0,0,0,0,0.0,2,3.83333333333333,0,1.0,2.0,0,8,0.0,1,27,20,9,4,1,3
0,0,0,0,0.0,1,2.0,0,1.2,2.0,0,8,0.428571428571429,2,27,18,9,3,2,4
333,91,13,13,0.692307692307692,10,3.64705882352941,4,13808.6176470588,4.55882352941176,4,199,0.756756756756757,460800,375,313,251,31,23,10
0,0,0,0,0.0,1,19.3636363636364,0,1.0,1.90909090909091,0,14,0.0,1,43,31,18,8,1,3
26,6,4,4,1.0,0,0.0,1,0.0,0.0,1,0,0.0,0,11,7,0,0,0,0
0,0,0,0,0.0,3,4.55555555555556,0,1.22222222222222,2.66666666666667,0,17,0.545454545454545,3,51,38,21,7,3,4
0,0,0,0,0.0,3,3.6,0,1.4,1.8,0,9,0.571428571428571,2,31,21,12,3,2,4
56,0,2,2,1.0,4,4.5,1,1.0,4.0,1,4,0.0,1,17,14,6,6,1,5
0,0,0,0,0.0,2,0.0,0,1.0,4.0,0,2,0.0,1,11,9,3,4,1,5
1,1,1,1,1.0,1,4.0,1,1.33333333333333,2.0,1,6,0.6,2,17,14,6,3,2,4
6,4,3,3,0.666666666666667,52,1.0,2,1.0,0.0,2,0,0.0,1,58,57,0,0,1,1
76,68,5,5,0.6,1,3.36363636363636,2,3.72727272727273,3.54545454545455,2,42,0.857142857142857,24,108,80,53,13,6,8
0,0,0,0,0.0,0,2.85714285714286,0,2.14285714285714,3.85714285714286,0,33,1.55555555555556,4,90,65,52,10,4,8
22,2,2,2,1.0,1,2.22222222222222,1,2.44444444444444,3.11111111111111,1,30,0.636363636363636,10,57,51,30,7,6,5
36,0,1,1,1.0,5,1.0,1,1.0,5.0,1,6,0.0,1,30,26,14,9,1,6
0,0,0,0,0.0,13,3.7,0,1.5,5.7,0,40,0.916666666666667,4,109,74,64,19,4,9
84,19,11,11,0.636363636363636,6,6.42307692307692,3,1.61538461538462,3.15384615384615,3,58,0.75,4,160,105,86,10,4,5
0,0,0,0,0.0,1,2.5,0,1.375,2.125,0,15,0.818181818181818,3,44,32,17,5,3,4
38,0,2,2,0.5,0,0.0,2,0.0,1.0,2,0,0.0,0,2,2,0,1,1,0
0,0,0,0,0.0,0,2.0,0,1.25,1.125,0,10,0.3,3,34,23,10,2,3,3
0,0,0,0,0.0,2,2.5,0,8.5,4.0,0,13,3.75,16,38,21,20,7,8,17
46,46,2,2,0.5,2,1.0,2,1.0,1.0,2,0,0.0,1,5,4,0,1,1,1
2,2,2,2,1.0,3,0.125,1,1.0,1.0,1,0,0.0,1,11,10,0,1,1,1
0,0,0,0,0.0,0,2.3,0,1.0,1.7,0,11,0.230769230769231,1,39,27,11,2,2,3
283,283,4,4,0.75,10,2.90909090909091,2,2.09090909090909,4.81818181818182,2,40,1.5,3,101,82,54,13,3,8
0,0,0,0,0.0,7,5.14285714285714,0,1.57142857142857,5.57142857142857,0,18,0.666666666666667,2,62,50,33,8,2,7
203,0,1,1,1.0,0,2.09090909090909,1,1.63636363636364,3.36363636363636,1,70,0.52,9,164,133,89,18,5,6
0,0,0,0,0.0,5,1.95652173913043,0,1.08695652173913,1.56521739130435,0,32,0.296296296296296,2,102,68,46,4,2,5
57,57,4,4,1.0,18,4.0,1,4.26470588235294,2.70588235294118,1,88,0.416666666666667,96,241,171,136,29,8,6
0,0,0,0,0.0,2,5.0,0,1.0,4.5,0,2,0.0,1,11,8,2,5,1,3
0,0,0,0,0.0,0,1.16666666666667,0,1.5,3.66666666666667,0,17,0.875,3,41,35,23,9,3,6
0,0,0,0,0.0,1,2.0,0,1.66666666666667,3.11111111111111,0,25,0.818181818181818,4,64,49,33,5,4,6
0,0,0,0,0.0,0,2.25,0,4.0,4.5,0,38,2.0,13,60,51,43,12,13,13
0,0,0,0,0.0,8,1.5,0,1.0,2.0,0,9,0.0,1,18,15,9,2,1,6
0,0,0,0,0.0,0,0.0,0,0.0,0.0,0,0,0.0,0,3,2,0,0,0,0
0,0,0,0,0.0,4,1.0,0,1.0,8.0,0,6,0.0,1,18,16,10,8,1,12
0,0,0,0,0.0,0,5.66666666666667,0,1.0,2.33333333333333,0,8,0.0,1,25,18,8,3,2,3
0,0,0,0,0.0,1,2.16666666666667,0,1.0,1.16666666666667,0,3,0.0,1,19,15,3,2,1,2
0,0,0,0,0.0,2,1.66666666666667,0,1.0,1.66666666666667,0,6,0.0,1,29,17,12,2,1,4
40,12,2,2,1.0,1,1.71428571428571,1,1.14285714285714,1.28571428571429,1,9,0.333333333333333,2,29,22,9,2,2,3
0,0,0,0,0.0,0,3.0,0,1.0,1.0,0,2,1.0,1,10,7,2,1,1,3
0,0,0,0,0.0,0,3.0,0,1.0,1.25,0,4,0.0,1,17,12,4,2,1,3
0,0,0,0,0.0,0,2.0,0,1.0,0.5,0,0,0.0,1,5,4,0,1,1,1
0,0,0,0,0.0,11,5.0,0,2.0,17.3333333333333,0,36,1.0,2,77,67,58,18,2,22
0,0,0,0,0.0,0,3.75,0,4.0,4.25,0,24,2.0,7,51,42,31,7,5,11
0,0,0,0,0.0,2,1.5,0,1.0,2.25,0,7,0.0,1,28,17,13,6,1,5
60,1,2,2,1.0,5,2.57142857142857,1,1.28571428571429,2.57142857142857,1,11,0.3,2,44,31,23,5,2,7
0,0,0,0,0.0,0,1.0,0,1.0,1.0,0,0,0.0,1,4,3,0,1,1,1
64,10,3,3,0.666666666666667,5,2.05882352941176,2,13.3529411764706,3.35294117647059,2,93,1.14285714285714,194,188,138,110,12,12,11
2,2,1,1,1.0,2,5.83333333333333,1,2.5,4.5,1,30,1.44444444444444,5,61,51,38,8,4,9
0,0,0,0,0.0,0,0.0,0,1.0,1.0,0,0,0.0,1,6,4,0,1,1,2
1,1,1,1,1.0,11,7.91836734693878,1,3.59183673469388,4.42857142857143,1,360,1.2156862745098,16,622,488,455,13,17,12
0,0,0,0,0.0,0,2.66666666666667,0,1.0,1.0,0,3,0.0,1,15,11,5,1,1,3
6,0,2,2,1.0,1,0.285714285714286,1,1.0,1.0,1,0,0.0,1,10,9,0,1,1,1
0,0,0,0,0.0,0,2.26315789473684,0,7.0,2.68421052631579,0,82,1.0,103,184,128,120,11,20,9
0,0,0,0,0.0,3,5.33333333333333,0,1.33333333333333,3.66666666666667,0,8,0.6,2,33,23,13,5,2,8
0,0,0,0,0.0,3,4.0,0,9.0,8.0,0,18,1.0,9,42,34,26,8,5,33
0,0,0,0,0.0,1,1.0,0,1.0,2.0,0,6,0.0,1,21,15,6,2,1,3
36,14,8,8,0.5,4,5.18181818181818,3,1.13636363636364,1.86363636363636,3,32,0.208333333333333,2,88,68,33,5,2,3
18,26,1,1,1.0,4,2.25,1,2.0,2.41666666666667,1,40,0.933333333333333,4,99,74,44,6,3,7
14,2,2,2,0.5,0,2.0,2,1.0,1.66666666666667,2,3,0.0,1,13,11,3,2,1,2
0,0,0,0,0.0,1,4.75,0,16.25,7.5,0,46,2.16666666666667,32,96,75,55,17,8,19
0,0,0,0,0.0,0,0.5,0,1.0,1.0,0,4,0.0,1,17,12,4,1,1,3
0,0,0,0,0.0,2,1.0,0,1.5,7.5,0,4,0.75,2,18,15,6,12,2,5
42,0,1,1,1.0,0,2.0,1,2.0,7.0,1,22,1.25,2,34,33,28,7,2,30
0,0,0,0,0.0,2,1.5,0,1.0,1.5,0,2,0.0,1,9,6,2,2,1,3
0,0,0,0,0.0,14,1.88888888888889,0,2.55555555555556,3.11111111111111,0,23,0.818181818181818,12,71,57,27,6,5,5
0,0,0,0,0.0,5,6.0,0,2.75,8.5,0,28,1.375,4,80,66,43,12,3,14
0,0,0,0,0.0,1,2.28571428571429,0,1.28571428571429,3.0,0,17,0.9,2,52,42,22,10,2,5
0,0,0,0,0.0,3,2.0,0,1.0,2.25,0,6,0.0,1,21,16,7,4,1,3
0,0,0,0,0.0,1,3.23529411764706,0,1.52941176470588,3.94117647058824,0,46,0.45,4,130,97,72,12,4,6
0,0,0,0,0.0,1,3.25,0,1.25,2.25,0,39,0.375,2,102,59,79,4,2,21
0,0,0,0,0.0,2,3.2,0,1.0,1.4,0,6,0.0,1,25,19,8,2,1,3
0,0,0,0,0.0,3,4.11111111111111,0,1.88888888888889,3.77777777777778,0,32,0.909090909090909,5,78,61,39,8,5,7
56,56,2,2,0.5,1,1.0,2,1.0,0.0,2,0,0.0,1,6,5,0,0,1,1
0,0,0,0,0.0,1,29.0,0,1.875,2.375,0,26,0.6,4,275,47,246,4,3,33
0,0,0,0,0.0,1,2.44444444444444,0,1.22222222222222,2.0,0,15,0.363636363636364,2,45,33,17,5,2,4
32,28,2,2,0.5,2,7.82352941176471,2,1.0,0.882352941176471,2,0,0.0,1,21,20,0,1,1,1
0,0,0,0,0.0,0,0.0,0,1.0,1.0,0,7,0.0,1,36,26,21,1,1,2
3,3,1,1,1.0,0,5.38461538461539,1,3.15384615384615,3.23076923076923,1,63,0.733333333333333,10,121,97,75,8,9,8
52,0,1,1,1.0,1,2.0,1,1.25,1.5,1,6,0.5,2,27,13,14,2,2,5
197,1,3,3,0.666666666666667,3,3.0,2,4.5,6.0,2,21,4.25,6,53,42,33,8,7,22
9,0,1,1,1.0,0,1.0,1,2.0,2.0,1,3,1.0,2,7,7,3,2,2,5
232,90,2,2,1.0,11,2.8,1,4.95,4.6,1,100,1.18181818181818,36,213,170,122,14,7,9
0,0,0,0,0.0,1,0.0,0,1.0,1.0,0,1,0.0,1,6,5,1,1,1,3
0,0,0,0,0.0,0,1.66666666666667,0,1.66666666666667,2.0,0,7,0.8,2,24,18,8,3,2,5
4,4,1,1,1.0,4,4.33333333333333,1,5.70833333333333,5.04166666666667,1,193,1.27272727272727,53,411,328,279,17,25,11
0,0,0,0,0.0,2,4.66666666666667,0,3.33333333333333,3.58333333333333,0,90,1.21428571428571,14,140,117,101,7,14,11
0,0,0,0,0.0,1,2.33333333333333,0,1.33333333333333,1.33333333333333,0,4,0.6,2,18,13,4,2,2,3
38,1,2,2,1.0,5,4.0,1,2.0,3.71428571428571,1,20,0.888888888888889,5,62,40,34,5,5,7
0,0,0,0,0.0,1,2.0,0,1.0,1.5,0,4,0.0,1,17,12,4,2,1,3
0,0,0,0,0.0,1,1.33333333333333,0,1.33333333333333,1.0,0,5,0.6,2,19,14,5,1,2,4
0,0,0,0,0.0,1,0.0,0,1.0,2.0,0,1,0.0,1,7,5,1,2,1,3
18,20,2,2,0.5,14,4.125,2,1.625,7.0,2,37,0.7,4,119,103,70,13,4,11
18,2,2,2,0.5,2,0.714285714285714,2,1.0,1.14285714285714,2,7,0.0,1,18,18,7,2,1,1
0,0,0,0,0.0,0,2.5,0,1.0,2.0,0,2,0.0,1,13,10,4,2,1,4
204,36,6,6,0.666666666666667,10,3.90196078431373,2,1.98039215686275,3.49019607843137,2,141,0.568965517241379,12,364,238,203,12,7,7
0,0,0,0,0.0,1,0.0,0,3.0,7.0,0,6,1.0,3,20,16,11,7,3,14
405,52,5,5,1.0,30,6.11111111111111,1,3.77777777777778,8.66666666666667,1,48,1.72727272727273,10,211,96,150,14,6,20
0,0,0,0,0.0,2,1.33333333333333,0,1.0,2.33333333333333,0,5,0.0,1,16,12,5,5,1,3
0,0,0,0,0.0,1,1.0,0,1.0,6.0,0,8,0.0,1,23,18,10,6,1,9
77,24,6,6,0.333333333333333,6,2.55555555555556,4,55.6666666666667,7.33333333333333,4,91,1.81818181818182,485,206,147,122,41,18,20
0,0,0,0,0.0,0,2.5,0,1.75,2.5,0,17,0.5,4,46,32,18,5,3,4
0,0,0,0,0.0,3,3.6,0,1.0,1.4,0,5,0.0,1,22,16,6,2,1,3
0,0,0,0,0.0,3,4.75,0,1.25,2.25,0,8,0.5,2,37,22,10,4,2,6
0,0,0,0,0.0,3,2.57142857142857,0,3.28571428571429,6.14285714285714,0,47,1.66666666666667,8,104,72,61,11,5,13
0,0,0,0,0.0,2,4.0,0,1.0,3.5,0,6,0.0,1,14,11,6,5,1,5
0,0,0,0,0.0,1,1.66666666666667,0,1.0,2.0,0,3,0.0,1,18,14,4,2,1,3
0,0,0,0,0.0,1,0.0,0,1.0,0.5,0,1,0.0,1,10,7,2,1,1,2
2,2,1,1,1.0,5,1.9,1,2.2,3.5,1,36,1.0,8,90,66,42,8,4,7
21,11,1,1,1.0,5,4.0,1,2.0,6.25,1,30,1.33333333333333,3,58,52,35,13,4,12
34,0,1,1,1.0,1,2.0,1,1.0,1.5,1,2,0.0,1,13,8,4,2,1,4
0,0,0,0,0.0,1,1.57142857142857,0,1.57142857142857,2.28571428571429,0,14,0.888888888888889,3,46,28,20,4,3,5
0,0,0,0,0.0,2,2.6,0,1.0,1.4,0,6,0.0,1,23,17,6,3,1,3
0,0,0,0,0.0,4,4.77777777777778,0,1.33333333333333,3.0,0,18,0.363636363636364,3,49,35,23,6,3,4
0,0,0,0,0.0,5,7.0,0,2.5,9.0,0,14,0.75,4,46,40,24,16,3,16
0,0,0,0,0.0,0,0.5,0,1.0,1.0,0,1,1.4,1,7,5,1,1,1,2
0,0,0,0,0.0,1,2.09090909090909,0,2.0,3.36363636363636,0,32,1.15384615384615,5,84,61,44,9,5,6
0,0,0,0,0.0,0,2.0,0,1.0,2.0,0,2,0.0,1,10,7,2,2,1,3
0,0,0,0,0.0,1,5.28571428571429,0,1.0,2.28571428571429,0,11,0.0,1,41,25,19,6,2,4
13,4,1,1,1.0,0,3.71428571428571,1,1.28571428571429,3.0,1,18,0.666666666666667,3,41,31,20,4,3,5
0,0,0,0,0.0,1,3.3,0,2.2,3.9,0,41,0.75,6,111,81,66,14,5,9
0,0,0,0,0.0,4,0.08,0,1.0,1.0,0,0,0.0,1,28,27,0,1,1,1
53,1,2,2,0.5,1,2.0,2,1.25,1.75,2,6,0.5,2,27,14,13,3,2,5
0,0,0,0,0.0,8,7.5,0,2.0,6.5,0,13,1.0,2,40,34,21,9,2,13
0,0,0,0,0.0,2,6.16666666666667,0,1.0,2.0,0,6,0.0,1,69,22,50,3,1,10
50,16,4,4,0.5,1,3.0,2,3.0,5.5,2,14,1.5,5,32,27,19,8,4,12
0,0,0,0,0.0,3,3.5,0,1.3125,2.0,0,34,0.526315789473684,2,86,70,34,4,2,4
7,6,1,1,1.0,5,5.8,1,2.1,2.2,1,29,0.416666666666667,10,59,51,27,5,6,4
14,0,2,2,1.0,0,0.0,1,1.0,1.0,1,1,0.0,1,6,4,1,1,1,3
0,0,0,0,0.0,0,4.0,0,1.0,2.66666666666667,0,3,0.0,1,15,11,4,3,2,3
0,0,0,0,0.0,7,1.0,0,1.0,6.5,0,7,0.0,1,35,29,18,12,1,11
0,0,0,0,0.0,2,1.33333333333333,0,1.0,3.33333333333333,0,7,0.0,1,24,20,12,6,1,5
0,0,0,0,0.0,1,3.0,0,1.33333333333333,3.33333333333333,0,6,0.6,2,18,14,5,5,2,4
0,0,0,0,0.0,0,2.0,0,1.0,0.5,0,0,0.0,1,5,4,0,1,1,1
18,1,1,1,0.3850977286019252,1,1.540390914407701,0,1.1283659095339738,2.2567318190679515,0,5,0.2310586371611551,1,12,9,5,2,1,5
61,1,2,2,1.0,5,2.6,1,1.6,3.0,1,13,0.625,2,47,34,27,6,2,9
61,1,2,2,1.0,5,2.6,1,1.6,3.0,1,13,0.625,2,47,34,27,6,2,9
66,9,3,3,1.0,5,5.453387693299338,1,2.0946316488710814,3.7740096710852105,1,12,1.209038652430196,3,31,21,15,7,3,6
45,19,5,5,0.7035998947951376,6,10.48274869324326,2,11.005043626801791,3.41666666666667,2,112,1.109902711285312,192,236,178,140,9,8,9
0,0,0,0,0.0,1,0.3032648227362902,0,1.0,2.0,0,5,0.0,1,11,9,5,2,1,6
32,3,2,2,0.696029796674973,1,2.784119186699892,0,1.232009932224989,2.4640198644499844,0,5,0.4176178780049838,1,14,10,5,3,1,4
222,120,5,5,0.7149694149553175,9,4.726094658381322,2,2.0833065043467665,3.77762073401249,2,68,1.0842222796479497,6,170,120,91,10,5,7
16,15,0,0,0.0485882468853842,5,2.7490122827674,0,2.127157081123087,3.9402885948620874,0,138,0.8799701079154463,8,308,234,166,13,6,6
42,6,3,3,1.0,3,3.486676302265561,1,1.33333333333333,2.948340560032499,1,5,0.6,2,19,13,7,3,2,4
166,161,4,4,0.5016576916492894,8,4.170218627385784,2,1.9049011093232715,3.785765689731856,2,65,1.0392196097774116,8,167,128,89,12,6,7
163,248,3,3,0.5233473358727541,16,4.702321467622387,2,3.1799012456495266,6.0239811330193405,2,76,1.392957968083366,12,162,125,103,16,12,10
47,5,3,3,1.0,2,3.481670347636263,1,1.33333333333333,2.493890115878754,1,5,0.6,2,16,11,6,3,2,4
26,5,3,3,1.0,2,2.537711546786738,1,1.33333333333333,2.4559602614053744,1,5,0.6,2,16,11,6,3,2,4
580,144,14,14,0.7354397793734986,18,4.221209341058561,1,2.9590098381120757,5.169490005631929,1,159,0.9693732508238608,12,339,285,210,21,6,8
1408,1255,20,20,0.777777777777778,19,4.451842540987806,3,12.178567285603249,5.852251426035596,4,233,1.4041808129859406,172,443,365,308,22,10,12
127,18,2,2,0.6487579580064453,6,3.213309080361311,1,1.7449863577032356,4.032076133232264,1,21,0.5283073272958105,3,55,44,29,8,3,6
190,129,8,8,0.7601625489159117,5,3.336227028591593,2,2.4861976672422257,4.965519202201898,2,98,0.8273367042972358,12,235,175,140,14,7,10
13,1,0,0,0.2935918442644933,2,4.52980611680163,0,1.0978639480881631,2.19572789617633,0,5,0.176155106558696,1,16,11,5,3,1,3
207,273,4,4,0.4863829396770368,16,4.809361155478514,3,9.764444737521558,7.184853505529304,3,78,1.5516319909395964,37,166,128,107,18,12,12
273,92,9,9,0.5721329576073735,5,3.4192874017804895,2,2.424530559305697,5.570411730976169,2,105,0.6755483801701678,13,239,193,143,17,7,9
285,66,8,8,0.9409210304800462,9,5.302553139476439,1,2.3143436645590594,3.9961106767874344,1,76,1.0684809401579125,6,183,119,99,8,5,7
33,5,3,3,1.0,2,3.9132405525564713,1,1.33333333333333,2.33333333333333,1,5,0.6,2,16,11,6,3,2,4
581,294,16,16,0.6116271457918647,26,4.188088513647937,2,7.763844640573603,6.410545925513744,2,247,1.0507779327435922,133,521,423,375,31,9,13
98,83,6,6,0.8126895368359,6,3.549338131213297,2,11.881346862856576,4.036293682928753,2,114,1.1297875794094103,213,249,186,152,12,8,11
61,1,2,2,1.0,5,2.6,1,1.6,3.0,1,13,0.625,2,47,34,27,6,2,9
159,64,7,7,0.6236181245709904,4,3.402695532550932,2,8.832827313574326,4.786233520805528,2,108,0.8328960863899277,154,240,184,142,14,9,9
42,5,3,3,1.0,2,3.2980331227422965,1,1.33333333333333,2.33333333333333,1,5,0.6,2,16,11,6,3,2,4
119,25,2,2,0.6021036652819495,7,3.775577242967416,1,1.8774756016616605,3.9488455140651766,1,23,0.6335086387734958,4,59,47,30,8,4,6
53,29,4,4,1.0,2,1.9453198007288353,1,1.3406663105454926,4.494341702180856,1,17,0.6073329772121623,2,43,38,24,7,2,8
0,0,0,0,0.0,3,3.370823243440702,0,8.282053274633107,5.310024215742321,0,16,1.3240096862969284,22,35,28,19,10,5,9
47,5,3,3,1.0,2,3.624417047360056,1,1.33333333333333,2.5414723491200197,1,5,0.6,2,16,11,6,3,2,4
44,5,3,3,1.0,2,3.8433634335985514,1,1.33333333333333,2.63533935338638,1,5,0.6,2,16,11,6,3,2,4
0,0,0,0,0.0,1,2.0031693302681735,0,1.0,2.0,0,5,0.0,1,13,10,5,2,1,5
718,490,18,18,0.5940809573881023,36,4.18799099904818,2,11.922502974893783,6.951308252386699,2,352,1.0192753773972985,247,763,584,556,37,12,16
61,1,2,2,1.0,5,2.6,1,1.6,2.813760792747016,1,13,0.625,2,47,34,27,5,2,9
38,5,3,3,1.0,2,3.3901928462767703,1,1.33333333333333,2.33333333333333,1,5,0.6,2,16,11,6,3,2,4
245,236,6,6,0.7212459527863401,2,2.3377351522594667,2,3.1944645261953246,3.6593704652915378,2,42,1.713169309626816,5,76,70,47,7,5,9
26,17,2,2,0.5908332605690108,2,2.0758334060976593,0,5.69777855393055,5.62138905867231,0,19,1.1728334352033851,14,42,37,25,10,4,10
1315,785,49,49,0.4799575931185318,75,4.511461432727689,3,40.9702736902153,4.772177901151888,3,1100,1.0469460769853751,2656,2260,1767,1550,25,39,12
123,21,2,2,1.0,6,4.12316944028733,1,1.390396180035916,3.122942458803089,1,20,0.652972330791955,3,62,43,25,6,3,4
152,26,4,4,0.9746572229513796,3,1.9401149264681783,1,1.2062140854786911,3.498872109372438,1,14,0.3798297477031537,2,42,33,19,5,2,4
877,532,33,33,0.4811820776885667,58,4.256195411408731,2,52.32919261467061,5.4106706951628425,2,793,1.019954255069984,2455,1605,1269,1101,24,32,12
27,5,3,3,1.0,2,2.545100854419805,1,1.33333333333333,2.3756868375506257,1,5,0.6,2,16,11,6,3,2,4
124,22,3,3,1.0,7,4.31678498087549,1,1.421233632886451,3.158392490437745,1,19,0.7156673579430971,4,58,39,24,7,4,4
151,226,4,4,0.5,16,4.7820991555671055,3,2.797115251701532,5.74822921402278,3,76,1.2230873559590048,11,171,130,105,16,11,9
238,82,9,9,0.6514760122208195,5,4.799687484670139,2,2.1948034291227425,5.206298388118677,2,89,0.6815595702068967,11,214,160,121,14,7,8
39,23,5,5,0.8754219048362,5,3.741572822431407,1,1.4848551025184298,2.805571327668919,1,23,0.4609116406656656,2,74,53,29,6,2,4
117,24,3,3,1.0,7,4.061005557010149,1,1.4755934689944803,3.2377751934899397,1,21,0.7140819249965379,4,63,44,27,7,4,4
61,1,2,2,1.0,5,2.6,1,1.6,3.0,1,13,0.625,2,47,34,27,6,2,9
719,382,14,14,0.858305431581827,22,3.6110186449174777,2,2.226481597922645,4.176640184445709,2,143,1.1179521453001209,8,343,247,187,13,7,8
1219,758,17,17,0.8979189159133572,19,4.1466234654496565,1,2.795955924751606,3.885262479574103,2,179,0.9297209818904196,26,377,309,237,20,12,7
37,28,3,3,0.2819989655013949,11,3.012172118420815,1,2.4274438364794855,4.073254544646971,1,211,0.9083895066072892,12,461,354,268,13,7,7
169,168,11,11,0.6800676687548677,24,3.7586675406343577,3,2.6587441415934014,3.994513661181667,3,304,0.8474314927878678,20,648,504,387,13,8,7
210,35,5,5,0.8018110940403099,5,3.1901625343458915,2,3.3168847497788247,3.6543219477315474,2,129,0.9666091716177684,31,249,187,152,14,6,8
28,29,3,3,0.6290750870752988,15,3.732657310071058,2,44.97080527297051,4.91641357523854,2,166,1.1378622668625462,1158,305,256,200,16,13,11
2,0,2,2,0.4513623513725029,5,4.375395568291141,1,4.584761370308886,3.550302028795869,1,28,0.7342229711510253,12,82,57,38,9,3,6
61,1,2,2,1.0,5,2.6,1,1.6,3.0,1,13,0.625,2,47,34,27,6,2,9
45,44,1,1,0.1354161256310371,6,2.9997600699001556,0,2.0824516515629674,3.911279738347523,0,124,0.9107514421844932,8,281,214,151,13,6,6
383,341,5,5,0.5330884335013423,5,3.5061571517061596,2,23.132305984279043,7.86986576678988,2,65,2.4446318415665353,83,123,107,81,14,9,18
43,21,4,4,0.7347445925167817,5,3.6714401540116697,2,19.67786343024322,3.5819854702093012,2,127,1.2403598021911657,384,257,197,158,11,10,10
1,0,0,0,0.016900495610305,5,2.9450063297670175,0,2.1715543726835578,3.942836011706868,0,144,0.8652495832484354,8,321,243,173,12,7,6
145,0,2,2,1.0,4,2.2288250773285823,1,1.1541219066844324,3.695906362778022,1,16,0.3175265131126659,2,47,36,22,6,2,4
252,43,6,6,0.774225447509061,6,3.3503732974328675,2,3.348053066107876,3.980566750698956,2,131,0.9834457118096712,29,255,200,159,15,6,8
139,6,2,2,1.0,4,2.7682816331786766,1,1.221035204147333,3.5275270123146973,1,17,0.4114761244323108,2,51,39,23,6,2,4
111,0,2,2,1.0,4,2.3298070603036645,1,1.3298070603036645,3.422176468275519,1,14,0.4329097069346377,2,47,35,24,6,2,6
209,151,10,10,0.7433215971788965,26,3.801607734075624,3,4.539445760272914,4.7642512702373425,3,331,0.9961070242599084,61,715,552,456,19,8,10
439,377,6,6,0.4658183434931161,7,3.824008326995028,2,32.830298510314975,9.7557827401705,2,68,2.618188673787758,122,134,114,90,16,11,21
63,49,5,5,0.7812803622705744,6,3.628999081197817,2,16.533546341952626,3.7258435807033616,2,122,1.213213006032657,314,254,192,156,11,9,11
664,331,16,16,0.7390259637772274,25,4.102457479534199,2,1.7934315952639202,3.3592586744078488,2,228,0.5893699730928917,10,505,374,263,10,6,5
577,382,19,19,0.5224387917125439,52,5.3721396049410925,3,18.76319343510461,7.443009421745348,3,545,1.0371976565747356,914,1156,877,868,40,14,17
286,133,6,6,0.8867324589059105,8,4.686613039683776,1,2.857195710893495,3.8852854763108224,1,67,1.4680967965701694,5,150,104,84,7,5,8
347,91,8,8,0.6055601460454207,24,4.596791396834144,2,86.66108785112714,8.83697081940944,2,93,1.1452030955649055,677,294,179,226,38,11,28
58,2,1,1,1.0,4,2.7715119334798626,1,1.590973056132639,2.9593787525968747,1,13,0.6488693227261952,2,46,34,26,6,2,8
54,37,4,4,1.0,9,2.707586017300898,1,2.4491032207610828,4.789172309515491,1,26,1.0631682144051229,8,75,58,41,10,4,7
1386,1154,22,22,0.777777777777778,17,4.532321418425021,2,8.579924886949705,5.301467773650421,4,201,1.1782765867953082,115,401,328,270,21,8,10
432,96,11,11,0.635923584754185,22,4.55445276553142,2,48.49333799479712,7.460485595729216,2,121,1.1833800935861143,373,295,230,219,33,9,20
1131,1008,18,18,0.6943485255991532,27,4.283017764166411,3,14.749610007093034,6.753414386850207,3,308,1.4059441240836672,247,610,487,443,29,12,15
162,183,4,4,0.5,11,4.287324095316887,3,2.1850601771697757,4.419666552239788,3,68,1.0989049241702755,9,168,128,94,14,7,7
168,155,6,6,0.7415102455057769,7,3.626718773753354,2,2.382547009991836,4.345076201712759,2,87,0.9912379313835952,10,213,158,125,13,6,9
512,263,28,28,0.4026580517230819,88,7.424853331408033,3,36.68294194808597,7.485730007548275,3,1041,1.0503469328451118,2603,2164,1642,1614,39,22,16
212,33,5,5,0.7964815916682819,4,3.1859467454301504,2,3.3168836320421806,3.6568934863992206,2,129,0.9611491626919272,31,249,187,152,14,6,8
410,388,18,18,0.4882525813461091,24,3.908987237260777,3,1.947677568549492,3.2665905857698747,3,244,0.4976867171526439,16,505,394,265,10,8,5
1513,559,46,46,0.523506732485913,93,6.037312624362393,3,9.51469569813476,7.569246964300447,3,1787,0.8783639680465082,383,3410,2663,2616,44,17,15
46,5,3,3,1.0,2,3.932118662801716,1,1.33333333333333,2.653090399227013,1,5,0.6,2,16,11,6,3,2,4
340,84,7,7,0.6069325730013759,31,4.927504332463315,2,112.4001242042648,9.603536675936263,2,108,1.3065597192543434,1082,324,200,259,43,13,32
18,5,4,4,0.7604877145840032,4,4.669434299363839,2,1.0141115305057138,1.725496688205564,2,25,0.0386533226895622,1,84,57,29,5,1,3
35,5,3,3,1.0,2,2.4913912763624415,1,1.33333333333333,2.33333333333333,1,5,0.6,2,16,11,6,3,2,4
223,98,8,8,0.5501203244082781,3,3.317784717322246,3,2.1615427795568456,5.354132232655403,3,93,0.6280109333639571,12,223,172,127,15,7,8
431,241,7,7,0.5284325959591939,20,4.571932140493564,2,79.53162935300153,10.456840715703862,2,81,2.0276370261318215,546,231,150,180,32,12,30
216,232,13,13,0.6088784911250613,24,3.7857330611366047,3,2.4746708426699215,3.787622046511677,3,289,0.7445531035040069,19,609,475,353,12,8,7
49,18,4,4,0.5511987533933235,5,13.577251280161155,1,2.784255092206477,3.5101705746978,1,106,0.9444272662456928,13,236,176,133,9,7,7
35,6,3,3,1.0,2,4.0,1,1.33333333333333,2.767184982571303,1,5,0.6,2,17,12,6,3,2,4
91,36,3,3,0.2213915191096521,4,2.8595143669913066,1,2.167437551938616,4.581093341488219,1,126,0.7513981869575966,9,286,218,157,14,7,7
38,5,3,3,1.0,2,3.3597501634203595,1,1.33333333333333,2.5386166993507397,1,5,0.6,2,16,11,6,3,2,4
28,7,3,3,0.9270187301735288,12,3.586849992684429,1,2.2124515152927753,3.7775637304066065,1,29,0.3908268620723959,11,88,64,40,13,4,5
0,0,0,0,0.0,1,0.2151940464172114,0,1.0,2.0,0,5,0.0,1,11,9,5,2,1,6
47,5,3,3,1.0,2,3.625387385373529,1,1.33333333333333,2.5417957951245103,1,5,0.6,2,16,11,6,3,2,4
561,354,17,17,0.6376600487970208,24,4.024254251028182,2,1.8557798559227208,3.321801008433928,2,234,0.5523103895092935,12,505,382,264,10,7,5
93,34,4,4,1.0,7,3.390821906830428,1,1.8400793138290672,3.9020800397207136,1,22,0.942702078566617,4,65,48,32,7,4,5
14,11,1,1,0.1116190124090826,7,2.7683971057331904,0,2.261129479406005,4.0027261656052975,0,171,0.8808117735580657,9,378,288,212,13,7,6
271,242,5,5,0.4756209736870676,8,4.034668085874682,3,14.285954363644828,6.182210961492451,3,67,1.6114443767751363,54,158,124,91,14,8,12
125,23,4,4,0.9185327864592852,7,4.317717667825551,1,1.5349635706007905,3.3761047366880157,1,18,0.7457306114786398,4,54,37,23,7,4,4
273,256,3,3,0.6901895824668102,3,3.0686440032833224,1,3.7662065144243377,4.099376823860558,1,59,2.03245562748816,6,105,94,66,8,6,10
416,208,15,15,0.5635441256171903,18,4.0724592086295885,2,2.9102825912738903,4.865455318543435,2,179,0.8559020319160362,16,361,311,218,19,7,8
24,20,2,2,1.0,2,4.935615388684632,1,1.703359444699006,1.3418427543763325,1,33,0.4650643526434831,8,104,71,58,3,3,5
431,96,11,11,0.6354602782370262,23,4.5786516213122495,2,51.50497291218029,7.573496746953088,2,120,1.191025377304997,397,296,228,221,34,9,20
228,87,8,8,0.5701659409850108,3,3.2349328170066136,2,2.2587844859905237,5.410594848836689,2,98,0.6062450741204326,14,231,177,133,15,7,8
8,20,0,0,0.575474177875879,2,4.815103597403283,0,5.899973714515683,4.180176528408193,0,17,1.5130603110281002,15,45,36,21,10,5,7
124,22,3,3,1.0,7,4.294885981961593,1,1.417251996720288,3.1474429909807964,1,19,0.7064789667904127,4,59,40,24,7,4,4
130,104,7,7,0.8006850455088237,6,7.844385664336494,2,2.7465215943974957,4.211453922061025,2,99,0.9633057368638526,13,231,170,137,12,7,9
182,110,4,4,1.0,4,4.203667951329561,1,1.7454150608380443,3.1018339756647806,1,10,0.8942493329634961,2,31,22,12,4,2,5
221,64,7,7,0.6666270070561051,3,3.214053798376508,2,2.7097712884008343,4.663125981878859,2,111,0.7575135640955583,21,239,181,141,15,7,8
226,36,5,5,0.7908016128077398,5,3.244137293725071,2,3.338586491520052,3.7548715914781474,2,130,0.9726547494469996,31,251,192,155,14,6,8
887,537,11,11,0.8970392965864601,22,3.4283004852552734,1,3.089071217493759,4.013898053534435,1,161,1.229162928441515,27,335,273,211,18,14,9
25,5,3,3,1.0,2,2.3980157269601396,1,1.33333333333333,2.33333333333333,1,5,0.6,2,16,11,6,3,2,4
241,124,12,12,0.7534581510581555,30,3.9491675263749895,3,3.5236505269149445,4.592175408319741,3,470,0.9774991041304608,55,971,754,648,17,8,9
520,463,13,13,0.6736636541594523,16,3.1957911347892964,3,9.69079572828056,5.984799419550913,3,81,1.7377463779584306,38,189,146,116,17,10,13
269,265,3,3,0.6897871002917221,2,2.953031463484561,1,3.7449475608590648,4.046968536515439,1,54,2.0237025690373183,6,93,87,59,8,6,10
375,137,23,23,0.3950493037641043,92,8.123985119899439,3,32.35552215107423,8.271732054045529,3,1099,1.0327195393913773,2341,2261,1708,1733,44,17,17
27,15,3,3,0.7363336307613377,5,3.6882959272273688,1,20.82018789485752,3.4265038116742095,1,130,1.288396201950639,408,261,199,161,11,10,10
2,0,0,0,0.0755543686047427,3,2.835089946681409,0,10.961127431684789,6.494730159955783,0,22,1.8111140784881432,29,48,38,26,13,7,12
47,5,3,3,1.0,2,2.8943355911387867,1,1.33333333333333,2.33333333333333,1,5,0.6,2,16,11,6,3,2,4
29,7,13,13,0.6019379921972405,53,2.077660343774795,3,1.1359056016058915,4.071188648460229,3,55,0.0438083990524485,2,88,84,57,4,1,56
630,371,17,17,0.5993330290037369,30,4.186427576085742,2,9.472647403426617,6.663008434967683,2,288,1.043618140591119,180,616,487,447,34,11,14
653,484,19,19,0.5544539964688615,34,4.133020509704316,3,10.705683742058492,6.485973329091497,3,341,0.945089075405874,219,731,563,520,34,12,15
394,98,7,7,0.6204287269090342,32,5.0988190722971956,2,117.60799162467735,10.140708556621682,2,91,1.3950685885263066,917,314,179,259,46,12,35
34,5,3,3,1.0,2,4.0,1,1.33333333333333,2.395177172470353,1,5,0.6,2,16,11,6,3,2,4
1314,544,39,39,0.5372130516041558,79,5.5790464201674155,3,10.204806574334658,7.448696446729078,3,1433,0.916283870598488,352,2758,2151,2109,43,16,15
61,1,2,2,1.0,5,2.6,1,1.6,3.0,1,13,0.625,2,47,34,27,6,2,9
176,177,12,12,0.6695962987556328,24,3.762648666541932,3,2.6316684022158405,3.964081526423567,3,302,0.8322988881563236,20,642,500,382,13,8,7
26,7,3,3,0.8742114306440232,9,3.945699596305387,1,1.7083818379656763,2.8930414632873886,1,27,0.2283428635200712,7,84,59,33,9,2,4
227,83,8,8,0.5855068411378319,3,3.2316122758479944,2,2.3305081750167003,5.291719475358118,2,101,0.6303023948146295,15,232,178,134,15,7,8
176,71,7,7,0.6070695192603559,3,3.362674925830316,2,7.217818525911985,4.965566366110567,2,105,0.7722178669176007,119,237,182,139,14,8,9
263,254,3,3,0.7321730232050507,2,3.0960839533170454,1,3.506526744471591,3.9039160466829546,1,47,1.8838290234233337,6,82,77,52,7,6,10
287,59,9,9,1.0,11,6.9882229751143345,1,2.2986975086315904,3.843899775484389,1,70,1.1134139731931036,5,171,107,92,7,5,7
275,53,12,12,1.0,12,9.612279708517976,1,2.232317136955401,4.001045145166798,1,64,1.0569854468781037,5,162,101,86,7,5,7
273,55,7,7,0.9501229503281716,9,5.0120782315068535,1,2.582718581692472,3.728917295190589,1,87,1.0989178371938633,11,194,130,109,8,5,7
753,455,18,18,0.6602801097822049,34,4.206877252968416,2,10.244428852380858,6.381227693194345,2,329,0.9647247516677812,208,721,546,508,33,11,14
61,1,2,2,1.0,5,2.6,1,1.6,2.996202056800269,1,13,0.625,2,47,34,27,5,2,9
1301,1044,14,14,0.8694705948692061,22,4.083681106545829,2,11.06388014919892,5.276418757666715,2,246,1.42161849367235,156,462,385,318,21,14,12
128,103,7,7,0.7974962321265036,6,8.035464907967517,2,2.7505700009524414,4.1925428722632665,2,99,0.9632636865774924,13,231,170,137,12,7,9
262,251,3,3,0.741195679752668,2,3.1265354191652537,1,3.4557743013912443,3.8734645808347463,1,46,1.8540542568161968,5,80,74,50,7,5,10
197,77,4,4,0.6977589379240947,6,3.4808139871590544,2,2.843054556127234,3.684105049319198,2,107,0.9916589262852216,23,221,167,131,13,6,7
39,7,3,3,1.0,3,4.0,1,1.33333333333333,3.2640906589368948,1,5,0.6,2,19,13,7,3,2,4
254,267,3,3,0.6430687919738356,5,3.1758729023336,2,3.760550307739768,4.437671839680015,2,61,1.983583818182032,7,110,98,70,10,7,10
805,292,32,32,0.4409604740673388,93,7.394974902800717,3,23.969489687023547,8.023907323024723,3,1375,0.9736801339494918,1629,2727,2093,2092,44,17,16
141,118,7,7,0.8230981391232287,6,6.501354115668102,2,2.7180667103305116,4.344373312017758,2,99,0.9636012941422842,12,233,171,140,12,7,10
273,55,7,7,0.9509085748169364,9,5.021638741158489,1,2.5787904592486477,3.7294368881064384,1,86,1.0996099349577753,11,194,129,109,8,5,7
25,21,2,2,1.0,2,4.656253770546892,1,1.6509769631206068,1.6023398851894366,1,32,0.4604859351522558,8,98,68,55,3,2,5
143,2,2,2,0.9512764533397832,4,2.2913479517263724,1,1.2263832228460831,3.758368923168764,1,16,0.3316703053291408,2,48,38,23,6,2,4
125,22,4,4,1.0,7,4.323506135487252,1,1.4224556609976802,3.161753067743626,1,19,0.7184874228151649,4,58,39,23,7,4,4
21,6,4,4,0.7768609954810323,4,4.578504114382125,2,1.008263930185346,1.6942120264915983,2,24,0.0226359826815989,1,81,55,27,5,1,3
127,18,2,2,0.6600248005153059,6,3.1789720365247836,1,1.725671770545189,4.021882323343295,1,21,0.5209838796650512,3,55,44,29,8,3,6
0,0,0,0,0.0,2,4.253735335356952,0,1.0,2.0,0,5,0.0,1,16,11,5,2,1,3
129,16,2,2,0.6946008393670815,5,3.073597441928895,1,1.6663985610850018,3.990599240572641,1,20,0.498509454411397,3,54,43,28,7,3,5
167,163,4,4,0.5,9,4.062898827718179,3,1.907437809103224,3.817043148502517,3,65,1.0425769526853157,8,167,128,89,13,6,7
2,1,0,0,0.0709635176855523,5,2.7127411962201182,0,3.951287636781544,3.905441719153874,0,144,0.9037668555393612,46,317,241,173,12,7,6
121,24,2,2,0.5456433383930668,6,3.527563159183037,1,1.9217542770404568,4.125370312882466,1,23,0.5953318300445066,3,57,46,31,8,3,6
50,35,5,5,0.936137272481917,6,3.1712820477591355,1,1.8751681802408984,3.7358174962407977,1,23,0.8319499985006026,3,71,53,34,7,3,6
44,28,4,4,1.0,2,1.7377905317761295,1,1.4120235670714558,4.6833126776497345,1,17,0.6007682774299876,2,43,39,25,8,2,8
165,147,8,8,0.8701979170633736,7,3.407614590994756,2,2.6649774539308826,4.633716154524273,2,111,0.9654884623310656,12,261,193,159,14,7,10
88,36,4,4,1.0,7,3.266115439342076,1,1.907902129480627,4.025692590827588,1,22,0.9852432711796024,4,66,49,33,7,4,6
159,85,2,2,0.6840813939151004,5,3.7893875959434022,1,2.0,3.7371434141981017,1,17,0.7630610454363252,3,42,34,22,6,3,7
248,223,3,3,0.8505181593405602,2,3.49549878777439,1,2.8408353537093496,3.50450121222561,1,28,1.493290074176152,4,52,48,31,5,4,8
22,5,2,2,0.9022630761006452,14,3.7065247804050263,1,2.363287308094513,4.092442849505989,1,33,0.4731921006815404,13,96,70,48,14,4,6
34,14,2,2,1.0,12,2.622811102048908,1,2.391195261841344,4.8904451515433625,1,28,0.6103282377635395,12,77,60,41,14,4,7
138,7,2,2,1.0,4,2.816533461784376,1,1.2270666827230452,3.5131184801616064,1,17,0.420076566105086,2,52,39,23,6,2,4
38,7,3,3,1.0,3,4.0,1,1.33333333333333,3.08570786277101,1,5,0.6,2,19,13,7,3,2,4
21,16,1,1,0.1621051882132289,8,2.8406313558537857,0,2.3104109571712677,4.023624798800426,0,183,0.8889834760015367,10,402,308,228,13,7,6
1276,462,42,42,0.4914049187837618,95,6.593982130208441,3,14.755419380627307,7.751612348604069,3,1679,0.908811170596278,846,3239,2516,2485,44,17,15
61,1,2,2,1.0,5,2.6,1,1.6,2.636482441219476,1,13,0.625,2,47,34,27,5,2,9
61,1,2,2,1.0,5,2.6,1,1.6,3.0,1,13,0.625,2,47,34,27,6,2,9
40,42,2,2,0.5172676280049933,24,3.725614453068359,2,66.52022704394156,6.351034027589235,2,200,0.968630085916632,1840,348,309,236,22,16,10
53,14,3,3,1.0,3,2.179560290168822,1,1.4798743686196614,3.750785196127109,1,14,0.6137382220580934,2,44,35,25,6,2,9
265,75,8,8,0.8037642216118326,7,4.56778452053958,1,2.270257547422849,4.53983945480071,1,83,0.8958103147077515,8,199,140,111,10,6,7
202,189,4,4,0.4919788701970214,8,4.046721272776754,3,5.971666038596041,4.576726466136555,3,65,1.2280152825818176,23,164,126,89,13,6,8
116,0,2,2,1.0,4,2.30327543430952,1,1.30327543430952,3.4636321338913696,1,14,0.4140473790794255,2,47,35,24,6,2,5
79,30,6,6,0.653659220396933,5,14.395635262644005,2,2.8316537142609084,3.663343594139125,2,97,0.9172631155818672,14,219,163,125,9,7,8
61,1,2,2,1.0,5,2.6,1,1.6,2.6571966728211343,1,13,0.625,2,47,34,27,5,2,9
315,62,13,13,0.914825225613383,13,8.975642692751642,1,2.499706744132049,4.462022235432356,1,81,1.0457364130908475,7,188,137,110,11,5,7
635,468,15,15,0.6420842791326907,24,3.7962606878378105,2,2.490410777566506,3.344789605197551,2,234,0.6967299641803536,24,472,380,266,13,12,6
75,23,5,5,0.6801496901497056,5,14.591771966423297,2,2.9588011150511653,3.4382020513965235,2,101,0.9620570393647327,16,221,164,127,9,6,8
60,47,2,2,0.5105133507643747,26,3.8735424893898864,2,74.51069466589014,6.8206784341304045,2,195,1.0019626308238196,1865,351,305,243,25,16,13
236,41,5,5,0.859806173708176,6,3.912985182692093,1,3.03430246479245,3.669183977320222,1,112,1.0193530577905354,23,227,164,135,11,5,7
25,14,3,3,0.6954277452268549,5,3.62832038974082,1,19.7831150094229,3.4559481447400926,1,131,1.264749807698316,386,264,202,162,11,10,10
750,458,18,18,0.6539536592461661,35,4.205072351441489,2,10.404797264179898,6.4357085487469465,2,331,0.9699379881354206,211,725,550,512,33,11,14
44,5,3,3,1.0,2,4.0,1,1.33333333333333,2.8625051818956706,1,5,0.6,2,17,11,6,4,2,4
454,386,6,6,0.4479401858671194,7,3.9084826217778623,2,35.40770310446679,10.25699688921532,2,69,2.6643143204628292,132,137,116,93,17,11,22
40,7,3,3,1.0,3,3.886883047886411,1,1.33333333333333,3.2484956192481382,1,5,0.6,2,19,13,7,3,2,4
46,5,3,3,1.0,2,4.0,1,1.33333333333333,2.675573614332553,1,5,0.6,2,16,11,6,4,2,4
61,1,2,2,1.0,5,2.6,1,1.6,2.749708318302448,1,13,0.625,2,47,34,27,5,2,9
28,7,3,3,0.9258715705866218,12,3.5946454635136376,1,2.2015013555995724,3.7583488073259153,1,29,0.3872971402665284,11,88,64,40,13,4,5
218,288,6,6,0.5436801009732493,19,4.625599134515005,3,3.007386529631545,6.048632675204116,3,80,1.3193778739427788,13,178,135,112,17,12,10
61,45,5,5,1.0,7,2.5988319078525395,1,2.3185982894230532,4.729357549318894,1,24,1.1902106751645618,5,70,54,39,8,4,7
29,6,2,2,0.9953336879409568,17,3.12030079673553,1,2.883032283306644,4.956669959451744,1,33,0.6085958336264754,17,95,70,49,17,5,6
162,183,4,4,0.5,11,4.2862732981757405,3,2.183760302187765,4.4168449673237475,3,68,1.0986411870606525,9,168,128,94,14,7,7
37,13,3,3,0.4158269429793896,5,10.88342582455997,1,2.62901894004702,3.619792312478647,1,116,0.9243665115350306,12,257,193,143,10,7,7
1300,782,48,48,0.4796363005710635,73,4.506867208214686,3,39.67414317476547,4.979253724772224,3,1060,1.047358098515394,2531,2181,1704,1500,27,38,13
316,299,3,3,0.6136064085541519,4,3.1257097195816335,2,11.524432110790734,5.612544336184359,2,60,2.236895465930288,37,109,98,71,11,8,13
681,478,14,14,0.6767133291003231,24,3.7867222723831193,2,2.568965131767877,3.3609315390439507,2,231,0.7317632288074896,25,467,377,266,14,12,6
122,25,3,3,0.7121110046234882,7,3.996617118303204,1,1.7643211059739,3.766012546822301,1,21,0.6861858667183138,4,56,42,27,8,4,5
27,5,3,3,1.0,2,2.395763743270173,1,1.33333333333333,2.33333333333333,1,5,0.6,2,16,11,6,3,2,4
58,43,5,5,0.9777605035387698,6,2.780320984617983,1,2.14274609417781,4.373544857790432,1,23,1.0863141882924798,4,70,53,37,7,3,7
383,232,7,7,0.7100714881662054,9,4.797583502185201,2,20.531179592767852,7.332857599324333,2,71,1.940160550400075,75,158,115,95,12,8,15
1424,1365,17,17,0.7772731713436705,20,4.339456352250594,3,16.359833293403387,6.4967866334103395,3,269,1.674467003864569,238,489,408,352,22,11,14
410,382,9,9,0.7020892905337248,11,2.941417419750734,2,3.277243222243392,4.490295808629038,2,71,1.7811963851964758,10,153,124,94,13,8,11
317,116,22,22,0.3888281367769237,92,8.22276923422232,3,33.49186670457174,8.305313403095239,3,1062,1.0407196404049637,2437,2197,1656,1685,44,17,17
19,30,1,1,1.0,2,5.948491918181327,1,1.4237635832536144,2.2069361246412647,1,14,1.0910097558197662,2,46,35,19,7,2,3
221,36,5,5,0.823505249355421,5,3.471227902208831,1,3.215807086556225,3.645175429467871,1,123,0.9873736720512042,28,241,178,146,13,5,7
21,7,2,2,0.233859798589291,5,7.262378546384177,0,2.4203500951214174,3.767146141359757,0,129,0.8974007921740543,10,286,216,157,11,7,6
45,5,3,3,1.0,3,3.0052734943127715,1,1.33333333333333,2.587288454067907,1,5,0.6,2,18,13,6,3,2,4
138,9,3,3,1.0,5,3.101770302554153,1,1.268507832748472,3.509276693936694,1,16,0.495496194839025,2,49,36,22,6,2,4
47,5,3,3,1.0,2,3.037827451525458,1,1.33333333333333,2.3459424838418164,1,5,0.6,2,16,11,6,3,2,4
193,254,3,3,0.5624784299206175,13,4.203400018512129,2,3.369687051781663,5.505494136885152,2,71,1.5860046987194911,10,145,116,92,14,10,10
105,29,3,3,1.0,7,3.7346974594838263,1,1.653059276421078,3.561220939283574,1,21,0.8253956034899222,4,64,46,29,7,4,5
162,219,5,5,0.5657004359052699,18,5.719246877278742,2,2.954169078169224,6.033647134467188,2,77,1.246331415293206,11,171,126,106,16,11,9
182,137,8,8,0.8035735515840638,6,3.3570474284670015,2,2.548940223623525,4.847068008316128,2,99,0.8791063472306844,12,236,175,142,14,7,10
293,62,8,8,1.0,11,5.797588824820893,1,2.3288168030891945,3.772596955952101,1,72,1.1390177376339072,5,175,110,94,7,5,7
69,9,3,3,1.0,5,5.728729669292822,1,2.2388583982010015,3.979742542183639,1,13,1.3244200518941314,3,34,23,17,7,3,6
145,0,2,2,0.9849394133538196,4,2.1887560735883573,1,1.1686752913934493,3.72791195934654,1,16,0.3097893813200173,2,47,37,23,6,2,4
2,0,0,0,0.0431599119505761,1,0.1150930985348697,0,1.0143866373168586,2.0143866373168584,0,5,0.0258959471703456,1,11,9,5,2,1,6
313,99,7,7,0.9377960649703264,10,5.442803136463545,1,6.237666988695846,4.528049895020241,1,72,1.3139179641887424,20,172,111,95,8,5,8
27,7,3,3,0.90554022181726,11,3.7328062199236194,1,2.007429390073846,3.4177987154391047,1,28,0.3247391440531074,9,86,62,37,11,3,5
126,23,4,4,0.9964823980596502,7,4.438972619203896,1,1.448352891044829,3.228866581442881,1,18,0.7682160763633604,4,54,35,22,7,4,4
55,20,5,5,0.6174689568430677,5,14.89599231239615,1,2.860249727684173,3.4565061164694755,1,101,0.954247850693562,14,225,168,128,9,7,7
192,159,6,6,0.5307696824667403,10,4.02416149891196,3,2.581384817476939,5.884975103103689,3,89,0.893156746943528,13,204,156,122,16,10,9
557,495,15,15,0.7346976650835952,18,3.051418252838009,2,2.7331163945905046,4.797534986114311,3,85,1.477829609058238,13,204,156,124,17,9,10
168,157,5,5,0.6788383084361942,8,3.737243196716645,2,2.255960214141145,4.20089728317587,2,81,1.0038916939157396,9,201,150,115,13,6,8
138,8,3,3,1.0,5,2.99582853127598,1,1.2546258075465049,3.531926314003062,1,16,0.4738975621057613,2,49,36,22,6,2,4
989,550,12,12,0.8718941848356284,27,3.8455402669576433,1,6.041742582474055,4.597806531304082,1,255,1.0505851652479457,103,527,423,358,25,16,10
196,123,8,8,0.7297993820880726,5,3.3216645159569067,2,2.442313338626888,5.048368091650584,2,98,0.7911272134218004,12,234,175,139,14,7,10
50,32,8,8,0.8403820343217413,25,2.3586046171908923,2,1.806860388679513,4.448255771488614,2,36,0.767015431213854,3,76,65,46,6,2,27
130,15,2,2,0.7078428440384499,5,3.0332408562637725,1,1.6436979816483706,3.978618379203307,1,20,0.4899021513750076,3,54,43,28,7,3,5
27,5,3,3,1.0,2,2.498069982515015,1,1.33333333333333,2.366280663169668,1,5,0.6,2,16,11,6,3,2,4
1307,950,26,26,0.7619076132140943,14,4.6443236932695156,2,3.836069692292483,4.61926531271094,3,140,0.8657850539945693,20,319,255,197,19,6,7
28,7,2,2,0.943807362081554,14,3.472763607673076,1,2.372706638051197,4.058773314866029,1,30,0.4424841910201657,13,90,65,42,14,4,5
45,5,3,3,1.0,2,2.650137161358856,1,1.33333333333333,2.33333333333333,1,5,0.6,2,17,12,6,3,2,4
5,3,2,2,0.7032454053696948,5,5.1695740540744595,1,1.117837162093612,1.8329108108809529,1,32,0.1648930147202439,2,100,68,45,6,2,4
21,2,1,1,0.4556567527857129,2,4.408257435410715,0,1.151885584261903,2.3037711685238103,0,5,0.2733940516714278,1,16,11,5,3,1,3
356,77,10,10,0.864333070643406,12,5.0770756294640975,1,2.7472913998316555,4.524422477673105,1,98,1.1147881229902596,9,215,168,131,13,5,8
184,76,15,15,0.4139739503548967,73,7.074866864909673,2,44.76328582140795,7.840056335202454,3,790,1.028075167710766,2391,1628,1236,1240,38,17,16
518,408,14,14,0.7163128474535642,18,3.224298305824484,2,2.876620011352531,4.9924813018510985,2,94,1.4189132932225168,13,216,173,135,18,9,10
34,18,5,5,0.8927396809879965,3,3.1593727729170515,1,1.1545661349799925,3.0488235215689476,1,20,0.2782190429639893,1,60,46,24,6,1,5
121,23,2,2,0.8233238859869736,7,4.011545478386107,1,1.6120113368156317,3.4769090432277907,1,22,0.6519436571655813,4,61,45,28,7,4,5
581,361,22,22,0.4877545915250257,47,4.082408067127339,2,58.63353623814768,5.797161350837437,2,588,1.002070204463155,2279,1168,936,801,24,26,11
1450,525,45,45,0.5099597382816834,95,6.299355508820519,3,11.366237235052392,7.651454955079989,3,1790,0.8849506263321381,558,3427,2671,2630,44,17,15
3,1,3,3,0.6700806923111781,5,5.171516155200423,2,1.04639975274601,1.8982386771911377,2,31,0.1270949749129785,1,99,67,43,6,1,3
119,26,2,2,0.5068946277601986,6,3.6456544677784457,1,1.9881806381253735,4.160428670121728,1,23,0.6205184919558709,3,58,47,31,8,3,6
166,29,5,5,0.7597548952026328,5,7.015457138295737,2,3.2075673808415592,3.565349253911614,2,120,0.9651187780206144,26,240,180,144,12,6,8
43,6,3,3,1.0,3,3.285204844874508,1,1.33333333333333,2.7972369669892094,1,5,0.6,2,18,13,6,3,2,4
80,41,4,4,0.8452361918568361,7,2.910435008313597,1,2.197277823918195,4.544782495843199,1,24,1.0373654513845527,4,65,52,36,8,4,7
42,5,3,3,1.0,2,3.6896583661782474,1,1.33333333333333,2.6045983399023185,1,5,0.6,2,16,11,6,3,2,4
1407,1250,20,20,0.777777777777778,19,4.4557755842710565,3,12.002699818690722,5.825334351474908,4,231,1.3931407596480914,169,440,364,306,22,10,12
240,86,8,8,0.6278297508199521,4,3.625278427011648,2,2.213707181811174,5.2372939640113785,2,93,0.6743213827286885,11,221,166,125,14,7,8
61,1,2,2,1.0,5,2.6,1,1.6,3.0,1,13,0.625,2,47,34,27,6,2,9
38,7,3,3,1.0,3,4.0,1,1.33333333333333,3.1558705762564987,1,5,0.6,2,19,13,7,3,2,4
165,147,8,8,0.8701194360144926,7,3.4078811513620533,2,2.665186703819211,4.633414497041948,2,111,0.9655081189945144,12,262,193,159,14,7,10
88,55,7,7,0.4673475605224238,44,5.017350202133776,2,60.65637532854235,7.019335052860292,2,427,0.9912677310380322,2118,838,666,621,28,17,12
218,55,6,6,0.7055014923398599,4,3.205639407622449,2,2.8915221286885195,4.361890792883529,2,117,0.8184758251087195,24,242,183,144,14,6,8
26,32,2,2,1.0,2,4.420316294891072,1,1.3721171309139573,3.17349045981259,1,15,0.922203856823655,2,43,36,20,8,2,5
4,1,0,0,0.0448476777639912,5,3.5011400659394187,0,2.2036025000445782,3.920204869636764,0,142,0.8693910774363685,8,316,240,171,12,7,6
283,58,7,7,0.9732127779000816,10,5.293065551165016,1,2.4672694438329215,3.7441883451720104,1,80,1.119258875769117,8,185,121,102,7,5,7
521,470,14,14,0.7303187553262537,18,2.9943476662367265,2,2.800871003869463,4.781412164301995,2,82,1.5271312020637136,12,196,150,119,16,9,11
143,0,2,2,1.0,4,2.154910616913027,1,1.1549106169130263,3.695452161073387,1,15,0.3085692667116069,2,47,36,23,6,2,4
33,31,3,3,1.0,2,3.4485932698894373,1,1.3584308911252012,3.700410691679674,1,16,0.8085027878093798,2,42,37,21,8,2,6
133,46,5,5,0.9729361901116904,6,3.5937706585018656,1,1.4189446669218166,2.9863319984690997,1,17,0.6824538891015142,3,54,38,22,6,3,4
0,0,0,0,0.0084825804567036,5,2.7774943931642397,0,2.161901219980243,3.94965269299973,0,145,0.864002132020922,8,322,244,174,12,7,6
49,36,4,4,0.7688021113879411,6,3.660646818943625,2,18.381774226307893,3.602507825602551,2,125,1.2463562967367947,355,256,195,158,11,10,11
284,58,10,10,1.0,11,7.589395499656421,1,2.2834897369730656,3.8799018471657942,1,68,1.1004861735807163,5,169,106,90,7,5,7
1257,823,20,20,0.8624201903624493,18,4.302745622094914,1,2.619865734983964,4.015194006728604,2,169,0.8848255348701548,22,363,295,226,20,10,7
155,249,4,4,0.4978510284153288,18,4.969914397814604,3,4.123674156780275,6.4677156897614365,3,79,1.3209959840917227,16,172,130,109,18,12,10
