Del_lines,COMM,ADEV,CountLineCodeExe,DDEV,Added_lines,MAJOR_COMMIT,CountLineCode,CountOutput_Max,CountSemicolon,CountLineCodeDecl,CountStmtExe,CountLine,OWN_LINE,CountStmt,CountLineBlank,OWN_COMMIT,CountStmtDecl,CountOutput_Mean,CountInput_Mean
0,1,1,0,1,33,1,13,1,11,12,0,33,1.0,12,9,1.0,12,1.0,4.77777777777778
0,0,0,3,0,0,0,12,1,4,6,2,17,1.0,8,5,0.0,6,1.0,0.3333333333333326
1,0,0,6,0,1,0,27,3,14,14,6,79,0.5074002432093551,20,8,0.5918367346938775,14,1.8979591836734684,3.697959183673469
4,1,1,5,1,4,1,21,3,11,11,5,77,0.4994588744588744,16,7,1.0,11,1.8124999999999996,3.9166666666666665
0,0,0,3,0,0,0,11,2,6,6,3,17,1.0,9,6,0.0,6,1.5,2.5
1461,4,4,1807,1,1473,1,2620,174,1192,672,1016,3130,0.7739881666952503,1280,66,0.8142857142857146,264,12.297555385790652,4.730519480519482
177,24,24,545,5,420,4,803,26,455,220,391,1042,0.3646833013435699,623,101,0.4166666666666669,232,9.5625,4.395833333333329
2706,6,6,3066,1,4687,1,3133,6,1450,53,1429,3878,0.9805645312871644,1481,713,0.761764705882353,51,1.892301038062284,1.1163101604278056
10,5,5,12,4,12,4,32,4,15,15,9,69,0.942028985507246,22,10,0.4000000000000001,13,2.5,3.5
1269,25,25,551,2,1995,2,718,49,440,170,378,999,0.92992992992993,543,133,0.9200000000000002,165,9.428571428571429,8.142857142857139
11,3,3,108,2,290,2,170,13,95,40,89,279,0.9964157706093189,130,36,0.6666666666666673,41,3.388888888888891,4.388888888888889
21,7,7,48,1,38,1,89,13,51,24,48,143,0.9860139860139864,68,18,1.0,20,5.5,5.25
0,0,0,2,0,0,0,7,1,3,4,1,9,0.7777777777777782,5,2,0.0,4,1.0,7.0
0,1,1,0,1,12,1,13,1,11,12,0,14,0.935483870967743,12,1,0.4516129032258063,12,0.97926267281106,1.0138248847926263
17,6,6,11,1,19,1,27,8,11,13,5,68,0.7647058823529407,17,7,1.0,12,3.799999999999999,3.2000000000000006
0,0,0,9,0,0,0,34,3,17,15,9,85,0.582350830068911,25,9,0.4363636363636364,15,1.9134199134199157,3.9515151515151503
104,5,5,72,2,148,2,88,3,73,71,8,118,0.7100458596521586,79,5,0.5122448979591835,70,1.5816326530612248,0.5102040816326536
269,5,5,117,2,547,2,226,9,90,64,88,278,0.971223021582734,152,48,0.8000000000000005,64,1.666666666666671,8.5
15,1,1,92,1,19,1,162,16,106,60,68,222,0.7358736942070271,131,37,1.0,63,6.13236905544598,4.1628314705237806
31,12,12,0,5,50,5,144,1,140,143,0,478,0.7949790794979077,141,74,0.6666666666666672,141,0.0296296296296295,2.4740740740740685
0,0,0,1,0,0,0,7,1,2,4,1,38,0.9625,5,1,0.0,4,1.5,3.0
0,0,0,3,0,0,0,18,2,9,10,3,66,0.6349281195818983,14,5,0.0114942528735632,10,1.7298850574712643,2.1053639846743297
0,0,0,4,0,0,0,14,1,6,6,3,20,1.0,10,4,0.0,6,1.095959595959596,0.2575757575757575
11,1,1,212,1,495,1,303,29,334,76,319,647,0.978656163230408,391,93,1.0,71,4.249853327640011,3.7695867236593585
255,11,11,187,4,281,4,329,18,148,99,148,433,0.6743648960739032,223,63,0.545454545454545,75,6.200000000000001,4.366666666666669
41,4,4,380,2,82,2,595,30,329,186,282,828,0.6372449797274381,455,128,0.7402777777777771,172,4.3969066015328995,6.971654613242679
344,27,27,168,1,782,1,323,18,186,129,130,416,1.0,250,38,1.0,120,3.702702702702699,2.297297297297299
83,3,3,216,2,121,2,281,18,158,36,174,359,0.5459610027855146,211,35,0.6666666666666672,37,8.85714285714286,9.285714285714285
0,0,0,0,0,0,0,192,1,190,191,0,233,0.3991416309012879,191,2,0.0,191,1.0,1.0
2,2,2,4,2,2,2,11,7,7,7,2,18,0.7777777777777781,9,5,0.5,7,7.0,0.0
0,0,0,0,0,0,0,5,1,3,4,0,35,1.0,4,1,0.0,4,0.5,2.3374999999999995
0,0,0,0,0,1,0,3,0,1,2,0,4,0.8888888888888891,2,1,0.4444444444444444,2,0.0,0.0
1,1,1,0,0,1,0,8,1,5,6,0,66,0.9652777777777776,6,5,0.8888888888888886,6,0.4444444444444433,1.0370370370370363
102,6,6,43,3,6,3,71,20,57,34,31,95,0.8842105263157889,64,21,0.5,33,8.66666666666667,2.66666666666667
0,1,1,99,1,5,1,392,3,195,195,98,528,0.363636363636364,293,99,1.0,195,2.0,1.9690721649484495
0,0,0,1,0,0,0,6,2,2,3,1,37,1.0,4,1,0.0,3,2.0,6.043478260869565
486,13,13,117,4,285,4,213,12,111,74,114,325,0.3630769230769229,175,41,0.384615384615385,61,4.69565217391304,3.478260869565218
0,0,0,18,0,0,0,43,3,19,17,13,84,1.0,30,11,0.0,17,1.5555555555555594,1.5555555555555594
13,7,7,76,1,316,1,230,7,99,91,81,303,1.0,171,46,1.0,90,2.1290322580645196,3.7419354838709697
1,1,1,35,1,1,1,57,12,47,28,24,105,0.3238095238095241,53,16,1.0,29,6.0,1.25
0,0,0,2,0,0,0,12,2,6,7,2,55,0.6264705882352939,9,3,0.0,7,2.0,3.3088235294117636
6,3,3,6,3,7,3,19,5,13,12,5,60,0.5833333333333326,17,8,0.3333333333333328,12,3.5,2.5
0,0,0,242,0,0,0,547,6,327,193,244,729,0.7626886145404658,439,101,0.0,195,2.6736842105263197,1.9894736842105296
195,8,8,51,2,164,2,104,10,50,37,33,212,0.8584650678169191,69,28,0.7797810884767407,35,2.960910973084885,5.074782608695651
7,3,3,163,1,369,1,302,38,293,91,254,362,1.0,346,60,1.0,92,3.108695652173908,5.02173913043478
23,1,1,10,1,3,1,24,7,13,12,5,68,0.7941176470588229,17,9,1.0,12,4.0,1.0
11,3,3,48,1,78,1,102,10,53,36,42,158,0.4939367051168293,76,24,0.9242424242424244,34,5.281385281385275,1.870129870129871
369,8,8,29,1,101,1,72,6,36,31,20,177,0.6711253071253072,53,24,0.7916666666666663,33,2.040143540669856,8.55842105263158
34,7,7,59,4,37,4,107,11,48,36,43,203,0.394088669950739,73,27,0.2857142857142858,30,7.555555555555558,7.222222222222217
27,3,3,70,1,28,1,121,13,79,45,55,182,0.6994548110865322,103,26,0.5921052631578949,47,5.289473684210525,4.965011961722488
33,6,6,16,1,103,1,50,3,25,25,13,152,0.8306308191233391,36,11,0.8030303030303032,23,1.4333333333333336,2.490909090909092
0,0,0,8,0,0,0,26,3,12,11,7,62,0.8735019616051345,19,6,0.0,11,1.7394822006472486,2.456310679611651
103,19,19,328,4,386,4,433,20,310,146,219,535,0.7644859813084107,365,59,0.6315789473684209,146,9.444444444444434,5.88888888888889
0,0,0,136,0,0,0,192,9,109,59,93,236,1.0,154,14,0.0,61,5.285714285714291,4.285714285714292
6,2,2,1,1,8,1,13,1,3,10,1,48,0.7291666666666671,11,4,1.0,10,0.1428571428571429,0.0
0,0,0,0,0,0,0,3,0,1,2,0,16,0.9999999999999996,2,1,0.0,2,0.0,2.571428571428571
4,2,2,24,1,70,1,52,8,32,20,22,66,0.9938862307283356,43,13,0.9192982456140346,20,4.634085213032576,2.2639933166248913
0,1,1,47,1,142,1,87,8,47,32,40,142,1.0,72,20,1.0,32,4.124999999999999,3.4196428571428563
40,11,11,27,5,32,5,82,8,31,37,24,178,0.3595505617977529,51,26,0.4545454545454549,27,2.8421052631578902,1.6315789473684197
143,8,8,222,5,178,5,340,31,198,87,171,455,0.4043956043956039,261,57,0.375,90,6.919999999999999,6.120000000000002
37,7,7,52,2,175,2,147,6,55,62,42,273,0.5668811121461576,93,44,0.6071881606765328,51,2.3846399099774933,2.297543135783943
14,2,2,304,1,14,1,378,7,198,170,122,451,0.8500442393353345,234,32,0.4000000000000003,111,4.167935635792775,4.719427001569854
29,3,3,28,1,170,1,70,4,28,23,26,140,0.9937867887508168,48,15,0.784090909090909,21,1.652024446142091,1.812070282658517
0,0,0,121,0,0,0,124,0,121,123,0,158,1.0,122,5,0.0,122,0.0,0.0
24,3,3,58,2,35,2,130,11,71,47,55,303,0.6171617161716171,101,44,0.6666666666666674,46,2.0714285714285694,7.714285714285713
231,9,9,68,2,426,2,116,16,74,44,52,194,0.8940707964601768,96,30,0.52625,43,6.166666666666666,3.237777777777775
2,2,2,8,1,62,1,22,4,10,8,7,59,0.992559523809524,16,6,0.9107142857142854,8,3.508928571428571,3.3392857142857135
218,20,20,165,6,482,6,271,28,171,82,145,344,0.8953488372093016,233,68,0.4499999999999998,88,5.719999999999999,4.920000000000002
19,7,7,151,4,250,4,196,18,152,42,129,229,0.4235807860262011,169,29,0.5714285714285711,40,6.0,3.375
19,3,3,162,1,30,1,253,16,147,74,119,342,0.8031102659207685,195,48,0.3221649484536082,76,5.393557415256998,3.4658819875683897
0,2,2,8,1,39,1,30,4,14,13,9,39,0.9772727272727272,22,8,0.5454545454545454,13,2.2435064935064903,2.525974025974027
67,11,11,57,4,78,4,140,8,58,55,50,212,0.3301886792452828,93,33,0.4545454545454549,43,3.76190476190476,4.0
0,0,0,0,0,0,0,19,1,17,18,0,24,1.0,18,5,0.0,18,0.785714285714286,1.1428571428571397
75,9,9,122,1,156,1,169,15,108,25,111,236,0.9915254237288136,130,26,1.0,19,10.25,8.375
34,4,4,41,3,142,3,58,2,39,36,13,112,0.925314009661836,47,11,0.4884615384615385,34,1.880000000000004,4.5400000000000045
0,0,0,0,0,0,0,40,1,36,37,0,76,0.7816828478964402,37,7,0.0,37,0.7911111111111114,0.3647619047619047
88,5,5,105,1,109,1,300,8,113,107,103,418,0.9288466478294376,205,95,0.952941176470588,102,2.329695656155559,10.340608687688846
0,1,1,15,1,84,1,69,3,38,38,15,84,1.0,53,15,1.0,38,1.1793650793650812,1.2124135124135145
7,5,5,53,2,14,2,102,15,56,40,38,157,0.6836895414900532,76,19,0.5207792207792202,37,5.41789321789322,2.564502164502165
0,0,0,2,0,0,0,12,2,6,7,2,46,0.8525798525798528,9,3,0.0,7,2.2162162162162167,3.283783783783784
0,0,0,5,0,0,0,21,3,11,11,5,72,0.5307841518956715,16,7,0.0,11,2.0012345679012347,3.8240740740740744
20,8,8,73,3,54,3,138,14,73,59,49,236,0.3820938017005882,96,30,0.5619047619047618,47,5.957983193277312,4.630252100840332
25,7,7,86,4,26,4,166,10,90,67,64,249,0.309709984405394,127,37,0.3499999999999999,63,4.074000000000001,3.9513333333333343
102,6,6,43,3,6,3,71,20,57,34,31,95,0.8842105263157889,64,21,0.5,33,8.666666666666668,2.66666666666667
1,2,2,0,1,38,1,17,1,15,16,0,37,1.0,16,15,1.0,16,1.0,0.0
52,9,9,188,4,103,4,316,15,162,87,146,406,0.6280788177339901,233,49,0.5555555555555561,87,5.081081081081081,2.243243243243239
0,1,1,2,1,78,1,64,2,57,59,2,78,1.0,61,6,1.0,59,1.3333333333333302,1.3333333333333302
0,0,0,2,0,0,0,10,2,5,6,1,34,0.8976710067852556,7,4,0.0,6,1.5365853658536588,2.329268292682927
101,2,2,14,2,107,2,41,6,21,17,14,107,0.94392523364486,31,11,0.5,17,2.1428571428571392,6.428571428571428
34,2,2,0,1,69,1,5,0,1,2,0,34,1.0,3,1,1.0,2,0.8499999999999999,1.6999999999999995
14,1,1,57,1,175,1,120,6,56,35,71,161,1.0,105,32,1.0,34,2.628552971576225,2.7476313522825153
0,0,0,1,0,0,0,8,1,4,5,1,40,0.8776009791921663,5,4,0.0,4,1.0,0.7558139534883718
100,6,6,25,3,111,3,52,7,28,24,19,90,0.822222222222222,39,13,0.5,20,4.285714285714291,2.8571428571428603
0,0,0,6,0,0,0,20,3,7,8,5,54,0.7045454545454544,13,5,0.0,7,1.7693181818181811,1.2306818181818189
3,1,1,42,1,2,1,74,8,48,28,32,140,0.6334032564179392,60,17,1.0,27,4.031914893617021,1.3882978723404256
16,5,5,68,3,15,3,145,15,82,59,52,235,0.446808510638298,113,32,0.5999999999999996,61,4.7058823529411775,3.4117647058823493
6,2,2,14,2,3,2,39,8,22,18,12,81,0.481481481481481,30,9,0.5,18,3.7999999999999985,4.0
10,6,6,44,3,81,3,83,34,51,39,29,202,0.702970297029703,63,23,0.666666666666667,34,11.75,5.0
16,4,4,214,1,504,1,364,11,224,116,178,487,0.9934193548387096,306,49,0.9596774193548386,127,3.4138225078513305,4.756203073979326
92,6,6,94,2,353,2,159,13,89,48,77,260,0.9541351770108794,123,42,0.691287878787879,45,4.703125,4.058779761904762
948,55,55,1435,6,935,3,2024,37,1421,479,1225,2766,0.8199566160520607,1695,527,0.8000000000000005,470,6.112745098039222,5.833333333333332
1,1,1,182,1,1,1,371,14,191,133,148,457,0.9890590809628004,286,56,1.0,138,3.775510204081628,2.367346938775511
0,0,0,5,0,0,0,23,4,13,13,5,72,0.5555555555555561,18,7,0.0,13,2.0,3.0
0,0,0,22,0,0,0,60,14,31,25,21,152,0.4605263157894741,45,16,0.0,24,2.5454545454545494,5.545454545454549
6,2,2,78,1,4,1,105,4,77,15,75,187,0.5508021390374331,89,21,1.0,14,2.700000000000001,0.5
0,0,0,9,0,0,0,20,6,12,7,9,54,1.0,16,7,0.0,7,3.3333333333333295,2.6666666666666705
0,0,0,5,0,0,0,22,3,11,11,5,70,0.5364267657225408,16,7,0.4307692307692308,11,1.7799999999999991,3.855384615384618
3,2,2,36,1,95,1,61,20,43,21,35,86,1.0,56,12,1.0,21,20.0,14.0
100,10,10,65,4,116,4,229,1,75,92,65,304,0.7852736549165116,147,75,0.5431818181818178,82,0.9766388888888892,0.1169999999999999
0,0,0,0,0,0,0,3,0,1,2,0,34,1.0,2,1,0.0,2,0.0,0.0
40,11,11,27,5,32,5,82,8,31,37,24,178,0.359550561797753,51,26,0.4545454545454549,27,2.84210526315789,1.63157894736842
0,0,0,4,0,0,0,21,2,10,11,4,70,0.6106784618210152,15,6,0.2807017543859649,11,1.635964912280701,7.144736842105263
0,0,0,15,0,0,0,24,3,16,19,1,58,0.9958071278825994,20,4,0.0,19,1.3456790123456748,1.0370370370370368
7,1,1,4,1,1,1,22,4,14,14,4,68,0.5588235294117647,18,5,1.0,14,3.333333333333329,3.333333333333329
5,7,7,83,2,280,2,192,9,87,63,81,275,0.7651964414612881,145,67,0.614285714285714,63,2.365754152823922,2.056996677740864
78,12,12,84,3,126,3,160,15,82,59,62,238,0.4237006980068959,115,35,0.6459156785243737,52,5.80869565217391,3.6937198067632826
4,3,3,5,2,54,2,56,2,13,45,4,94,0.8466302984169946,17,8,0.5982905982905987,12,1.066267066267067,3.6573426573426584
7,2,2,197,2,9,2,268,30,163,69,121,328,0.9238786620512036,190,23,0.4734848484848484,69,14.404310484524384,17.883892399935185
0,0,0,0,0,0,0,4,0,2,3,0,33,0.864612188365651,3,1,0.2105263157894736,3,0.7894736842105263,7.684210526315789
5,10,10,5,2,76,2,54,1,52,53,0,70,0.7558323648474732,53,2,0.5979680696661834,53,1.0,1.76986180349593
0,1,1,7,1,26,1,17,5,9,8,4,25,0.9592673992673998,13,4,0.8095238095238096,8,3.647619047619049,2.133333333333334
3,1,1,102,0,4,0,161,31,106,61,72,212,0.9654377880184338,136,18,0.625,63,7.845959595959592,4.391414141414137
66,4,4,45,2,72,2,67,21,40,15,38,135,0.6444444444444439,53,17,0.75,15,9.333333333333334,6.666666666666669
0,0,0,101,0,0,0,187,11,74,52,69,274,1.0,131,47,0.0,62,2.764705882352941,1.5294117647058798
33,2,2,0,1,66,1,3,0,1,2,0,33,1.0,2,2,1.0,2,0.0,0.0
0,1,1,105,1,74,1,168,8,80,45,67,243,0.9341563786008232,116,37,1.0,49,3.25,2.1666666666666705
0,0,0,9,0,0,0,12,0,10,11,0,43,0.6976744186046508,11,1,0.0,11,0.0,0.0
0,1,1,0,1,85,1,12,1,10,11,0,85,1.0,11,10,1.0,11,0.75,0.0
0,0,0,0,0,0,0,4,0,2,3,0,38,0.9029799029799028,3,1,0.0,3,0.5675675675675677,0.6486486486486487
20,8,8,209,4,522,4,377,17,211,140,147,500,0.8979999999999998,286,86,0.375,139,3.7021276595744705,2.9787234042553195
3,3,3,8,1,34,1,23,5,11,10,10,31,1.0,18,8,1.0,8,3.25,3.5
9,6,6,34,2,58,2,95,8,44,39,33,169,0.5857988165680473,70,30,0.8333333333333326,37,1.8260869565217397,10.304347826086996
0,0,0,21,0,5,0,65,2,28,28,18,115,0.9528717984327468,47,21,0.6451612903225806,28,1.2045119122917964,2.162977018764495
42,4,4,32,3,35,3,61,4,31,24,18,102,0.450980392156863,42,14,0.5,24,2.0,4.714285714285708
0,0,0,0,0,13,0,5,0,3,4,0,13,0.9999999999999996,4,2,0.9999999999999996,4,0.6987951807228915,1.6144578313253013
0,0,0,65,0,0,0,141,11,75,50,53,213,1.0,108,47,0.0,55,3.083333333333329,2.5416666666666705
1,1,1,44,1,115,1,84,5,38,30,30,114,1.0,60,19,1.0,30,2.75,2.6666666666666714
1,0,0,19,0,1,0,45,4,21,16,16,85,0.6967318054559012,32,11,0.6315789473684211,16,2.7811194653299927,2.6345029239766116
0,0,0,1,0,0,0,9,1,4,5,1,42,0.9983766233766236,7,5,0.0681818181818181,5,1.465909090909091,1.0
1,1,1,6,1,1,1,23,4,13,12,6,76,0.5131578947368423,18,10,1.0,12,2.5,3.0
0,2,2,26,1,153,1,49,4,15,9,20,153,1.0,29,9,1.0,9,2.4285714285714306,2.8571428571428603
12,3,3,17,2,5,2,60,4,41,38,12,174,0.2988505747126439,49,18,0.6666666666666672,37,1.1999999999999995,5.1599999999999975
5,3,3,63,2,7,2,111,11,66,37,50,181,0.4566607374645449,88,29,0.6666666666666674,38,4.622119815668198,8.265814830330955
6,3,3,13,1,15,1,44,7,24,21,13,109,0.4156021134842892,34,11,0.9134328358208949,21,2.2337420042643927,5.400479744136461
62,2,2,40,1,25,1,75,6,38,20,38,141,0.7267973856209154,59,20,0.6833333333333332,21,3.194871794871796,26.00769230769228
66,8,8,33,2,164,2,69,9,32,24,27,92,0.7393894415917839,51,19,0.7068452380952381,23,3.404166666666667,4.172916666666671
0,1,1,26,0,87,0,52,12,31,22,16,89,0.9791044776119404,39,7,0.9999999999999996,22,6.87704335465529,3.3653162757640356
0,1,1,54,1,1,1,95,13,52,31,39,139,0.9916083916083916,74,11,0.2999999999999999,35,5.187878787878787,2.7151515151515153
0,0,0,0,0,0,0,3,0,1,2,0,34,0.8895113102859578,2,1,0.0,2,0.0985915492957745,0.1126760563380281
20,7,7,73,3,15,3,133,13,62,43,55,229,0.4323144104803488,93,27,0.7142857142857136,38,5.142857142857139,2.3571428571428608
0,0,0,26,0,0,0,72,4,36,33,21,123,1.0,54,24,0.0,33,1.41176470588235,6.294117647058819
0,0,0,4,0,0,0,15,3,7,7,4,49,1.0,11,4,0.0,7,1.7333333333333365,2.241666666666663
0,0,0,67,0,0,0,107,13,57,28,55,152,0.9812709030100336,85,11,0.1304347826086956,29,6.652173913043479,2.7826086956521734
8,2,2,10,1,51,1,39,2,21,21,8,42,0.939437984496124,30,3,0.8062015503875971,21,1.41860465116279,1.1046511627906974
8,6,6,30,3,21,3,58,14,38,26,20,97,0.8585255478456434,47,9,0.4947368421052627,27,6.682894736842102,3.780263157894736
167,6,6,30,1,40,1,60,10,29,21,21,126,0.9504357298474946,41,14,0.9158496732026142,20,5.391176470588237,3.8566176470588234
0,0,0,0,0,0,0,3,0,1,2,0,34,1.0,2,1,0.0,2,0.0,0.0
29,3,3,84,1,241,1,147,10,70,39,71,212,0.9732629119607684,105,30,0.6643518518518523,33,3.016027037595663,3.433685268979384
0,2,2,104,1,32,1,185,7,89,55,81,251,0.4940239043824699,137,28,1.0,56,2.31818181818182,9.5
0,0,0,13,0,0,0,28,4,14,9,12,62,1.0,21,4,0.0,9,3.197163120567373,3.2326241134751785
7,2,2,22,2,3,2,51,13,28,21,18,95,0.378947368421053,39,11,0.5,21,4.799999999999999,4.3999999999999995
9,13,13,35,4,13,4,52,5,48,16,34,93,0.3978494623655909,50,4,0.3076923076923081,16,5.0,1.0
3,2,2,15,2,4,2,39,9,22,17,13,85,0.397085385878489,30,11,0.6333333333333327,17,3.3499999999999996,8.893749999999999
64,13,13,23,4,106,4,50,6,28,29,13,90,0.6444444444444439,36,10,0.384615384615385,23,3.799999999999998,3.4000000000000004
0,0,0,22,0,0,0,53,4,25,18,20,131,0.9956938735564692,37,14,0.0,17,1.88888888888889,2.6666666666666714
18,4,4,74,2,23,2,156,5,81,54,67,319,0.9686520376175554,122,51,0.5,55,1.71875,5.8125
0,0,0,0,0,0,0,4,1,2,3,0,33,0.8827038770053479,3,1,0.0,3,1.0,1.2857142857142858
0,0,0,7,0,0,0,25,3,12,11,7,62,0.8009615384615383,18,8,0.4374999999999999,11,2.109375,5.868749999999999
43,4,4,22,2,34,2,50,6,26,20,18,117,0.5042735042735041,42,10,0.75,24,3.75,6.25
0,0,0,1,0,0,0,9,1,2,3,1,41,1.0,5,1,0.0,3,2.0,1.9285714285714284
1,2,2,18,2,3,2,39,6,19,13,16,104,0.5288461538461541,29,13,0.5,13,3.3333333333333295,5.666666666666669
19,3,3,6,1,16,1,17,3,7,8,3,52,0.695892672858617,11,4,0.9411764705882352,7,2.9215686274509816,0.9215686274509808
0,0,0,9,0,0,0,33,4,17,16,9,105,0.4346600424249187,25,11,0.4615384615384615,16,1.5714285714285698,2.8021978021978016
0,0,0,2,0,0,0,9,5,3,4,2,41,1.0,6,2,0.0,4,3.5,3.0
0,0,0,20,0,0,0,25,1,21,23,0,42,1.0,23,4,0.0,23,1.0,0.0
13,6,6,13,3,20,3,38,7,18,19,11,83,0.457831325301205,26,11,0.5,15,4.333333333333329,2.66666666666667
28,15,15,162,5,98,5,293,14,160,95,141,458,0.3951965065502178,230,79,0.5999999999999996,89,4.243902439024391,6.512195121951217
2,2,2,49,2,102,2,75,9,40,21,34,100,0.9499999999999996,54,11,0.5,20,6.5,5.5
0,0,0,0,0,0,0,3,0,1,2,0,34,1.0,2,1,0.0,2,0.0,0.0
36,12,12,58,5,45,5,98,15,51,36,41,147,0.3129251700680271,72,14,0.5833333333333328,31,7.833333333333332,3.0
11,3,3,9,3,9,3,28,3,12,12,8,79,0.354430379746835,20,12,0.333333333333333,12,2.0,4.142857142857139
0,0,0,0,0,0,0,5,0,3,4,0,37,0.8756578947368423,4,3,0.525,4,0.475,2.525
0,0,0,13,0,0,0,43,3,19,17,13,86,0.7580733442802409,30,13,0.0,17,1.7681577681577705,1.694564694564697
0,0,0,3,0,0,0,14,2,4,7,2,53,0.6415094339622641,9,5,0.0,7,1.0,1.75
5,2,2,26,1,48,1,48,13,28,22,15,90,0.5333333333333331,37,6,1.0,22,8.333333333333329,1.3333333333333302
0,0,0,43,0,0,0,47,2,59,45,43,79,1.0,89,2,0.0,45,1.4894736842105267,0.986842105263158
48,5,5,53,2,66,2,78,8,53,36,30,117,0.630080548607403,66,13,0.7550034506556245,35,3.958592132505176,2.262939958592132
1,1,1,59,1,6,1,73,3,67,39,43,130,0.9846153846153848,85,5,1.0,42,1.6666666666666703,2.6666666666666705
22,7,7,29,3,49,3,63,13,37,35,16,145,0.7172413793103449,48,26,0.5714285714285712,32,4.4,2.7000000000000006
0,0,0,1,0,0,0,8,1,4,5,1,13,0.9508067689885876,6,3,0.4132231404958678,5,1.433884297520661,1.1033057851239676
7,1,1,17,1,7,1,36,8,19,14,10,72,0.8821945619167306,25,5,0.7350427350427345,14,5.247863247863248,3.9059829059829054
6,0,0,47,0,1,0,77,6,28,19,23,120,0.6366267445928805,42,13,0.5138888888888888,19,4.78564814814815,3.606481481481483
0,0,0,14,0,0,0,29,5,15,9,13,63,1.0,22,4,0.0,9,3.3333333333333286,8.81159420289855
0,1,1,0,0,7,0,6,1,4,5,0,7,1.0,5,1,0.9565217391304348,5,1.0,1.0
2,1,1,58,1,3,1,96,13,50,26,42,184,0.75,69,25,1.0,27,7.166666666666666,4.0
3,0,0,8,0,1,0,28,3,16,13,8,80,0.5375253565305061,22,8,0.6354166666666669,13,2.351041666666668,4.149305555555549
65,9,9,25,2,55,2,53,8,25,21,16,108,0.9814814814814824,35,12,0.8888888888888891,19,4.0,4.625
21,2,2,15,1,28,1,39,9,21,19,13,83,0.6506024096385539,32,14,1.0,19,3.75,11.875
0,1,1,2,1,27,1,9,2,5,5,1,27,0.9976452119309264,7,5,0.9897959183673468,5,2.0408163265306114,1.0
4,4,4,24,2,12,2,51,5,27,21,19,139,0.971223021582734,40,14,0.75,21,2.0,3.727272727272733
1,1,1,10,1,1,1,34,5,18,16,10,102,0.343137254901961,26,12,1.0,16,2.0,2.85714285714286
0,1,1,0,1,42,1,6,1,4,5,0,42,1.0,5,4,1.0,5,1.0,1.7000000000000015
0,0,0,2,0,0,0,9,2,3,4,2,41,1.0,6,2,0.0,4,2.0,7.0
1,1,1,30,1,1,1,53,13,37,25,19,96,0.354166666666667,43,11,1.0,24,6.3333333333333295,2.33333333333333
4,5,5,22,3,102,3,64,8,35,37,14,93,0.9784946236559132,46,20,0.4000000000000002,32,4.375,2.375
10,3,3,54,2,11,2,94,16,62,42,34,140,0.8334109972041006,77,21,0.603448275862069,42,6.926108374384235,2.899835796387521
0,0,0,36,0,0,0,79,9,44,38,24,142,0.8001200480192078,64,24,0.0,39,2.550838434921482,18.827521959009864
9,5,5,12,2,41,2,24,3,16,9,11,32,0.838620041039672,20,6,0.6620155038759696,9,3.191860465116279,0.8837209302325582
0,0,0,6,0,0,0,20,3,11,9,6,58,0.6591997766810254,16,6,0.2395833333333333,9,2.132812499999998,2.156076388888887
0,0,0,7,0,0,0,26,4,14,13,7,81,0.5327635327635329,20,9,0.0,13,2.123076923076922,5.446153846153847
0,0,0,0,0,0,0,4,0,2,3,0,18,1.0,3,2,0.0,3,0.0,18.0
0,0,0,4,0,0,0,16,2,6,7,4,50,1.0,11,4,0.0,7,1.5,1.25
0,0,0,6,0,0,0,25,3,13,13,6,76,0.5317454174391967,19,8,0.0,13,1.9272727272727272,3.616161616161619
0,0,0,49,0,0,0,77,12,51,25,34,151,0.721854304635762,61,16,0.0,27,5.800000000000001,3.0
2,4,4,57,2,9,2,95,11,42,26,35,138,0.398550724637681,61,11,0.75,26,6.375,2.25
15,5,5,65,2,207,2,118,11,55,36,46,192,0.9749331785900756,81,27,0.6604460093896712,35,3.028275232086333,3.7135300490727183
17,7,7,79,4,41,4,140,11,67,40,58,212,0.382075471698113,96,26,0.5714285714285711,38,5.333333333333329,2.555555555555559
17,7,7,79,4,41,4,140,11,67,40,58,212,0.382075471698113,96,26,0.571428571428571,38,5.33333333333333,2.55555555555556
0,0,0,9,0,0,0,21,7,10,7,7,55,0.949404761904762,15,6,0.0151515151515151,7,4.939393939393939,2.2727272727272725
1,1,1,30,1,1,1,53,13,37,25,19,96,0.354166666666667,43,11,1.0,24,6.3333333333333295,2.333333333333329
3,1,1,32,1,14,1,73,7,37,29,23,117,0.5555555555555561,52,14,1.0,29,1.8181818181818197,7.818181818181817
0,0,0,1,0,0,0,10,1,4,5,1,44,0.988727074150739,7,3,0.239766081871345,5,1.2651072124756333,1.5409356725146195
4,3,3,55,3,6,3,108,7,54,35,42,164,0.9512195121951224,78,26,0.333333333333333,36,3.882352941176469,1.5294117647058805
0,0,0,6,0,0,0,20,4,11,9,6,55,0.9794798743516694,15,5,0.3076923076923077,9,2.807692307692308,3.5702991452991455
0,2,2,23,1,71,1,65,1,63,64,0,71,1.0,64,3,1.0,64,1.0,2.487179487179489
0,1,1,13,1,11,1,33,4,15,13,11,70,1.0,24,10,1.0,13,1.625,7.875
0,0,0,0,0,0,0,6,1,4,5,0,39,0.8461538461538463,5,2,0.0,5,0.9558823529411764,1.1323529411764703
0,0,0,1,0,0,0,9,1,5,6,0,27,0.9864061172472384,7,5,0.1495327102803738,6,1.8504672897196264,1.0
1,1,1,13,0,1,0,35,4,17,14,12,75,0.9616858237547894,27,12,0.1241379310344827,14,1.9833743842364548,4.490147783251231
0,0,0,1,0,0,0,10,1,6,6,1,41,0.9132545213207236,8,3,0.6142857142857142,6,1.3857142857142857,0.9571428571428569
1,1,1,0,1,1,1,14,1,12,13,0,51,0.9803921568627448,13,10,1.0,13,0.4444444444444441,1.1111111111111105
0,0,0,0,0,0,0,10,0,2,6,0,44,1.0,6,4,0.0,6,0.0,0.0
0,0,0,52,0,2,0,101,9,55,36,41,217,0.67669006405888,78,27,0.1739130434782609,36,3.4130434782608696,3.998517786561264
1,0,0,10,0,0,0,35,5,18,16,10,104,0.458597609329365,26,11,0.4193548387096774,16,1.9205069124423968,3.700748847926265
0,0,0,9,0,0,0,27,3,13,14,6,69,0.5055900621118009,20,8,0.0114285714285714,13,2.014285714285714,1.9619047619047596
0,0,0,0,0,0,0,5,1,4,5,0,44,0.8318780798282608,5,2,0.0,5,0.8780487804878049,1.817073170731708
0,0,0,5,0,0,0,14,2,7,8,2,52,0.5607966457023064,10,3,0.0,8,1.4814814814814812,1.5092592592592595
27,2,2,12,1,54,1,22,1,8,5,8,27,1.0,12,5,1.0,4,1.0,1.0
0,0,0,8,0,0,0,31,4,17,15,8,90,0.5078896186965545,24,9,0.0,15,1.96415770609319,4.464157706093187
0,2,2,9,2,40,2,31,4,15,14,9,40,0.975,23,9,0.5,14,2.14285714285714,2.42857142857143
4,5,5,22,3,102,3,64,8,35,37,14,93,0.978494623655914,46,20,0.4,32,4.375,2.375
15,5,5,25,2,20,2,56,15,27,24,18,107,0.3887974108562345,38,11,0.5861003861003856,19,5.894144144144144,3.3536036036036014
5,3,3,28,2,7,2,59,10,32,25,20,103,0.7926556202418265,44,14,0.5574712643678162,23,4.818965517241378,3.6446360153256694
0,0,0,12,0,0,0,29,4,17,12,11,38,1.0,23,8,0.0,12,2.801282051282051,0.7179487179487181
0,0,0,4,0,0,0,18,3,10,10,4,60,0.5439393939393944,14,4,0.0,10,2.878787878787878,5.727272727272723
1,0,0,8,0,1,0,27,4,14,13,8,77,0.6835161722661725,21,8,0.3851351351351351,13,2.1092342342342336,2.6648648648648643
0,1,1,0,1,103,1,23,1,21,22,0,103,1.0,22,10,1.0,22,1.0,0.0
0,0,0,6,0,0,0,26,3,13,13,6,90,0.4879204436483376,20,8,0.0,13,1.8456790123456812,3.815432098765434
0,0,0,0,0,0,0,7,0,5,6,0,41,0.917928228738954,6,2,0.0212765957446808,6,0.7446808510638298,1.5744680851063817
372,4,4,23,2,48,2,67,8,38,33,20,185,0.924324324324324,52,22,0.75,32,1.6842105263157898,6.47368421052632
4,2,2,7,1,12,1,31,3,15,17,6,83,0.4976848256884497,23,9,0.6751054852320675,16,1.5679324894514763,2.31500904159132
0,0,0,8,0,0,0,25,2,13,11,7,73,0.6745249597423505,19,8,0.0,11,1.965079365079365,2.7597883597883603
0,1,1,1,1,13,1,10,1,6,7,1,13,1.0,8,3,1.0,7,1.0,1.0
2,0,0,5,0,0,0,19,4,8,9,4,24,0.8861855670103098,13,4,0.5721649484536082,9,3.4965635738831615,1.2474226804123705
5,5,5,32,2,29,2,67,8,36,30,22,120,0.6833333333333331,50,10,0.5999999999999998,28,5.666666666666671,4.8333333333333295
0,0,0,10,0,0,0,36,2,14,15,10,71,1.0,25,5,0.0,15,1.8999999999999992,1.5
6,3,3,22,1,10,1,48,4,26,24,18,107,0.8597355309371196,42,17,0.8666666666666668,24,2.721104231166149,4.110644257703079
0,0,0,3,0,0,0,15,2,7,8,3,56,0.7909749751477063,11,4,0.1105263157894736,8,2.018421052631579,2.2578947368421063
7,1,1,3,1,2,1,23,2,15,16,3,73,0.6822591822591821,19,9,0.6794871794871794,16,2.2461538461538466,2.102564102564102
11,5,5,0,1,27,1,10,0,8,9,0,22,1.0,9,4,0.8705882352941177,9,0.3529411764705882,2.1029411764705883
0,0,0,9,0,0,0,25,2,11,12,6,69,0.4782608695652169,18,8,0.0,12,1.3333333333333297,1.0
0,0,0,0,0,0,0,5,1,4,5,0,48,0.9806451612903226,4,4,0.0,4,1.0,0.3548387096774194
0,0,0,0,0,0,0,3,0,1,2,0,13,1.0,2,2,0.0,2,0.0,0.0
13,6,6,13,3,20,3,38,7,18,19,11,83,0.457831325301205,26,11,0.5,15,4.33333333333333,2.66666666666667
0,1,1,0,1,37,1,5,1,3,4,0,37,1.0,4,2,1.0,4,1.0,1.0
7,2,2,22,2,3,2,51,13,28,21,18,95,0.378947368421053,39,11,0.5,21,4.799999999999999,4.3999999999999995
1,1,1,27,1,1,1,59,6,35,25,22,107,0.6146523882372944,49,18,1.0,26,3.132075471698113,2.6603773584905666
3,2,2,17,2,2,2,50,5,24,20,17,95,0.5999999999999998,37,15,0.5,20,2.8333333333333295,1.0833333333333302
0,0,0,0,0,0,0,4,0,1,2,0,6,0.985106382978723,3,1,0.1276595744680851,2,0.851063829787234,0.3936170212765957
1,1,1,9,1,1,1,24,3,11,10,7,60,1.0,17,9,1.0,10,2.25,7.5
0,1,1,0,1,8,1,7,1,5,6,0,8,1.0,6,1,1.0,6,1.0,1.0
0,0,0,9,0,0,0,33,5,18,16,9,97,0.6584465492029539,25,9,0.0266666666666666,16,2.056507936507937,3.8361904761904766
0,0,0,0,0,0,0,19,1,17,18,0,24,1.0,18,5,0.0,18,0.7857142857142864,1.14285714285714
0,0,0,20,0,0,0,36,6,22,17,11,91,0.9670329670329668,28,15,0.0,17,6.0,2.0
0,0,0,21,0,0,0,60,1,23,24,18,110,0.9549549549549552,42,23,0.0,24,1.0,0.7777777777777782
3,1,1,24,0,2,0,49,6,24,17,18,94,0.7308767665774774,35,10,0.3639455782312925,17,3.854956268221575,1.0094752186588924
11,7,7,0,1,42,1,21,0,18,20,0,77,0.9724489795918368,19,8,0.9358600583090372,19,0.4857142857142856,2.004761904761901
0,0,0,2,0,0,0,10,2,4,4,2,42,1.0,7,2,0.0,4,1.7878787878787874,4.287878787878788
85,1,1,346,1,85,1,457,15,1350,95,1311,568,0.9557410420984136,1404,78,1.0,93,2.4599023987028903,2.105961445443873
0,0,0,0,0,0,0,12,1,10,11,0,46,0.9923708920187796,11,3,0.028169014084507,11,0.8143863179074443,1.9975855130784737
0,0,0,7,0,0,0,26,4,14,13,7,81,0.5226337448559668,20,8,0.6666666666666665,13,2.133333333333334,3.4666666666666663
1,0,0,41,0,0,0,78,9,52,38,26,122,0.7477590160516994,66,15,0.564102564102564,39,3.94551282051282,1.4740028490028498
2,1,1,5,1,2,1,23,3,13,12,5,76,0.5065471459851479,18,8,0.9406779661016949,12,2.3220338983050848,3.2881355932203387
6,2,2,110,1,7,1,166,36,111,58,79,217,0.9447004608294932,140,20,1.0,61,9.44444444444444,5.44444444444444
0,0,0,18,0,0,0,34,11,21,13,13,48,0.9443882709807886,27,8,0.7391304347826086,13,8.239130434782608,2.9565217391304346
1,0,0,0,0,0,0,26,1,19,23,0,63,0.9932432432432432,22,5,0.1666666666666666,22,0.8362745098039219,2.6813725490196085
0,1,1,6,1,16,1,13,2,5,4,5,16,1.0,8,3,1.0,3,1.33333333333333,1.33333333333333
1,0,0,10,0,1,0,27,6,12,12,7,64,0.8915804760141618,19,6,0.4786324786324787,12,3.574074074074074,2.057692307692308
0,0,0,11,0,0,0,35,2,18,16,11,75,0.8805231530576171,31,10,0.4202898550724637,19,1.1546772068511189,0.7052700922266134
0,1,1,80,1,1,1,161,10,78,64,55,241,0.302904564315353,119,30,1.0,64,2.2800000000000007,1.3599999999999997
1,1,1,6,1,1,1,23,4,13,12,6,76,0.513157894736842,18,10,1.0,12,2.5,3.0
0,0,0,5,0,0,0,18,3,11,11,2,53,0.9433962264150944,14,4,0.0,12,1.5,1.5
214,23,23,946,5,202,3,1386,39,876,421,769,1931,0.6728969634333315,1184,304,0.6044574383716759,414,9.186658154375207,8.366701242907542
498,41,41,733,5,566,3,1052,31,545,347,534,1472,0.4900622749007096,781,203,0.4193348109965728,246,7.449736747304614,6.0485922151885525
233,18,18,907,3,209,3,1218,53,824,379,653,1581,0.7544662113054487,1030,214,0.7556721401942086,376,12.205980794315156,10.538898431132113
144,21,21,279,5,183,4,526,14,253,169,232,808,0.5497518942461309,385,135,0.5791393215072933,153,3.5779616210888596,5.992188336683395
142,14,14,307,4,182,4,536,19,261,171,260,702,0.8092676689196718,384,123,0.4740660946007527,123,5.271665980847892,2.528028305354948
119,10,10,244,3,235,3,380,23,194,102,188,509,0.4498774107774092,290,60,0.4241201855888432,101,4.442981696902706,4.531777395902757
411,13,13,228,4,642,4,400,22,210,136,205,490,0.7908748202816778,308,77,0.3846987907912138,102,5.571980392645446,3.976646166330582
635,45,45,677,6,1020,4,1256,24,648,394,580,1836,0.3455744215248169,962,260,0.5325834957494475,382,4.626794433131891,13.98741010026672
1,1,1,8,1,1,1,27,3,15,13,8,77,0.5478857518125089,22,7,1.0,13,2.030463132885841,4.98476843355708
138,7,7,16,2,220,2,37,10,27,20,11,81,1.0,32,14,0.857142857142857,20,5.779420455084361,5.806720470718827
663,53,53,564,6,661,3,900,40,424,276,407,1204,0.3757883287838673,624,197,0.7099552715790531,217,7.939202436275547,4.0114077306126825
105,10,10,20,2,205,2,38,11,20,14,16,58,0.9847102287210552,28,11,0.7869593581519121,12,6.514343890729215,5.2526094931594365
1159,65,65,1141,5,1423,3,1886,37,908,495,865,2590,0.5847606835950726,1322,306,0.53483099156069,456,2.938591176185714,10.5953490822057
3,2,2,5,1,12,1,19,2,9,10,4,27,0.3809626022737266,13,5,0.6740615806767675,9,1.5332771130454526,5.966722886954548
527,42,42,633,5,492,3,933,46,511,292,440,1205,0.4875729376459031,690,179,0.7567881925418172,249,9.616154692057526,6.162961789709135
139,19,19,286,2,483,2,432,15,193,108,169,523,0.8835565397988985,277,52,0.5663538856554787,107,6.764328389419198,4.392355587243961
34,7,7,791,3,57,3,1081,19,590,256,551,1365,0.5422503841385767,768,102,0.5047971863943626,216,3.7428085443599928,3.0623735123469737
240,14,14,883,2,209,2,1103,63,788,346,575,1332,0.8193123914446366,923,148,0.8703489029164944,347,14.182562876845845,11.952389956684812
461,39,39,484,4,436,2,762,34,368,229,344,988,0.5450244216198994,537,148,0.7961019835273847,193,6.823471896196282,3.7649151671254537
105,17,17,211,5,201,5,361,17,201,131,154,563,0.3843908385833702,275,85,0.4013501682401181,120,5.898840203031665,3.241584404932574
39,10,10,62,4,35,4,110,9,63,43,47,177,0.548022598870056,84,29,0.5,37,5.92307692307692,3.23076923076923
128,9,9,103,4,164,4,186,19,124,68,91,261,0.6796818784463811,160,34,0.4835089009266191,68,5.748031613966846,3.2152611768346415
135,20,20,251,7,160,7,415,40,252,134,209,598,0.341137123745819,348,122,0.3,139,6.51219512195122,3.53658536585366
26,7,7,104,3,258,3,172,18,81,63,58,213,0.7641898648458457,111,29,0.5554815608542225,53,10.383879513007397,7.485826115362936
187,31,31,1002,7,193,4,1628,20,952,483,937,2435,0.55564681724846,1406,433,0.387096774193548,469,4.84659090909091,5.24431818181818
167,38,38,344,6,313,4,624,22,304,205,277,869,0.6849699921540434,456,165,0.662709968851158,179,4.859465927921285,3.819955142667021
6,2,2,4,1,19,1,31,1,19,24,4,73,0.748515511164697,23,6,0.8200397196611908,19,0.9770678801793996,3.437187039162973
1,1,1,6,1,1,1,20,3,11,10,5,58,0.7285980353200174,16,5,1.0,10,2.6146033790344347,4.692698310482783
116,16,16,216,5,171,5,370,18,167,125,142,584,0.4664414683170144,243,76,0.3467904092802003,101,5.81286478185449,4.592223353461058
167,40,40,362,6,321,4,664,26,327,226,282,895,0.7309077089646735,488,187,0.6596715071681981,206,4.314620853380871,4.568783548184576
249,7,7,595,3,444,3,830,43,450,158,472,1033,0.6621048187535595,635,118,0.3911977568842789,162,3.777575276658263,5.31565469617045
647,50,50,576,5,629,3,908,40,434,270,420,1207,0.3917941462676504,633,192,0.7185306465605301,212,7.821200224623889,4.156203709191699
58,13,13,88,5,98,5,123,25,93,40,66,186,0.478494623655914,105,20,0.461538461538462,39,7.6,3.0
175,30,30,320,5,271,3,586,16,305,190,270,877,0.6555505654891173,445,157,0.6881061072410211,175,4.159408110046403,4.976183893280447
126,15,15,222,4,195,4,359,22,196,125,164,554,0.4122777876727109,275,81,0.4281775175881482,111,6.260247088764677,3.7272128612174953
660,59,59,792,6,979,3,1122,37,617,308,540,1521,0.5701310892699816,825,219,0.4490655885436828,284,10.292572275745655,5.787481937272341
18,5,5,51,2,17,2,95,9,56,40,36,152,0.6367337538731364,73,23,0.7650277430045285,37,4.61461827579582,4.216746568380483
0,1,1,2,1,1,1,13,2,9,8,2,45,0.9215945133902288,11,3,1.0,8,2.0304721097284215,2.8841201828807046
571,45,45,748,6,912,4,1319,36,689,412,599,1889,0.4039079364773704,1002,279,0.5292114841174904,402,5.238370986685126,13.04794891944496
821,43,43,764,6,1189,4,1357,28,699,409,617,1945,0.3914391074692842,1021,282,0.5468715897355463,404,4.418385303835404,13.18376021773294
75,13,13,19,2,220,2,41,8,19,16,15,61,0.9696480836293788,28,13,0.7178207147047808,12,5.050805459321319,4.0237894894301665
631,53,53,548,6,604,3,879,39,414,273,396,1169,0.3712519293903402,611,190,0.7100108018312145,214,7.893025560319543,3.9946211471870634
476,37,37,678,4,441,3,963,49,561,303,463,1227,0.5473496994488213,731,173,0.7768887097506556,268,10.495348218053776,7.255146195359123
154,9,9,103,4,310,4,245,21,110,102,100,355,0.8054779148293884,167,66,0.4839255757050911,67,4.930728338299506,2.278044435270293
24,6,6,54,2,22,2,99,9,58,41,39,159,0.6106260899799579,76,24,0.6870301649492137,37,4.999697227593389,3.92657376051036
79,18,18,248,4,115,4,414,30,201,112,173,553,0.4812019692433635,293,91,0.5097784258383936,120,4.928381354505632,3.357217634426356
50,9,9,106,3,307,3,178,13,79,75,47,227,0.7498070025440678,108,33,0.6466023910934964,60,6.337683003739218,3.005917464730998
334,8,8,460,3,565,3,658,37,351,144,362,810,0.565432098765432,512,106,0.375,150,3.54285714285714,5.6
156,24,24,313,5,240,4,554,18,266,174,267,767,0.7299237135044326,398,132,0.5609926424072251,130,5.424253632691633,2.65830009002255
44,8,8,108,4,229,4,180,15,85,73,51,220,0.6592621962364006,113,29,0.5354627223444832,61,7.639059817934723,2.3858159744820058
53,13,13,304,4,139,4,482,33,270,152,182,581,0.4565326755597688,365,58,0.6027307675851018,183,4.798134805111129,3.1893806325510727
115,7,7,109,2,200,2,178,16,122,54,102,269,0.9157858075634638,144,37,0.7413129575976924,41,5.4101491136885205,4.113148550491358
1,1,1,5,1,1,1,15,4,9,8,4,46,0.847826086956522,12,4,1.0,8,3.0,4.5
73,13,13,219,4,247,4,383,13,206,116,167,529,0.3877862766690995,289,69,0.3648610353731912,121,3.665380801787771,3.448750589637994
23,6,6,106,3,25,3,170,13,102,63,66,238,0.630252100840336,129,30,0.666666666666667,63,7.0,7.91666666666667
17,6,6,12,2,22,2,33,5,17,15,10,83,0.7553796345985087,25,7,0.6546969147480399,15,3.700545916116466,3.7486352097088345
161,30,30,317,6,270,4,562,18,270,176,269,800,0.6789957449146324,406,135,0.6123580835027186,136,5.494594379471641,2.7489663363881136
22,8,8,117,3,43,3,196,18,123,90,65,275,0.647272727272727,151,48,0.375,86,6.23529411764706,3.17647058823529
182,27,27,319,5,249,3,597,16,329,199,269,909,0.677667766776678,468,172,0.703703703703704,199,3.13392857142857,6.52678571428571
10,5,5,18,3,15,3,42,10,26,19,14,83,0.5600978933862532,32,7,0.5344047848545794,17,6.957109526043697,3.7277767067862806
169,20,20,273,3,472,2,424,15,205,116,174,531,0.7627108203733745,290,55,0.4851542671515212,116,6.165883978837946,4.158844925075983
20,8,8,1045,1,45,1,1410,29,885,282,848,1608,0.994402985074627,1142,115,1.0,294,5.74418604651163,5.58139534883721
67,5,5,99,3,88,3,162,16,90,58,58,216,0.5636010602080136,115,21,0.4730344415808406,56,8.518252673968409,3.6864626583996127
135,10,10,252,3,221,3,384,28,198,102,197,515,0.4544310563006831,298,65,0.4258474535789399,100,4.941748686470878,4.727273038673104
1722,33,33,1302,5,1955,4,1957,62,1016,508,836,2579,0.70008446075707,1377,422,0.6178909284614759,541,4.03852327417092,7.872052837668334
339,12,12,278,4,407,4,497,26,263,214,173,593,0.4887460475479257,359,60,0.4834193277178686,186,9.361237942322369,2.3621214840808333
2416,26,26,1740,5,2597,4,2466,87,1282,597,1029,3137,0.9374554103652146,1689,538,0.6694413714222642,659,3.807182135520451,3.413908587209291
24,4,4,30,2,31,2,65,11,35,28,24,118,0.6796561661338176,49,18,0.4578602930615977,24,4.144253029862416,3.1523428909173967
137,8,8,100,4,320,4,241,22,100,101,92,343,0.7807406643539935,160,64,0.4207227649008057,67,6.911726874271128,4.265199683749396
128,22,22,255,5,167,3,386,29,199,96,191,619,0.554119547657512,294,76,0.409090909090909,103,8.36842105263158,6.10526315789474
946,65,65,1310,5,1049,3,1857,34,964,651,949,2504,0.4126877519604909,1369,357,0.4317083790378841,419,6.34006165815103,5.980139610702701
666,15,15,279,4,1165,4,469,25,253,139,257,659,0.8460974838359816,372,107,0.4684337701372209,115,5.220009776978765,3.760078215830124
1312,49,49,1356,6,2276,5,2265,37,1163,623,1064,3175,0.5525873296939501,1697,466,0.5446008840736672,632,4.999734292078657,5.626600953438005
135,19,19,288,2,485,2,434,15,192,107,169,522,0.902298850574713,275,52,0.578947368421053,106,6.85714285714286,4.42857142857143
10,4,4,1298,2,30,2,1667,10,902,341,886,2064,0.524621696657772,1150,96,0.61991192802951,263,3.180689805985768,3.650156359787044
130,9,9,101,4,156,4,188,19,124,71,89,259,0.6306727675179428,163,34,0.4289619470123572,74,5.885398027212468,3.101871446628255
1402,68,68,988,6,2102,3,1457,50,692,346,688,2104,0.5171879633247629,981,355,0.5593698368693565,293,9.315254776185045,4.255909891485015
135,9,9,253,2,236,2,381,26,191,98,195,503,0.4807005560418533,290,56,0.4474168691149222,95,4.757134969403272,4.892736262127601
152,21,21,310,5,220,4,548,18,264,173,266,745,0.7644262764766196,393,130,0.5261937015685292,126,5.3765993454210035,2.5968757300627816
115,10,10,242,3,236,3,381,22,196,103,186,511,0.4441959336808234,290,61,0.4186978413274858,103,4.371829482672352,4.432678030379037
55,7,7,907,3,167,3,1230,57,681,191,729,1550,0.885161290322581,920,146,0.428571428571429,191,4.31914893617021,4.65957446808511
0,2,2,575,1,57,1,771,36,452,169,386,849,1.0,560,45,1.0,174,5.4,4.88
15,6,6,12,2,22,2,32,5,16,15,10,78,0.4852039560639039,22,7,0.578134869604718,11,4.343667095320365,2.140832261699088
115,7,7,108,2,190,2,177,16,119,55,98,265,0.8788508019960165,142,35,0.712976042013574,43,5.501533504179993,3.591693308356799
222,21,21,246,5,417,3,403,18,225,130,186,542,0.4905573761259743,316,60,0.3234880126174826,130,4.816439297724908,3.811624281957619
22,7,7,112,3,35,3,185,16,114,79,65,260,0.6405548312601105,142,40,0.4901183444860961,76,6.537117004030773,5.047385531395879
1361,88,88,1846,6,1497,4,2604,38,1353,934,1335,3461,0.340941924299335,1915,501,0.443181818181818,580,5.31111111111111,5.91666666666667
1659,91,91,908,7,2040,4,1777,52,805,525,748,2565,0.6161275949059,1265,393,0.4573964891037616,517,2.980712484047125,13.472897495319566
39,10,10,17,3,104,3,39,12,23,21,12,101,0.435643564356436,31,9,0.8,19,6.66666666666667,5.33333333333333
131,10,10,101,5,153,5,189,20,124,73,88,258,0.604651162790698,165,34,0.4,77,5.95833333333333,3.04166666666667
119,8,8,110,2,200,2,180,16,124,55,104,272,0.919117647058823,146,38,0.75,42,5.07692307692308,3.76923076923077
526,44,44,820,5,730,3,1113,46,672,321,549,1457,0.6495433480073154,855,196,0.584862009770454,305,11.635460771559568,7.85103961077098
149,35,35,1115,4,221,3,1587,78,912,436,753,1998,0.8173059224708732,1197,299,0.6685208631391166,444,7.734923831818204,7.050653068254045
7,4,4,25,3,8,3,52,15,36,24,18,89,0.651685393258427,42,7,0.5,24,9.33333333333333,5.33333333333333
308,7,7,538,2,523,2,751,34,402,161,411,925,0.5618177065217241,571,105,0.3969759913351207,159,3.4983669726439977,5.471074184167292
144,7,7,8,2,268,2,40,3,36,35,3,122,1.0,38,23,0.857142857142857,35,2.108645860596746,4.660680515162835
774,71,71,768,6,1188,3,1130,30,571,297,533,1574,0.5033234462753948,800,238,0.3348232917810601,266,9.16283214951882,4.051459986230354
119,19,19,209,5,179,4,353,21,198,136,151,577,0.3821879720668942,270,92,0.4239619146686846,119,6.838043143642357,3.18589604015508
18,5,5,51,2,17,2,95,9,56,40,36,151,0.637464794127507,73,23,0.7672117518662616,37,4.603835686590341,4.224871692257699
162,31,31,318,6,278,4,564,18,271,176,270,808,0.6665775776368127,408,135,0.624882923143595,138,5.511746117193532,2.7710742005931093
6,3,3,7,1,9,1,21,4,11,10,6,58,0.6973214416109769,15,5,0.8330208201917697,9,3.545465320706885,3.5259547844519914
126,27,27,383,5,243,3,620,22,317,175,299,838,0.7162078847433666,450,115,0.7476395993191816,150,5.52792061689683,3.3392092226018733
39,10,10,62,4,37,4,110,9,63,42,47,177,0.5458112837640617,84,28,0.4987767430198013,37,5.976410927413581,3.223429688888038
354,16,16,274,3,956,3,523,19,244,202,207,730,0.7934797491456878,360,129,0.613417612235018,153,4.693591427942845,2.5228320392412877
3,1,1,40,1,7,1,79,9,46,34,28,125,0.7095442848252075,62,17,0.7737231534495558,33,3.372262964890744,4.638355397808201
177,29,29,319,5,265,3,589,16,312,192,269,887,0.6620956274301714,452,161,0.6927218465315633,182,3.8559417260192226,5.435047780823883
79,11,11,248,5,75,5,464,18,190,137,192,762,0.4797890199521161,309,92,0.4386967172590031,117,4.320878450404678,7.237033773009115
93,15,15,273,4,73,4,418,11,204,108,169,530,0.615094339622641,290,82,0.533333333333333,121,4.91489361702128,3.85106382978723
168,41,41,369,6,325,4,679,28,336,234,284,905,0.748066298342541,501,195,0.658536585365854,217,4.11111111111111,4.84848484848485
64,7,7,81,4,78,4,137,14,75,50,52,194,0.5426908948518397,98,22,0.4442352229731104,46,7.689611468054611,2.595128765357831
567,13,13,243,4,901,4,426,24,232,141,234,562,0.7997385865264239,342,94,0.3944775572672528,108,5.226651625670097,3.813213005360762
83,9,9,121,5,144,5,219,16,123,81,91,292,0.5297356522351152,169,37,0.4221406749620394,77,6.174797968006843,2.8785768734194987
26,8,8,109,3,271,3,181,16,83,72,54,219,0.7404813159214454,113,32,0.5777602283735226,59,8.664122722043878,5.003904382949685
1911,79,79,1281,6,3094,4,1840,57,877,395,882,2724,0.614537444933921,1227,465,0.455696202531646,345,10.2626262626263,4.42424242424242
178,17,17,286,2,468,2,448,17,207,130,169,537,0.8180372424603017,292,53,0.5628793507110958,123,7.452126063448145,3.983929628388576
3,3,3,1479,2,26,2,1877,8,1014,368,1010,2315,0.5326467786427371,1289,96,0.656833906525678,278,3.008825179743478,3.920716347955184
135,18,18,287,2,485,2,434,15,192,107,169,522,0.9015907580232616,275,52,0.5790351289467505,106,6.84734388156255,4.418934866951014
111,17,17,246,5,126,5,465,14,188,144,200,721,0.438280166435506,313,104,0.470588235294118,113,3.96491228070175,5.52631578947368
46,10,10,127,4,71,4,222,21,125,93,89,332,0.882530120481928,172,59,0.5,83,6.13636363636364,3.40909090909091
895,27,27,422,3,1735,3,647,28,337,154,342,989,0.8973720415179041,494,151,0.6049273897427572,151,5.698251764488967,3.637195682397677
18,6,6,12,2,22,2,34,5,18,16,10,84,0.797619047619048,26,7,0.666666666666667,16,3.6,4.0
0,1,1,5,1,1,1,21,2,13,12,5,65,0.706164159251254,18,6,1.0,12,1.6366443216222826,3.607136566218751
179,26,26,316,5,244,3,591,15,323,196,266,901,0.6683712128917316,461,169,0.6946507263966272,195,3.166199603093371,6.48793273045101
84,5,5,97,4,113,4,159,18,86,57,56,208,0.538461538461538,110,18,0.4,54,9.09090909090909,2.09090909090909
67,10,10,91,4,103,4,136,22,90,46,62,194,0.5008086475733861,106,19,0.4386396563045318,44,8.154775599531124,2.6617221954078505
173,32,32,320,6,280,3,582,17,296,186,270,865,0.6465829148213222,436,151,0.681781898562175,165,4.5751995182689456,4.347476161464366
140,17,17,272,2,535,2,456,15,201,145,169,568,0.8481194491004519,292,75,0.5856623278505916,123,6.107378393565465,3.691234000301947
61,23,23,215,5,173,4,409,57,197,119,179,586,0.302047781569966,298,104,0.478260869565217,119,4.94642857142857,2.69642857142857
2152,32,32,1648,5,2520,4,2418,75,1254,603,1038,3146,0.8455412373885803,1691,521,0.6396269733858437,653,4.091987373227797,3.942343651345825
26,4,4,94,3,230,3,152,21,78,44,66,200,0.8134632351970228,107,23,0.5091799065813442,41,13.958042298983989,12.643992863306424
38,7,7,26,3,43,3,58,12,31,27,21,116,0.663793103448276,43,20,0.428571428571429,22,4.75,2.5
236,23,23,246,6,447,4,407,17,231,136,185,549,0.493624772313297,321,61,0.304347826086957,136,4.83333333333333,3.63888888888889
61,9,9,131,5,140,5,233,14,123,85,93,308,0.4954134921829884,171,39,0.432284312562232,77,6.273970139187298,2.803858114310935
139,14,14,307,4,180,4,535,19,262,171,257,697,0.7969143100514241,384,120,0.4805129518254956,126,5.251264468431279,2.559589877000936
818,47,47,1195,7,1615,5,2048,24,1083,586,1032,2963,0.4967594566548521,1612,445,0.4798156103317351,580,5.130414569012653,5.840167927978669
69,8,8,344,1,67,1,497,22,268,128,227,584,0.9564949405043596,373,50,0.9812539685324908,145,4.362773962147355,3.214789345011797
1348,67,67,958,6,1997,3,1416,49,673,341,668,2039,0.5069593995418862,955,344,0.5702628828712177,287,9.21571393102628,4.2382230993256576
52,11,11,323,4,133,4,497,28,285,159,182,580,0.4883136506733512,379,48,0.628336991140016,196,4.767627482517212,3.290791824170608
15,5,5,10,2,20,2,31,4,16,15,8,74,0.7246296868891592,23,6,0.666666666666667,14,3.24124486348368,4.341671558586971
118,10,10,243,3,235,3,381,23,195,103,188,510,0.447775052462137,290,60,0.422113716082351,102,4.416652725282438,4.4951069365125065
86,8,8,122,3,175,3,207,14,123,68,100,293,0.7386313394365585,156,39,0.6313624382253167,55,5.58785867014052,3.3596289575491447
41,9,9,96,4,63,4,145,19,97,50,66,210,0.5507631576088505,116,24,0.5592227070336443,50,7.314273581926591,5.341369259212654
22,8,8,117,3,46,3,197,17,123,90,66,276,0.6410356054005772,151,47,0.3772441632715035,85,6.240385916666438,3.1615346444451156
83,14,14,302,4,114,3,486,29,265,147,225,687,0.5567192436250099,372,95,0.4034362508192932,147,5.809539377928775,3.8797087076240313
77,14,14,214,5,235,5,377,13,206,121,162,540,0.3810215432501034,285,75,0.3696024084668075,123,4.222133616391521,3.2890602129797073
1448,12,12,1374,3,1710,3,1847,66,1010,329,984,2417,0.8848537255363474,1303,336,0.7300216572925966,318,5.8660059895792305,6.157896020262719
134,10,10,248,3,225,3,376,26,191,102,191,510,0.462131667186813,288,60,0.4419472265278151,97,4.9477131831864645,4.722690132874797
64,10,10,90,4,101,4,132,23,91,44,63,191,0.4942637900187359,106,19,0.4453560342640624,42,7.992056078966131,2.7609414152645533
79,6,6,95,4,110,4,153,19,87,54,57,204,0.5289480004515459,109,18,0.4097628583164611,51,8.854381659878467,2.2351331342204457
7,3,3,6,2,14,2,23,2,10,12,5,39,0.4620532879177311,16,6,0.666666666666667,11,1.9506371513875855,5.570821760583252
83,5,5,96,4,112,4,158,18,86,56,56,207,0.5381506182372915,109,18,0.4003190684783992,53,9.083178931864238,2.095622602521805
34,8,8,59,3,30,3,106,9,61,42,44,170,0.5695286771101163,81,27,0.5642501766169551,37,5.605869757401603,3.469797859861678
33,12,12,17,3,141,3,41,9,21,21,12,92,0.5645821789392397,30,11,0.7434199526629625,17,5.5006387069959715,4.366383317996657
499,18,18,231,6,504,4,381,21,198,114,200,509,0.4926518971506218,294,79,0.3539882929991755,94,6.122547526364182,4.662345817742583
44,9,9,139,5,137,5,244,12,123,88,95,322,0.4670186956681961,173,41,0.4406761656722876,77,6.356015488790074,2.742043124884184
22,6,6,50,3,25,3,93,9,53,36,38,149,0.6247198215800351,71,22,0.5,33,4.607016144972819,3.657881303874255
33,6,6,27,2,38,2,60,11,33,28,21,117,0.6696394335996101,45,19,0.4933254929725447,23,4.6031995926361065,2.7936008147277858
41,9,9,16,2,107,2,39,11,23,21,11,101,0.4467435616652023,31,9,0.8011239095019402,19,6.548430095212553,5.311178105795083
401,13,13,946,3,439,3,1194,62,808,323,647,1485,0.8216058999730117,963,169,0.8434440843796136,315,12.8907956052787,11.176942087307314
38,9,9,138,4,119,4,242,14,123,90,94,329,0.5655948960849932,173,46,0.4588861034919031,79,6.326181691021145,2.894900229385751
92,14,14,273,4,73,4,418,11,204,108,169,530,0.6144577385905412,290,81,0.5338947958572433,121,4.914038978529304,3.848183866378824
25,6,6,55,2,23,2,100,9,58,41,40,160,0.6074202472173805,77,25,0.6774525952313604,37,5.046982292074539,3.890942522119466
99,7,7,106,2,205,2,173,17,114,51,96,256,0.8984704938170007,137,34,0.6961670659860774,41,7.141899212431503,5.90046282352556
472,12,12,219,4,658,4,402,24,220,151,211,492,0.7365566181471338,321,81,0.3485003485085547,110,5.646051758209516,3.710334605725557
583,34,34,1321,3,725,2,1895,21,968,436,943,2470,0.5512844878412381,1313,200,0.6004093202616567,369,2.9454505522636767,7.259389747801385
104,15,15,251,5,111,5,445,29,222,137,203,692,0.4100766404879642,332,108,0.3799740350552282,129,5.347918985861313,5.532428196620181
40,16,16,14,2,256,2,46,3,22,24,12,79,0.9505220766537534,30,18,0.6300280285497498,18,1.8437799976282123,2.0423795832665204
804,56,56,645,6,936,3,1007,42,475,289,460,1375,0.4027695201610451,692,227,0.681221290436105,231,8.201774059240906,4.058062445216786
101,7,7,832,3,233,3,1134,53,626,183,667,1427,0.8320173646539132,852,139,0.4196670304334332,184,4.19011726045707,4.815887704050833
564,13,13,174,3,1107,3,314,25,170,104,157,640,0.8524567817663695,247,77,0.3955900646581524,90,4.658652926854355,5.5953106300986875
39,5,5,103,3,49,3,166,14,97,61,63,229,0.6051050548935997,123,26,0.5936103660476979,60,7.572827811671461,6.320635553712488
175,33,33,343,5,286,3,637,21,332,216,276,907,0.7127938262589762,484,183,0.6811671130946372,207,3.621503684864552,5.689380519460592
458,12,12,218,4,668,4,395,23,214,141,211,485,0.7721465122018378,313,81,0.3520492160418994,102,5.3559684739915,3.900685931199524
835,63,63,837,6,1251,3,1207,33,616,283,603,1675,0.5482290522684019,852,244,0.3824145146930454,249,8.567215095153022,4.280345429456588
0,1,1,0,1,1,1,11,1,9,10,0,44,1.0,10,3,1.0,10,1.0,1.16666666666667
11,3,3,1,2,33,2,33,1,22,30,1,70,0.8656771610952494,23,5,0.6540242455006697,22,0.6753698134224388,2.0912899555533744
98,20,20,211,5,177,4,373,34,198,129,161,580,0.3531707406543688,280,96,0.4436225285244922,119,6.153125657860529,3.008669223986174
212,16,16,285,2,455,2,460,19,219,148,170,549,0.7517682905737448,306,54,0.5502423892720537,136,7.920060563563753,3.6342336432008686
1643,90,90,903,7,2022,4,1764,52,799,520,743,2544,0.6155301888276825,1256,390,0.4564255120513233,513,2.98733691149291,13.380121663639072
151,19,19,281,2,478,2,429,15,198,111,171,526,0.8349353608386476,282,53,0.5336839557518537,110,6.5235497096036905,4.2984046906100675
57,10,10,331,4,82,4,548,29,306,179,247,729,0.558299039780521,421,108,0.4,174,4.25454545454545,2.52727272727273
11,3,3,2,2,32,2,33,1,21,29,2,70,0.8370050027112224,23,5,0.6481643853798057,21,0.93961866350435,2.0848132680513665
43,9,9,130,4,86,4,228,18,124,92,90,331,0.7784621246692632,172,54,0.4864999517873459,81,6.198691781033749,3.2402526437820027
655,46,46,665,7,1051,4,1238,22,635,387,574,1815,0.3387423934684486,947,255,0.5246134930730766,373,4.66457227368387,13.784480448965228
240,2,2,48,1,480,1,88,4,38,31,31,240,1.0,61,22,1.0,30,1.71428571428571,6.64285714285714
17,6,6,12,2,22,2,33,5,17,15,10,82,0.7092636987585975,24,7,0.6416286386517163,14,3.8103194353255847,3.4742014116860385
224,21,21,926,4,205,3,1298,47,849,399,709,1749,0.7153284985982358,1104,257,0.6831178662316046,394,10.757280639109396,9.496657246936891
67,10,10,91,4,103,4,136,22,90,46,62,193,0.5001864201375987,106,19,0.4392781903903603,44,8.139305660088095,2.6711550853121366
109,17,17,275,6,150,6,442,35,263,142,200,592,0.3900858563270844,359,98,0.4047773061061948,158,5.9657832641671,3.469922874121307
102,13,13,316,4,159,4,521,22,273,167,226,648,0.6723481275711078,384,89,0.5455204046200552,157,5.045544020602759,2.8778437652713507
135,9,9,255,2,247,2,383,26,191,98,194,504,0.4998702930376004,289,56,0.4533974556384317,95,4.85262064716572,4.871631058673669
349,12,12,281,4,404,4,506,27,267,222,172,598,0.488294314381271,363,60,0.5,191,9.78048780487805,2.24390243902439
125,9,9,104,3,173,3,185,18,124,65,94,264,0.7412717069107269,156,35,0.5520581455708949,61,5.575403021685017,3.357758233009097
1421,39,39,1245,4,2127,3,1703,56,888,300,929,2396,0.7451725827522213,1184,347,0.618393221052011,254,8.308930150872808,6.0298135173485505
587,41,41,1124,7,1094,4,1894,23,1035,548,997,2769,0.5183168885397426,1537,441,0.4458731823752637,539,5.026512659427874,5.622039790004723
147,7,7,5,2,287,2,42,1,40,41,0,139,1.0,41,27,0.857142857142857,41,0.655172413793103,4.20689655172414
275,29,29,445,5,326,3,651,30,337,196,327,959,0.528614970113352,487,126,0.4131695465236902,160,8.002644395345992,6.082699467769529
39,9,9,137,4,113,4,240,15,123,91,93,329,0.6006823036382064,173,47,0.463437759262022,79,6.305167228342221,2.951825482718536
176,32,32,337,5,277,3,628,20,331,212,274,907,0.7043624897714852,480,180,0.6865765891789566,205,3.504470635758173,5.890383566144541
130,12,12,235,3,210,3,368,24,194,113,177,532,0.4375800780204886,282,70,0.4351660443987305,104,5.594098048932208,4.232446460038262
50,8,8,137,4,147,4,237,12,123,83,97,317,0.5376439165838716,168,41,0.4992490490782355,71,6.156830518904818,2.9035012124019777
135,13,13,268,2,346,2,404,21,191,102,183,511,0.6669404291991097,283,54,0.5055201010889195,99,5.684807608770118,4.687692738834072
31,13,13,17,3,154,3,42,9,21,21,13,88,0.6090734159003104,29,11,0.7238965825578484,16,5.0982920056233825,4.032729955882804
476,37,37,678,4,441,3,963,49,561,303,463,1227,0.5473842412145005,731,173,0.7769003247551242,268,10.495856256559804,7.255777309803609
77,20,20,217,5,170,4,401,44,179,118,165,587,0.3763492980945702,273,91,0.4161007367321268,108,4.927037708876901,3.6748810142385926
113,8,8,99,4,138,4,177,19,109,67,76,239,0.5799831590653313,144,28,0.4,68,7.125803178359009,2.6873318043916443
135,14,14,251,5,194,5,398,33,222,116,202,552,0.4035603035764029,320,90,0.3693399730137795,117,5.646903768340421,4.192635597727058
117,7,7,109,2,195,2,178,16,122,55,101,268,0.9009542115743888,144,37,0.7332993553079229,42,5.268454946118929,3.6891477577203102
120,18,18,209,5,182,5,352,19,199,136,150,575,0.386232056109452,269,91,0.4186993543240152,119,6.815109407140058,3.215640318352156
22,7,7,114,3,39,3,191,17,119,85,65,268,0.6441352526630227,146,44,0.4287639883466496,81,6.376255162723989,4.050248348423697
1,1,1,9,1,1,1,28,3,16,14,9,78,0.538461538461538,23,8,1.0,14,2.0,5.0
888,19,19,354,3,1779,3,552,27,292,129,300,885,0.9557664220612342,431,133,0.6345037277081128,130,5.144297444603456,3.8316359941422102
299,12,12,270,3,463,3,505,24,255,223,171,615,0.5494328086265057,354,76,0.5250421700023928,183,8.459765186760091,2.2120940444378863
36,9,9,143,5,136,5,250,12,123,90,96,328,0.454268292682927,174,42,0.444444444444444,78,6.39285714285714,2.71428571428571
234,15,15,284,2,447,2,467,20,226,160,170,557,0.7107238060316836,315,55,0.5424155328984794,145,8.209881510024028,3.4176451647377073
118,18,18,219,4,162,4,361,18,199,132,153,569,0.4233036231755881,272,90,0.4391372909957202,119,6.613314762409931,3.31503346192731
102,17,17,211,5,204,5,362,17,202,130,155,560,0.3840357512451635,276,84,0.3980042972502332,120,5.722133437992314,3.246587842340457
689,60,60,623,6,823,3,967,36,465,280,443,1314,0.412260999506712,675,209,0.5713094536958725,231,8.25171294378683,3.887588322280305
18,3,3,33,2,26,2,69,10,38,28,26,119,0.6870504595693556,52,17,0.4715127927539434,26,3.8618945134979903,3.456421293156008
135,9,9,253,2,234,2,380,26,191,98,195,503,0.477516526704583,290,56,0.4464235136531773,95,4.741275117004033,4.896241765984085
482,12,12,981,3,556,3,1245,61,819,310,689,1569,0.8254032689260543,987,180,0.831307923184112,298,12.090469437733177,10.677130387459924
7,3,3,6,2,15,2,23,2,11,12,5,40,0.4721564513577847,16,6,0.666666666666667,11,2.000295920048357,5.523527695192041
185,4,4,64,1,430,1,114,6,49,43,35,236,0.928024453360782,74,25,0.8983345403721045,38,3.044345110921336,5.596581970934719
26,15,15,17,3,188,3,44,7,20,21,13,80,0.7275488831747191,29,13,0.6719079089680695,15,4.026885213918676,3.1442462749569517
2510,25,25,1773,5,2625,4,2483,92,1293,595,1027,3134,0.970006381620932,1689,545,0.68,662,3.70631970260223,3.22676579925651
1,1,1,43,1,2,1,82,9,50,38,28,130,0.715384615384615,65,18,1.0,37,3.45454545454545,5.09090909090909
67,14,14,216,5,249,5,384,12,208,118,165,532,0.379699248120301,289,71,0.357142857142857,124,3.56410256410256,3.30769230769231
1138,54,54,836,5,1825,3,1209,44,583,265,582,1811,0.5883450335435747,822,296,0.4354918413440508,240,9.441449022860104,5.152999772583894
62,22,22,215,5,172,4,409,56,197,119,179,586,0.3027576093004052,298,104,0.4750238105249204,119,4.974861501099145,2.711685072495201
227,27,27,383,5,274,3,565,29,292,163,283,848,0.5368768280735905,425,110,0.4118483278882274,141,8.121132724840255,6.090008665600803
304,13,13,282,3,420,3,491,24,251,198,171,582,0.5738625769304815,344,58,0.5163171863060589,173,9.176278125656484,2.695439350671496
1,1,1,7,1,1,1,24,3,14,12,7,69,0.6191727764518677,20,6,1.0,12,2.260893623341714,4.869553188329143
1082,54,54,1276,7,2209,6,2224,27,1138,629,1072,3184,0.472178560201195,1699,451,0.518518518518518,627,5.24888888888889,6.08888888888889
59,8,8,103,3,315,3,174,13,77,73,46,228,0.7615316346849668,106,32,0.6631634339925161,59,6.121019735737005,3.1763530096034285
2,1,1,9,1,3,1,28,3,16,14,9,78,0.5281652216307202,22,8,0.9426348062283,13,2.32124508512152,4.598443643598101
190,17,17,387,2,181,1,579,26,299,159,263,709,0.8291696809328097,424,81,0.9239606182947244,160,5.124211267617914,3.3850200417031
501,19,19,233,6,486,4,380,21,197,111,198,512,0.4668663223170927,292,79,0.3559699949094171,93,6.207975755827244,4.739599526825899
66,10,10,90,4,102,4,134,22,90,45,62,192,0.4972025014576588,106,19,0.4423403083184642,43,8.06511889392085,2.7163909183409443
27,14,14,17,3,179,3,43,7,20,21,13,82,0.6974073304969668,29,13,0.685134439149405,15,4.299463706280061,3.370286975939563
167,14,14,243,3,623,3,505,17,226,227,169,663,0.712103236472688,331,121,0.5916715588804741,162,4.945735016281623,2.127461846338077
76,21,21,213,5,174,4,394,47,197,123,171,583,0.3231775101630991,290,100,0.4639444301764376,119,5.445170866222904,2.825481356369922
167,37,37,333,6,308,4,598,20,289,192,275,852,0.6559846231284538,436,152,0.6646271501841738,161,5.2032473921248865,3.347466103643914
61,21,21,215,5,183,4,405,51,198,118,177,578,0.3123898018662802,296,99,0.4621297519138933,119,4.762323309042809,2.777839808687593
35,4,4,93,3,232,3,155,22,79,45,69,208,0.8200448996140307,110,25,0.4940531827135384,41,14.084945950055127,12.961435129490155
92,12,12,319,4,154,4,517,23,277,166,217,635,0.6385803223052691,384,80,0.5631428360302959,166,4.9897766535441095,2.964117062808662
814,55,55,1210,5,903,4,1741,34,913,617,878,2315,0.4321136678475747,1288,336,0.4250689459875778,409,4.867928320112856,4.494965084262619
3,2,2,5,1,10,1,19,2,9,10,4,30,0.4615219335524596,13,5,0.7303036770501156,9,1.786366546725519,5.713633453274481
502,19,19,234,6,474,4,380,21,196,109,197,514,0.4479617690691394,290,79,0.3574228688331358,93,6.270606995316341,4.7962376613796565
66,13,13,19,2,225,2,42,8,19,17,15,61,0.964724001922156,28,13,0.695218068973507,12,4.572348853436186,3.622066490149253
62,20,20,215,5,197,4,400,42,200,118,174,568,0.3274127295459166,295,93,0.4386975204035848,120,4.494890064568565,2.8960986299440084
1,1,1,7,1,1,1,24,3,14,12,7,69,0.6162489152335828,20,6,1.0,12,2.2514424395117985,4.874278780244101
98,7,7,106,2,205,2,173,17,113,51,96,255,0.8981471480361197,137,34,0.6953240126178006,41,7.174237874968478,5.933839090208106
98,18,18,238,5,137,4,450,24,190,137,194,686,0.4037204388908937,309,104,0.4725346458353439,114,4.21390546702523,4.808423848184187
197,18,18,390,2,187,1,584,26,301,161,265,716,0.8221938261525946,427,82,0.9208216489144494,161,5.165928646283191,3.394346585573887
61,22,22,215,4,171,4,409,56,197,118,178,585,0.3068388152304494,297,103,0.4791037283058469,119,4.945945943448288,2.7140997332608188
572,51,51,1201,6,1096,5,1901,70,1013,559,859,2599,0.6245361832577851,1421,413,0.5136565176376107,562,7.258627893017634,7.061642665134464
91,5,5,99,3,131,3,163,17,93,56,65,221,0.6177073495684029,117,22,0.4728637561856285,51,8.255268810178807,2.44030572396705
135,13,13,252,4,204,4,393,31,214,111,200,538,0.4220388492311243,312,81,0.389866031771275,111,5.390759723360211,4.386839965309172
22,7,7,116,3,41,3,193,17,121,87,65,271,0.6458618650516973,149,46,0.399176635493895,84,6.298681598941978,3.5693917062621217
82,5,5,96,4,111,4,156,18,86,55,56,206,0.5342074305355705,109,18,0.4043655948923033,52,8.985142632836471,2.155400833636297
265,16,16,862,3,232,3,1084,62,768,344,559,1317,0.7929462611283771,902,150,0.8594729409063563,342,14.107569765743287,11.742454083197428
87,5,5,98,3,122,3,161,17,90,56,61,214,0.5796116404939076,113,20,0.4378360819281282,52,8.656984794670418,2.272340852402612
717,58,58,708,7,1130,4,1192,25,603,346,555,1715,0.4045724951925141,880,250,0.4311183229164823,325,6.527805687101286,9.368698051859912
9,4,4,9,2,14,2,25,4,13,12,8,65,0.6180630134556983,17,6,0.745086608620607,9,3.832717078506017,3.013005216953543
166,13,13,250,3,296,3,388,23,203,109,192,516,0.4779870536684885,300,58,0.4019253261864022,107,4.747206807939662,4.51950140577635
196,21,21,262,4,461,3,417,16,215,124,178,538,0.6537891091612165,302,57,0.4119667232379267,124,5.626488875927136,3.9483750711951
167,39,39,356,6,319,4,651,25,319,219,280,886,0.7160967680737805,478,180,0.660651148289046,197,4.490286270688788,4.327351147500359
669,60,60,790,6,995,3,1123,37,614,307,540,1525,0.5650939574602108,823,221,0.4404520006179585,283,10.207392651506364,5.656590156031648
1669,15,15,1457,3,1900,3,1979,71,1069,385,993,2566,0.9025561967059484,1383,379,0.7196226047345854,390,5.417026638980744,5.548540415662826
123,8,8,106,3,180,3,183,17,124,62,97,266,0.7897606307456853,153,36,0.6060261332301625,56,5.439494627854445,3.46994443446197
336,21,21,1399,3,425,2,1899,15,994,410,977,2418,0.5369315343943264,1310,155,0.6285260963103039,332,2.948391516829836,5.82909374345296
18,6,6,12,2,24,2,34,5,18,16,10,84,0.7882975304584131,26,7,0.6701002388620789,16,3.6789721604944754,4.03433572195412
12,6,6,16,3,18,3,38,8,22,17,13,81,0.5224149943145603,28,7,0.5485603414214458,15,5.979432419158787,3.0671840669991797
37,9,9,141,4,128,4,246,13,123,90,95,328,0.5028258397143792,173,43,0.4507434917249629,78,6.363775177815264,2.793064708196616
169,4,4,69,1,416,1,121,7,53,47,37,235,0.9070718109806069,78,26,0.8687389330101072,41,3.4315357636271653,5.292003116974314
64,17,17,215,5,216,4,394,31,203,118,170,554,0.346769169461135,292,84,0.4085060297047659,121,4.150313052791134,3.0484703791069343
347,14,14,202,3,939,3,405,20,190,165,150,693,0.8049398866981925,278,104,0.5261282518569854,127,4.441142644255553,4.012599703515075
30,6,6,25,3,34,3,56,12,32,26,20,109,0.6609174439256531,42,16,0.445536176520891,22,5.838571326757153,3.172935001995331
143,16,16,289,5,177,5,500,25,257,160,247,674,0.6771785787197876,373,125,0.4161224142211298,125,5.664190414500313,2.80864965607402
22,6,6,106,3,26,3,172,13,103,65,65,241,0.6317300741326963,130,31,0.6413400110751462,64,6.933597339961727,7.5050553060448095
42,9,9,133,4,96,4,232,17,124,91,91,330,0.7161562722224132,172,52,0.4784174283814265,81,6.2360078468883495,3.1391686172897897
16,6,6,12,2,22,2,32,5,16,15,10,80,0.5953202471029928,23,7,0.609339486138956,12,4.081548316432769,2.79612920891808
110,20,20,1021,4,125,2,1528,24,921,391,896,2056,0.7562747272385124,1285,287,0.6673560667955107,388,5.257029894667292,5.398451827071435
139,7,7,5,2,284,2,42,1,38,39,0,134,0.9964930971055934,40,26,0.8410453818268031,39,0.7394187017162018,4.053479627401023
1776,99,99,948,8,2170,5,1876,54,845,559,782,2720,0.620588235294118,1332,419,0.464646464646465,550,2.93125,14.165625
424,16,16,261,5,411,4,444,24,230,164,182,562,0.4305637218419874,325,68,0.4350366740020471,143,8.235993870457673,3.575224033537788
136,9,9,253,3,231,3,380,27,191,98,196,503,0.47117296222664,291,57,0.444444444444444,95,4.70967741935484,4.90322580645161
491,14,14,220,5,606,4,387,23,208,131,208,493,0.6463472239528707,307,82,0.3421763274065695,98,5.613351212912608,4.201873862360508
23,16,16,17,3,205,3,45,6,19,21,14,76,0.7853989512801743,28,14,0.6465224990003247,14,3.5037308656416064,2.7104109617515784
262,16,16,865,3,229,3,1085,63,770,344,560,1318,0.7958844291516434,904,150,0.8604609284642779,343,14.150784189315807,11.796137507983316
858,44,44,551,4,1545,3,830,28,422,207,414,1214,0.7431282586941048,607,186,0.4937618102005618,193,6.917988573049517,3.655856342075616
140,17,17,277,6,172,6,474,29,255,152,235,651,0.5742389670865696,365,124,0.380550623762239,129,5.923959779130933,3.0316382729530647
