route,balancing,dataset,scaler,model,TP,TN,FP,FN,P,N,Total,Error,Exactitud,TP_Rate,FP_Rate,Precision,Recall,Sensibilidad,Especificidad,F1_Score,Accuracy_sklearn,cv_best_score
fs,csbboost,activemq-5.0.0,robust,decision_tree,35,268,50,24,59,318,377,0.1962864721485411,0.8037135278514589,0.5932203389830508,0.15723270440251572,0.4117647058823529,0.5932203389830508,0.5932203389830508,0.8427672955974843,0.4861111111111111,0.8037135278514589,0.8993157894736843
fs,csbboost,activemq-5.0.0,robust,naive_bayes_gaussian,57,0,318,2,59,318,377,0.8488063660477454,0.15119363395225463,0.9661016949152542,1.0,0.152,0.9661016949152542,0.9661016949152542,0.0,0.2626728110599078,0.15119363395225463,0.9160877192982456
fs,csbboost,activemq-5.0.0,robust,svm,58,110,208,1,59,318,377,0.5543766578249337,0.44562334217506633,0.9830508474576272,0.6540880503144654,0.21804511278195488,0.9830508474576272,0.9830508474576272,0.34591194968553457,0.3569230769230769,0.44562334217506633,0.9801929824561404
nofs,csbboost,activemq-5.0.0,robust,decision_tree,43,266,52,16,59,318,377,0.18037135278514588,0.8196286472148541,0.7288135593220338,0.16352201257861634,0.45263157894736844,0.7288135593220338,0.7288135593220338,0.8364779874213837,0.5584415584415584,0.8196286472148541,0.9086315789473683
nofs,csbboost,activemq-5.0.0,robust,naive_bayes_gaussian,57,1,317,2,59,318,377,0.8461538461538461,0.15384615384615385,0.9661016949152542,0.9968553459119497,0.15240641711229946,0.9661016949152542,0.9661016949152542,0.0031446540880503146,0.2632794457274827,0.15384615384615385,0.9240877192982456
nofs,csbboost,activemq-5.0.0,robust,svm,59,0,318,0,59,318,377,0.843501326259947,0.15649867374005305,1.0,1.0,0.15649867374005305,1.0,1.0,0.0,0.2706422018348624,0.15649867374005305,1.0
fs,csbboost,activemq-5.0.0,standard,decision_tree,35,267,51,24,59,318,377,0.1989389920424403,0.8010610079575596,0.5932203389830508,0.16037735849056603,0.4069767441860465,0.5932203389830508,0.5932203389830508,0.839622641509434,0.4827586206896552,0.8010610079575596,0.9006315789473686
fs,csbboost,activemq-5.0.0,standard,naive_bayes_gaussian,37,287,31,22,59,318,377,0.14058355437665782,0.8594164456233422,0.6271186440677966,0.09748427672955975,0.5441176470588235,0.6271186440677966,0.6271186440677966,0.9025157232704403,0.5826771653543307,0.8594164456233422,0.6657368421052632
fs,csbboost,activemq-5.0.0,standard,svm,58,70,248,1,59,318,377,0.6604774535809018,0.3395225464190981,0.9830508474576272,0.779874213836478,0.1895424836601307,0.9830508474576272,0.9830508474576272,0.22012578616352202,0.3178082191780822,0.3395225464190981,0.9789298245614034
nofs,csbboost,activemq-5.0.0,standard,decision_tree,43,266,52,16,59,318,377,0.18037135278514588,0.8196286472148541,0.7288135593220338,0.16352201257861634,0.45263157894736844,0.7288135593220338,0.7288135593220338,0.8364779874213837,0.5584415584415584,0.8196286472148541,0.9086315789473683
nofs,csbboost,activemq-5.0.0,standard,naive_bayes_gaussian,35,283,35,24,59,318,377,0.15649867374005305,0.843501326259947,0.5932203389830508,0.11006289308176101,0.5,0.5932203389830508,0.5932203389830508,0.889937106918239,0.5426356589147286,0.843501326259947,0.5742807017543861
nofs,csbboost,activemq-5.0.0,standard,svm,59,0,318,0,59,318,377,0.843501326259947,0.15649867374005305,1.0,1.0,0.15649867374005305,1.0,1.0,0.0,0.2706422018348624,0.15649867374005305,1.0
fs,hcbou,activemq-5.0.0,robust,decision_tree,39,274,44,20,59,318,377,0.16976127320954906,0.830238726790451,0.6610169491525424,0.13836477987421383,0.46987951807228917,0.6610169491525424,0.6610169491525424,0.8616352201257862,0.5492957746478874,0.830238726790451,0.8857543859649123
fs,hcbou,activemq-5.0.0,robust,naive_bayes_gaussian,57,0,318,2,59,318,377,0.8488063660477454,0.15119363395225463,0.9661016949152542,1.0,0.152,0.9661016949152542,0.9661016949152542,0.0,0.2626728110599078,0.15119363395225463,0.9920350877192983
fs,hcbou,activemq-5.0.0,robust,svm,44,259,59,15,59,318,377,0.1962864721485411,0.8037135278514589,0.7457627118644068,0.18553459119496854,0.42718446601941745,0.7457627118644068,0.7457627118644068,0.8144654088050315,0.5432098765432098,0.8037135278514589,0.9680526315789472
nofs,hcbou,activemq-5.0.0,robust,decision_tree,42,272,46,17,59,318,377,0.16710875331564987,0.8328912466843501,0.711864406779661,0.14465408805031446,0.4772727272727273,0.711864406779661,0.711864406779661,0.8553459119496856,0.5714285714285714,0.8328912466843501,0.90440350877193
nofs,hcbou,activemq-5.0.0,robust,naive_bayes_gaussian,57,2,316,2,59,318,377,0.843501326259947,0.15649867374005305,0.9661016949152542,0.9937106918238994,0.15281501340482573,0.9661016949152542,0.9661016949152542,0.006289308176100629,0.2638888888888889,0.15649867374005305,0.9920350877192983
nofs,hcbou,activemq-5.0.0,robust,svm,39,255,63,20,59,318,377,0.22015915119363394,0.7798408488063661,0.6610169491525424,0.19811320754716982,0.38235294117647056,0.6610169491525424,0.6610169491525424,0.8018867924528302,0.484472049689441,0.7798408488063661,0.9760701754385966
fs,hcbou,activemq-5.0.0,standard,decision_tree,39,274,44,20,59,318,377,0.16976127320954906,0.830238726790451,0.6610169491525424,0.13836477987421383,0.46987951807228917,0.6610169491525424,0.6610169491525424,0.8616352201257862,0.5492957746478874,0.830238726790451,0.8857543859649123
fs,hcbou,activemq-5.0.0,standard,naive_bayes_gaussian,42,273,45,17,59,318,377,0.16445623342175067,0.8355437665782494,0.711864406779661,0.14150943396226415,0.4827586206896552,0.711864406779661,0.711864406779661,0.8584905660377359,0.5753424657534246,0.8355437665782494,0.6798245614035088
fs,hcbou,activemq-5.0.0,standard,svm,42,259,59,17,59,318,377,0.20159151193633953,0.7984084880636605,0.711864406779661,0.18553459119496854,0.4158415841584158,0.711864406779661,0.711864406779661,0.8144654088050315,0.525,0.7984084880636605,0.9441403508771931
nofs,hcbou,activemq-5.0.0,standard,decision_tree,42,272,46,17,59,318,377,0.16710875331564987,0.8328912466843501,0.711864406779661,0.14465408805031446,0.4772727272727273,0.711864406779661,0.711864406779661,0.8553459119496856,0.5714285714285714,0.8328912466843501,0.9030701754385966
nofs,hcbou,activemq-5.0.0,standard,naive_bayes_gaussian,33,287,31,26,59,318,377,0.15119363395225463,0.8488063660477454,0.559322033898305,0.09748427672955975,0.515625,0.559322033898305,0.559322033898305,0.9025157232704403,0.5365853658536586,0.8488063660477454,0.5563157894736841
nofs,hcbou,activemq-5.0.0,standard,svm,42,270,48,17,59,318,377,0.1724137931034483,0.8275862068965517,0.711864406779661,0.1509433962264151,0.4666666666666667,0.711864406779661,0.711864406779661,0.8490566037735849,0.5637583892617449,0.8275862068965517,0.9773684210526316
fs,smote,activemq-5.0.0,robust,decision_tree,39,271,47,20,59,318,377,0.17771883289124668,0.8222811671087533,0.6610169491525424,0.14779874213836477,0.45348837209302323,0.6610169491525424,0.6610169491525424,0.8522012578616353,0.5379310344827586,0.8222811671087533,0.9150526315789473
fs,smote,activemq-5.0.0,robust,naive_bayes_gaussian,57,2,316,2,59,318,377,0.843501326259947,0.15649867374005305,0.9661016949152542,0.9937106918238994,0.15281501340482573,0.9661016949152542,0.9661016949152542,0.006289308176100629,0.2638888888888889,0.15649867374005305,0.9520350877192982
fs,smote,activemq-5.0.0,robust,svm,47,256,62,12,59,318,377,0.1962864721485411,0.8037135278514589,0.7966101694915254,0.1949685534591195,0.43119266055045874,0.7966101694915254,0.7966101694915254,0.8050314465408805,0.5595238095238095,0.8037135278514589,0.9694385964912282
nofs,smote,activemq-5.0.0,robust,decision_tree,44,270,48,15,59,318,377,0.16710875331564987,0.8328912466843501,0.7457627118644068,0.1509433962264151,0.4782608695652174,0.7457627118644068,0.7457627118644068,0.8490566037735849,0.5827814569536424,0.8328912466843501,0.8977192982456141
nofs,smote,activemq-5.0.0,robust,naive_bayes_gaussian,57,0,318,2,59,318,377,0.8488063660477454,0.15119363395225463,0.9661016949152542,1.0,0.152,0.9661016949152542,0.9661016949152542,0.0,0.2626728110599078,0.15119363395225463,0.9307017543859649
nofs,smote,activemq-5.0.0,robust,svm,59,50,268,0,59,318,377,0.7108753315649867,0.2891246684350133,1.0,0.8427672955974843,0.18042813455657492,1.0,1.0,0.15723270440251572,0.30569948186528495,0.2891246684350133,1.0
fs,smote,activemq-5.0.0,standard,decision_tree,39,271,47,20,59,318,377,0.17771883289124668,0.8222811671087533,0.6610169491525424,0.14779874213836477,0.45348837209302323,0.6610169491525424,0.6610169491525424,0.8522012578616353,0.5379310344827586,0.8222811671087533,0.913719298245614
fs,smote,activemq-5.0.0,standard,naive_bayes_gaussian,39,282,36,20,59,318,377,0.14854111405835543,0.8514588859416445,0.6610169491525424,0.11320754716981132,0.52,0.6610169491525424,0.6610169491525424,0.8867924528301887,0.582089552238806,0.8514588859416445,0.6337368421052632
fs,smote,activemq-5.0.0,standard,svm,41,263,55,18,59,318,377,0.19363395225464192,0.8063660477453581,0.6949152542372882,0.17295597484276728,0.4270833333333333,0.6949152542372882,0.6949152542372882,0.8270440251572327,0.5290322580645161,0.8063660477453581,0.9508421052631579
nofs,smote,activemq-5.0.0,standard,decision_tree,44,270,48,15,59,318,377,0.16710875331564987,0.8328912466843501,0.7457627118644068,0.1509433962264151,0.4782608695652174,0.7457627118644068,0.7457627118644068,0.8490566037735849,0.5827814569536424,0.8328912466843501,0.8990526315789475
nofs,smote,activemq-5.0.0,standard,naive_bayes_gaussian,35,283,35,24,59,318,377,0.15649867374005305,0.843501326259947,0.5932203389830508,0.11006289308176101,0.5,0.5932203389830508,0.5932203389830508,0.889937106918239,0.5426356589147286,0.843501326259947,0.5127894736842105
nofs,smote,activemq-5.0.0,standard,svm,59,46,272,0,59,318,377,0.7214854111405835,0.27851458885941643,1.0,0.8553459119496856,0.1782477341389728,1.0,1.0,0.14465408805031446,0.30256410256410254,0.27851458885941643,1.0
fs,unbalanced,activemq-5.0.0,robust,decision_tree,35,296,22,24,59,318,377,0.1220159151193634,0.8779840848806366,0.5932203389830508,0.06918238993710692,0.6140350877192983,0.5932203389830508,0.5932203389830508,0.9308176100628931,0.603448275862069,0.8779840848806366,0.5802536231884059
fs,unbalanced,activemq-5.0.0,robust,naive_bayes_gaussian,31,301,17,28,59,318,377,0.11936339522546419,0.8806366047745358,0.5254237288135594,0.05345911949685535,0.6458333333333334,0.5254237288135594,0.5254237288135594,0.9465408805031447,0.5794392523364486,0.8806366047745358,0.5501811594202899
fs,unbalanced,activemq-5.0.0,robust,svm,29,267,51,30,59,318,377,0.21485411140583555,0.7851458885941645,0.4915254237288136,0.16037735849056603,0.3625,0.4915254237288136,0.4915254237288136,0.839622641509434,0.4172661870503597,0.7851458885941645,0.6190217391304349
nofs,unbalanced,activemq-5.0.0,robust,decision_tree,40,293,25,19,59,318,377,0.11671087533156499,0.883289124668435,0.6779661016949152,0.07861635220125786,0.6153846153846154,0.6779661016949152,0.6779661016949152,0.9213836477987422,0.6451612903225806,0.883289124668435,0.618659420289855
nofs,unbalanced,activemq-5.0.0,robust,naive_bayes_gaussian,57,0,318,2,59,318,377,0.8488063660477454,0.15119363395225463,0.9661016949152542,1.0,0.152,0.9661016949152542,0.9661016949152542,0.0,0.2626728110599078,0.15119363395225463,0.9871376811594205
nofs,unbalanced,activemq-5.0.0,robust,svm,27,284,34,32,59,318,377,0.17506631299734748,0.8249336870026526,0.4576271186440678,0.1069182389937107,0.4426229508196721,0.4576271186440678,0.4576271186440678,0.8930817610062893,0.45,0.8249336870026526,0.9782608695652174
fs,unbalanced,activemq-5.0.0,standard,decision_tree,35,296,22,24,59,318,377,0.1220159151193634,0.8779840848806366,0.5932203389830508,0.06918238993710692,0.6140350877192983,0.5932203389830508,0.5932203389830508,0.9308176100628931,0.603448275862069,0.8779840848806366,0.5802536231884059
fs,unbalanced,activemq-5.0.0,standard,naive_bayes_gaussian,31,301,17,28,59,318,377,0.11936339522546419,0.8806366047745358,0.5254237288135594,0.05345911949685535,0.6458333333333334,0.5254237288135594,0.5254237288135594,0.9465408805031447,0.5794392523364486,0.8806366047745358,0.5501811594202899
fs,unbalanced,activemq-5.0.0,standard,svm,25,309,9,34,59,318,377,0.11405835543766578,0.8859416445623343,0.423728813559322,0.02830188679245283,0.7352941176470589,0.423728813559322,0.423728813559322,0.9716981132075472,0.5376344086021505,0.8859416445623343,0.5295289855072464
nofs,unbalanced,activemq-5.0.0,standard,decision_tree,40,293,25,19,59,318,377,0.11671087533156499,0.883289124668435,0.6779661016949152,0.07861635220125786,0.6153846153846154,0.6779661016949152,0.6779661016949152,0.9213836477987422,0.6451612903225806,0.883289124668435,0.618659420289855
nofs,unbalanced,activemq-5.0.0,standard,naive_bayes_gaussian,34,290,28,25,59,318,377,0.14058355437665782,0.8594164456233422,0.576271186440678,0.0880503144654088,0.5483870967741935,0.576271186440678,0.576271186440678,0.9119496855345912,0.5619834710743802,0.8594164456233422,0.507427536231884
nofs,unbalanced,activemq-5.0.0,standard,svm,29,297,21,30,59,318,377,0.13527851458885942,0.8647214854111406,0.4915254237288136,0.0660377358490566,0.58,0.4915254237288136,0.4915254237288136,0.9339622641509434,0.5321100917431193,0.8647214854111406,0.5472826086956522
fs,csbboost,derby-10.5.1.1,robust,decision_tree,37,375,89,40,77,464,541,0.23844731977818853,0.7615526802218114,0.4805194805194805,0.19181034482758622,0.29365079365079366,0.4805194805194805,0.4805194805194805,0.8081896551724138,0.3645320197044335,0.7615526802218114,0.8484794427454979
fs,csbboost,derby-10.5.1.1,robust,naive_bayes_gaussian,2,461,3,75,77,464,541,0.14417744916820702,0.8558225508317929,0.025974025974025976,0.00646551724137931,0.4,0.025974025974025976,0.025974025974025976,0.9935344827586207,0.04878048780487805,0.8558225508317929,0.015715256540944612
fs,csbboost,derby-10.5.1.1,robust,svm,57,312,152,20,77,464,541,0.3179297597042514,0.6820702402957486,0.7402597402597403,0.3275862068965517,0.2727272727272727,0.7402597402597403,0.7402597402597403,0.6724137931034483,0.3986013986013986,0.6820702402957486,0.9657832144070676
nofs,csbboost,derby-10.5.1.1,robust,decision_tree,43,380,84,34,77,464,541,0.21811460258780038,0.7818853974121996,0.5584415584415584,0.1810344827586207,0.33858267716535434,0.5584415584415584,0.5584415584415584,0.8189655172413793,0.4215686274509804,0.7818853974121996,0.8484539585457018
nofs,csbboost,derby-10.5.1.1,robust,naive_bayes_gaussian,2,459,5,75,77,464,541,0.1478743068391867,0.8521256931608133,0.025974025974025976,0.010775862068965518,0.2857142857142857,0.025974025974025976,0.025974025974025976,0.9892241379310345,0.047619047619047616,0.8521256931608133,0.022196738022426093
nofs,csbboost,derby-10.5.1.1,robust,svm,53,313,151,24,77,464,541,0.3234750462107209,0.6765249537892791,0.6883116883116883,0.3254310344827586,0.25980392156862747,0.6883116883116883,0.6883116883116883,0.6745689655172413,0.37722419928825623,0.6765249537892791,0.9824243968739381
fs,csbboost,derby-10.5.1.1,standard,decision_tree,37,377,87,40,77,464,541,0.23475046210720887,0.7652495378927912,0.4805194805194805,0.1875,0.29838709677419356,0.4805194805194805,0.4805194805194805,0.8125,0.3681592039800995,0.7652495378927912,0.8484794427454979
fs,csbboost,derby-10.5.1.1,standard,naive_bayes_gaussian,30,429,35,47,77,464,541,0.15157116451016636,0.8484288354898336,0.38961038961038963,0.07543103448275862,0.46153846153846156,0.38961038961038963,0.38961038961038963,0.9245689655172413,0.4225352112676056,0.8484288354898336,0.3844971117906898
fs,csbboost,derby-10.5.1.1,standard,svm,43,356,108,34,77,464,541,0.26247689463955637,0.7375231053604436,0.5584415584415584,0.23275862068965517,0.2847682119205298,0.5584415584415584,0.5584415584415584,0.7672413793103449,0.37719298245614036,0.7375231053604436,0.9380818892286783
nofs,csbboost,derby-10.5.1.1,standard,decision_tree,42,382,82,35,77,464,541,0.21626617375231053,0.7837338262476895,0.5454545454545454,0.17672413793103448,0.3387096774193548,0.5454545454545454,0.5454545454545454,0.8232758620689655,0.417910447761194,0.7837338262476895,0.8512317363234795
nofs,csbboost,derby-10.5.1.1,standard,naive_bayes_gaussian,34,425,39,43,77,464,541,0.15157116451016636,0.8484288354898336,0.44155844155844154,0.08405172413793104,0.4657534246575342,0.44155844155844154,0.44155844155844154,0.915948275862069,0.4533333333333333,0.8484288354898336,0.4187308868501529
nofs,csbboost,derby-10.5.1.1,standard,svm,25,400,64,52,77,464,541,0.2144177449168207,0.7855822550831792,0.3246753246753247,0.13793103448275862,0.2808988764044944,0.3246753246753247,0.3246753246753247,0.8620689655172413,0.30120481927710846,0.7855822550831792,0.9325008494733265
fs,hcbou,derby-10.5.1.1,robust,decision_tree,41,353,111,36,77,464,541,0.27171903881700554,0.7282809611829945,0.5324675324675324,0.23922413793103448,0.26973684210526316,0.5324675324675324,0.5324675324675324,0.7607758620689655,0.35807860262008734,0.7282809611829945,0.8401715936119606
fs,hcbou,derby-10.5.1.1,robust,naive_bayes_gaussian,2,461,3,75,77,464,541,0.14417744916820702,0.8558225508317929,0.025974025974025976,0.00646551724137931,0.4,0.025974025974025976,0.025974025974025976,0.9935344827586207,0.04878048780487805,0.8558225508317929,0.013863404689092761
fs,hcbou,derby-10.5.1.1,robust,svm,52,305,159,25,77,464,541,0.34011090573012936,0.6598890942698706,0.6753246753246753,0.3426724137931034,0.24644549763033174,0.6753246753246753,0.6753246753246753,0.6573275862068966,0.3611111111111111,0.6598890942698706,0.9417431192660551
nofs,hcbou,derby-10.5.1.1,robust,decision_tree,43,344,120,34,77,464,541,0.2846580406654344,0.7153419593345656,0.5584415584415584,0.25862068965517243,0.26380368098159507,0.5584415584415584,0.5584415584415584,0.7413793103448276,0.35833333333333334,0.7153419593345656,0.8419045191980972
nofs,hcbou,derby-10.5.1.1,robust,naive_bayes_gaussian,3,460,4,74,77,464,541,0.14417744916820702,0.8558225508317929,0.03896103896103896,0.008620689655172414,0.42857142857142855,0.03896103896103896,0.03896103896103896,0.9913793103448276,0.07142857142857142,0.8558225508317929,0.020336391437308872
nofs,hcbou,derby-10.5.1.1,robust,svm,75,133,331,2,77,464,541,0.6155268022181146,0.3844731977818854,0.974025974025974,0.7133620689655172,0.18472906403940886,0.974025974025974,0.974025974025974,0.28663793103448276,0.3105590062111801,0.3844731977818854,0.9787716615698268
fs,hcbou,derby-10.5.1.1,standard,decision_tree,47,361,103,30,77,464,541,0.24584103512014788,0.7541589648798521,0.6103896103896104,0.22198275862068967,0.31333333333333335,0.6103896103896104,0.6103896103896104,0.7780172413793104,0.41409691629955947,0.7541589648798521,0.8410975195378866
fs,hcbou,derby-10.5.1.1,standard,naive_bayes_gaussian,24,432,32,53,77,464,541,0.15711645101663585,0.8428835489833642,0.3116883116883117,0.06896551724137931,0.42857142857142855,0.3116883116883117,0.3116883116883117,0.9310344827586207,0.3609022556390977,0.8428835489833642,0.36043153244988113
fs,hcbou,derby-10.5.1.1,standard,svm,71,160,304,6,77,464,541,0.5730129390018485,0.4269870609981516,0.922077922077922,0.6551724137931034,0.18933333333333333,0.922077922077922,0.922077922077922,0.3448275862068966,0.3141592920353982,0.4269870609981516,0.8892456676860346
nofs,hcbou,derby-10.5.1.1,standard,decision_tree,45,349,115,32,77,464,541,0.27171903881700554,0.7282809611829945,0.5844155844155844,0.2478448275862069,0.28125,0.5844155844155844,0.5844155844155844,0.7521551724137931,0.379746835443038,0.7282809611829945,0.8428219503907577
nofs,hcbou,derby-10.5.1.1,standard,naive_bayes_gaussian,35,422,42,42,77,464,541,0.15526802218114602,0.844731977818854,0.45454545454545453,0.09051724137931035,0.45454545454545453,0.45454545454545453,0.45454545454545453,0.9094827586206896,0.45454545454545453,0.844731977818854,0.46297995242949364
nofs,hcbou,derby-10.5.1.1,standard,svm,72,232,232,5,77,464,541,0.43807763401109057,0.5619223659889094,0.935064935064935,0.5,0.23684210526315788,0.935064935064935,0.935064935064935,0.5,0.3779527559055118,0.5619223659889094,0.9584182806659871
fs,smote,derby-10.5.1.1,robust,decision_tree,43,372,92,34,77,464,541,0.23290203327171904,0.767097966728281,0.5584415584415584,0.19827586206896552,0.31851851851851853,0.5584415584415584,0.5584415584415584,0.8017241379310345,0.4056603773584906,0.767097966728281,0.8558273870200475
fs,smote,derby-10.5.1.1,robust,naive_bayes_gaussian,2,461,3,75,77,464,541,0.14417744916820702,0.8558225508317929,0.025974025974025976,0.00646551724137931,0.4,0.025974025974025976,0.025974025974025976,0.9935344827586207,0.04878048780487805,0.8558225508317929,0.013871899422358136
fs,smote,derby-10.5.1.1,robust,svm,56,325,139,21,77,464,541,0.2957486136783734,0.7042513863216266,0.7272727272727273,0.2995689655172414,0.28717948717948716,0.7272727272727273,0.7272727272727273,0.7004310344827587,0.4117647058823529,0.7042513863216266,0.9537971457696228
nofs,smote,derby-10.5.1.1,robust,decision_tree,42,383,81,35,77,464,541,0.2144177449168207,0.7855822550831792,0.5454545454545454,0.17456896551724138,0.34146341463414637,0.5454545454545454,0.5454545454545454,0.8254310344827587,0.42,0.7855822550831792,0.8641522256201155
nofs,smote,derby-10.5.1.1,robust,naive_bayes_gaussian,4,457,7,73,77,464,541,0.1478743068391867,0.8521256931608133,0.05194805194805195,0.015086206896551725,0.36363636363636365,0.05194805194805195,0.05194805194805195,0.9849137931034483,0.09090909090909091,0.8521256931608133,0.03143900781515461
nofs,smote,derby-10.5.1.1,robust,svm,57,304,160,20,77,464,541,0.33271719038817005,0.66728280961183,0.7402597402597403,0.3448275862068966,0.2626728110599078,0.7402597402597403,0.7402597402597403,0.6551724137931034,0.3877551020408163,0.66728280961183,0.9519028202514439
fs,smote,derby-10.5.1.1,standard,decision_tree,46,344,120,31,77,464,541,0.27911275415896486,0.7208872458410351,0.5974025974025974,0.25862068965517243,0.27710843373493976,0.5974025974025974,0.5974025974025974,0.7413793103448276,0.3786008230452675,0.7208872458410351,0.8512147468569488
fs,smote,derby-10.5.1.1,standard,naive_bayes_gaussian,25,432,32,52,77,464,541,0.15526802218114602,0.844731977818854,0.3246753246753247,0.06896551724137931,0.43859649122807015,0.3246753246753247,0.3246753246753247,0.9310344827586207,0.373134328358209,0.844731977818854,0.37252803261977574
fs,smote,derby-10.5.1.1,standard,svm,72,140,324,5,77,464,541,0.6081330868761553,0.39186691312384475,0.935064935064935,0.6982758620689655,0.18181818181818182,0.935064935064935,0.935064935064935,0.3017241379310345,0.3044397463002114,0.39186691312384475,0.9298419979612641
nofs,smote,derby-10.5.1.1,standard,decision_tree,42,383,81,35,77,464,541,0.2144177449168207,0.7855822550831792,0.5454545454545454,0.17456896551724138,0.34146341463414637,0.5454545454545454,0.5454545454545454,0.8254310344827587,0.42,0.7855822550831792,0.8585881753312947
nofs,smote,derby-10.5.1.1,standard,naive_bayes_gaussian,34,421,43,43,77,464,541,0.1589648798521257,0.8410351201478743,0.44155844155844154,0.09267241379310345,0.44155844155844154,0.44155844155844154,0.44155844155844154,0.9073275862068966,0.44155844155844154,0.8410351201478743,0.44836901121304795
nofs,smote,derby-10.5.1.1,standard,svm,62,273,191,15,77,464,541,0.3807763401109057,0.6192236598890942,0.8051948051948052,0.41163793103448276,0.2450592885375494,0.8051948051948052,0.8051948051948052,0.5883620689655172,0.37575757575757573,0.6192236598890942,0.9389313625552159
fs,unbalanced,derby-10.5.1.1,robust,decision_tree,23,407,57,54,77,464,541,0.20517560073937152,0.7948243992606284,0.2987012987012987,0.12284482758620689,0.2875,0.2987012987012987,0.2987012987012987,0.8771551724137931,0.2929936305732484,0.7948243992606284,0.38268817204301075
fs,unbalanced,derby-10.5.1.1,robust,naive_bayes_gaussian,26,434,30,51,77,464,541,0.14972273567467653,0.8502772643253235,0.33766233766233766,0.06465517241379311,0.4642857142857143,0.33766233766233766,0.33766233766233766,0.9353448275862069,0.39097744360902253,0.8502772643253235,0.3620430107526882
fs,unbalanced,derby-10.5.1.1,robust,svm,44,311,153,33,77,464,541,0.3438077634011091,0.6561922365988909,0.5714285714285714,0.3297413793103448,0.2233502538071066,0.5714285714285714,0.5714285714285714,0.6702586206896551,0.32116788321167883,0.6561922365988909,0.6541935483870968
nofs,unbalanced,derby-10.5.1.1,robust,decision_tree,31,425,39,46,77,464,541,0.15711645101663585,0.8428835489833642,0.4025974025974026,0.08405172413793104,0.44285714285714284,0.4025974025974026,0.4025974025974026,0.915948275862069,0.4217687074829932,0.8428835489833642,0.40881720430107527
nofs,unbalanced,derby-10.5.1.1,robust,naive_bayes_gaussian,3,457,7,74,77,464,541,0.14972273567467653,0.8502772643253235,0.03896103896103896,0.015086206896551725,0.3,0.03896103896103896,0.03896103896103896,0.9849137931034483,0.06896551724137931,0.8502772643253235,0.01956989247311828
nofs,unbalanced,derby-10.5.1.1,robust,svm,77,8,456,0,77,464,541,0.8428835489833642,0.15711645101663585,1.0,0.9827586206896551,0.14446529080675422,1.0,1.0,0.017241379310344827,0.25245901639344265,0.15711645101663585,0.4741935483870968
fs,unbalanced,derby-10.5.1.1,standard,decision_tree,22,407,57,55,77,464,541,0.20702402957486138,0.7929759704251387,0.2857142857142857,0.12284482758620689,0.27848101265822783,0.2857142857142857,0.2857142857142857,0.8771551724137931,0.28205128205128205,0.7929759704251387,0.38268817204301075
fs,unbalanced,derby-10.5.1.1,standard,naive_bayes_gaussian,26,434,30,51,77,464,541,0.14972273567467653,0.8502772643253235,0.33766233766233766,0.06465517241379311,0.4642857142857143,0.33766233766233766,0.33766233766233766,0.9353448275862069,0.39097744360902253,0.8502772643253235,0.3620430107526882
fs,unbalanced,derby-10.5.1.1,standard,svm,43,179,285,34,77,464,541,0.589648798521257,0.41035120147874304,0.5584415584415584,0.6142241379310345,0.13109756097560976,0.5584415584415584,0.5584415584415584,0.3857758620689655,0.2123456790123457,0.41035120147874304,0.6106451612903226
nofs,unbalanced,derby-10.5.1.1,standard,decision_tree,26,424,40,51,77,464,541,0.16820702402957485,0.8317929759704251,0.33766233766233766,0.08620689655172414,0.3939393939393939,0.33766233766233766,0.33766233766233766,0.9137931034482759,0.36363636363636365,0.8317929759704251,0.3991397849462366
nofs,unbalanced,derby-10.5.1.1,standard,naive_bayes_gaussian,29,429,35,48,77,464,541,0.1534195933456562,0.8465804066543438,0.37662337662337664,0.07543103448275862,0.453125,0.37662337662337664,0.37662337662337664,0.9245689655172413,0.41134751773049644,0.8465804066543438,0.4506451612903225
nofs,unbalanced,derby-10.5.1.1,standard,svm,24,359,105,53,77,464,541,0.2920517560073937,0.7079482439926063,0.3116883116883117,0.22629310344827586,0.18604651162790697,0.3116883116883117,0.3116883116883117,0.7737068965517241,0.23300970873786409,0.7079482439926063,0.48741935483870974
fs,csbboost,groovy-1_6_BETA_1,robust,decision_tree,10,118,33,4,14,151,165,0.22424242424242424,0.7757575757575758,0.7142857142857143,0.2185430463576159,0.23255813953488372,0.7142857142857143,0.7142857142857143,0.7814569536423841,0.3508771929824561,0.7757575757575758,0.9479166666666666
fs,csbboost,groovy-1_6_BETA_1,robust,naive_bayes_gaussian,13,0,151,1,14,151,165,0.9212121212121213,0.07878787878787878,0.9285714285714286,1.0,0.07926829268292683,0.9285714285714286,0.9285714285714286,0.0,0.14606741573033707,0.07878787878787878,0.9545454545454545
fs,csbboost,groovy-1_6_BETA_1,robust,svm,9,117,34,5,14,151,165,0.23636363636363636,0.7636363636363637,0.6428571428571429,0.2251655629139073,0.20930232558139536,0.6428571428571429,0.6428571428571429,0.7748344370860927,0.3157894736842105,0.7636363636363637,0.9847537878787879
nofs,csbboost,groovy-1_6_BETA_1,robust,decision_tree,10,118,33,4,14,151,165,0.22424242424242424,0.7757575757575758,0.7142857142857143,0.2185430463576159,0.23255813953488372,0.7142857142857143,0.7142857142857143,0.7814569536423841,0.3508771929824561,0.7757575757575758,0.9539772727272728
nofs,csbboost,groovy-1_6_BETA_1,robust,naive_bayes_gaussian,13,0,151,1,14,151,165,0.9212121212121213,0.07878787878787878,0.9285714285714286,1.0,0.07926829268292683,0.9285714285714286,0.9285714285714286,0.0,0.14606741573033707,0.07878787878787878,0.9303030303030303
nofs,csbboost,groovy-1_6_BETA_1,robust,svm,12,73,78,2,14,151,165,0.48484848484848486,0.5151515151515151,0.8571428571428571,0.5165562913907285,0.13333333333333333,0.8571428571428571,0.8571428571428571,0.48344370860927155,0.23076923076923078,0.5151515151515151,0.9633522727272726
fs,csbboost,groovy-1_6_BETA_1,standard,decision_tree,10,118,33,4,14,151,165,0.22424242424242424,0.7757575757575758,0.7142857142857143,0.2185430463576159,0.23255813953488372,0.7142857142857143,0.7142857142857143,0.7814569536423841,0.3508771929824561,0.7757575757575758,0.9479166666666666
fs,csbboost,groovy-1_6_BETA_1,standard,naive_bayes_gaussian,13,27,124,1,14,151,165,0.7575757575757576,0.24242424242424243,0.9285714285714286,0.8211920529801324,0.0948905109489051,0.9285714285714286,0.9285714285714286,0.17880794701986755,0.17218543046357615,0.24242424242424243,0.9332386363636364
fs,csbboost,groovy-1_6_BETA_1,standard,svm,10,93,58,4,14,151,165,0.37575757575757573,0.6242424242424243,0.7142857142857143,0.3841059602649007,0.14705882352941177,0.7142857142857143,0.7142857142857143,0.6158940397350994,0.24390243902439024,0.6242424242424243,0.9725378787878789
nofs,csbboost,groovy-1_6_BETA_1,standard,decision_tree,10,118,33,4,14,151,165,0.22424242424242424,0.7757575757575758,0.7142857142857143,0.2185430463576159,0.23255813953488372,0.7142857142857143,0.7142857142857143,0.7814569536423841,0.3508771929824561,0.7757575757575758,0.9539772727272728
nofs,csbboost,groovy-1_6_BETA_1,standard,naive_bayes_gaussian,4,140,11,10,14,151,165,0.12727272727272726,0.8727272727272727,0.2857142857142857,0.0728476821192053,0.26666666666666666,0.2857142857142857,0.2857142857142857,0.9271523178807947,0.27586206896551724,0.8727272727272727,0.41751893939393947
nofs,csbboost,groovy-1_6_BETA_1,standard,svm,4,139,12,10,14,151,165,0.13333333333333333,0.8666666666666667,0.2857142857142857,0.07947019867549669,0.25,0.2857142857142857,0.2857142857142857,0.9205298013245033,0.26666666666666666,0.8666666666666667,0.9757575757575758
fs,hcbou,groovy-1_6_BETA_1,robust,decision_tree,7,127,24,7,14,151,165,0.18787878787878787,0.8121212121212121,0.5,0.15894039735099338,0.22580645161290322,0.5,0.5,0.8410596026490066,0.3111111111111111,0.8121212121212121,0.9572916666666668
fs,hcbou,groovy-1_6_BETA_1,robust,naive_bayes_gaussian,13,0,151,1,14,151,165,0.9212121212121213,0.07878787878787878,0.9285714285714286,1.0,0.07926829268292683,0.9285714285714286,0.9285714285714286,0.0,0.14606741573033707,0.07878787878787878,0.99375
fs,hcbou,groovy-1_6_BETA_1,robust,svm,10,137,14,4,14,151,165,0.10909090909090909,0.8909090909090909,0.7142857142857143,0.09271523178807947,0.4166666666666667,0.7142857142857143,0.7142857142857143,0.9072847682119205,0.5263157894736842,0.8909090909090909,0.9756628787878789
nofs,hcbou,groovy-1_6_BETA_1,robust,decision_tree,9,128,23,5,14,151,165,0.1696969696969697,0.8303030303030303,0.6428571428571429,0.152317880794702,0.28125,0.6428571428571429,0.6428571428571429,0.847682119205298,0.391304347826087,0.8303030303030303,0.9632575757575758
nofs,hcbou,groovy-1_6_BETA_1,robust,naive_bayes_gaussian,13,0,151,1,14,151,165,0.9212121212121213,0.07878787878787878,0.9285714285714286,1.0,0.07926829268292683,0.9285714285714286,0.9285714285714286,0.0,0.14606741573033707,0.07878787878787878,0.99375
nofs,hcbou,groovy-1_6_BETA_1,robust,svm,9,120,31,5,14,151,165,0.21818181818181817,0.7818181818181819,0.6428571428571429,0.2052980132450331,0.225,0.6428571428571429,0.6428571428571429,0.7947019867549668,0.3333333333333333,0.7818181818181819,0.9296401515151516
fs,hcbou,groovy-1_6_BETA_1,standard,decision_tree,7,126,25,7,14,151,165,0.19393939393939394,0.806060606060606,0.5,0.16556291390728478,0.21875,0.5,0.5,0.8344370860927153,0.30434782608695654,0.806060606060606,0.9572916666666668
fs,hcbou,groovy-1_6_BETA_1,standard,naive_bayes_gaussian,12,21,130,2,14,151,165,0.8,0.2,0.8571428571428571,0.8609271523178808,0.08450704225352113,0.8571428571428571,0.8571428571428571,0.1390728476821192,0.15384615384615385,0.2,0.940909090909091
fs,hcbou,groovy-1_6_BETA_1,standard,svm,8,132,19,6,14,151,165,0.15151515151515152,0.8484848484848485,0.5714285714285714,0.12582781456953643,0.2962962962962963,0.5714285714285714,0.5714285714285714,0.8741721854304636,0.3902439024390244,0.8484848484848485,0.9603219696969697
nofs,hcbou,groovy-1_6_BETA_1,standard,decision_tree,5,130,21,9,14,151,165,0.18181818181818182,0.8181818181818182,0.35714285714285715,0.1390728476821192,0.19230769230769232,0.35714285714285715,0.35714285714285715,0.8609271523178808,0.25,0.8181818181818182,0.9633522727272726
nofs,hcbou,groovy-1_6_BETA_1,standard,naive_bayes_gaussian,10,93,58,4,14,151,165,0.37575757575757573,0.6242424242424243,0.7142857142857143,0.3841059602649007,0.14705882352941177,0.7142857142857143,0.7142857142857143,0.6158940397350994,0.24390243902439024,0.6242424242424243,0.9131628787878789
nofs,hcbou,groovy-1_6_BETA_1,standard,svm,7,137,14,7,14,151,165,0.12727272727272726,0.8727272727272727,0.5,0.09271523178807947,0.3333333333333333,0.5,0.5,0.9072847682119205,0.4,0.8727272727272727,0.9724431818181817
fs,smote,groovy-1_6_BETA_1,robust,decision_tree,7,135,16,7,14,151,165,0.1393939393939394,0.8606060606060606,0.5,0.10596026490066225,0.30434782608695654,0.5,0.5,0.8940397350993378,0.3783783783783784,0.8606060606060606,0.9510416666666668
fs,smote,groovy-1_6_BETA_1,robust,naive_bayes_gaussian,13,0,151,1,14,151,165,0.9212121212121213,0.07878787878787878,0.9285714285714286,1.0,0.07926829268292683,0.9285714285714286,0.9285714285714286,0.0,0.14606741573033707,0.07878787878787878,0.9484848484848485
fs,smote,groovy-1_6_BETA_1,robust,svm,7,114,37,7,14,151,165,0.26666666666666666,0.7333333333333333,0.5,0.24503311258278146,0.1590909090909091,0.5,0.5,0.7549668874172185,0.2413793103448276,0.7333333333333333,0.990814393939394
nofs,smote,groovy-1_6_BETA_1,robust,decision_tree,6,136,15,8,14,151,165,0.1393939393939394,0.8606060606060606,0.42857142857142855,0.09933774834437085,0.2857142857142857,0.42857142857142855,0.42857142857142855,0.9006622516556292,0.34285714285714286,0.8606060606060606,0.9451704545454547
nofs,smote,groovy-1_6_BETA_1,robust,naive_bayes_gaussian,13,0,151,1,14,151,165,0.9212121212121213,0.07878787878787878,0.9285714285714286,1.0,0.07926829268292683,0.9285714285714286,0.9285714285714286,0.0,0.14606741573033707,0.07878787878787878,0.9454545454545455
nofs,smote,groovy-1_6_BETA_1,robust,svm,6,138,13,8,14,151,165,0.12727272727272726,0.8727272727272727,0.42857142857142855,0.08609271523178808,0.3157894736842105,0.42857142857142855,0.42857142857142855,0.9139072847682119,0.36363636363636365,0.8727272727272727,0.9727272727272727
fs,smote,groovy-1_6_BETA_1,standard,decision_tree,7,135,16,7,14,151,165,0.1393939393939394,0.8606060606060606,0.5,0.10596026490066225,0.30434782608695654,0.5,0.5,0.8940397350993378,0.3783783783783784,0.8606060606060606,0.9510416666666668
fs,smote,groovy-1_6_BETA_1,standard,naive_bayes_gaussian,10,69,82,4,14,151,165,0.5212121212121212,0.47878787878787876,0.7142857142857143,0.543046357615894,0.10869565217391304,0.7142857142857143,0.7142857142857143,0.45695364238410596,0.18867924528301888,0.47878787878787876,0.9271780303030303
fs,smote,groovy-1_6_BETA_1,standard,svm,6,144,7,8,14,151,165,0.09090909090909091,0.9090909090909091,0.42857142857142855,0.046357615894039736,0.46153846153846156,0.42857142857142855,0.42857142857142855,0.9536423841059603,0.4444444444444444,0.9090909090909091,0.9695075757575757
nofs,smote,groovy-1_6_BETA_1,standard,decision_tree,6,136,15,8,14,151,165,0.1393939393939394,0.8606060606060606,0.42857142857142855,0.09933774834437085,0.2857142857142857,0.42857142857142855,0.42857142857142855,0.9006622516556292,0.34285714285714286,0.8606060606060606,0.9451704545454547
nofs,smote,groovy-1_6_BETA_1,standard,naive_bayes_gaussian,5,132,19,9,14,151,165,0.1696969696969697,0.8303030303030303,0.35714285714285715,0.12582781456953643,0.20833333333333334,0.35714285714285715,0.35714285714285715,0.8741721854304636,0.2631578947368421,0.8303030303030303,0.5599431818181818
nofs,smote,groovy-1_6_BETA_1,standard,svm,4,146,5,10,14,151,165,0.09090909090909091,0.9090909090909091,0.2857142857142857,0.033112582781456956,0.4444444444444444,0.2857142857142857,0.2857142857142857,0.9668874172185431,0.34782608695652173,0.9090909090909091,0.9696969696969697
fs,unbalanced,groovy-1_6_BETA_1,robust,decision_tree,5,142,9,9,14,151,165,0.10909090909090909,0.8909090909090909,0.35714285714285715,0.059602649006622516,0.35714285714285715,0.35714285714285715,0.35714285714285715,0.9403973509933775,0.35714285714285715,0.8909090909090909,0.61
fs,unbalanced,groovy-1_6_BETA_1,robust,naive_bayes_gaussian,13,0,151,1,14,151,165,0.9212121212121213,0.07878787878787878,0.9285714285714286,1.0,0.07926829268292683,0.9285714285714286,0.9285714285714286,0.0,0.14606741573033707,0.07878787878787878,0.95
fs,unbalanced,groovy-1_6_BETA_1,robust,svm,5,132,19,9,14,151,165,0.1696969696969697,0.8303030303030303,0.35714285714285715,0.12582781456953643,0.20833333333333334,0.35714285714285715,0.35714285714285715,0.8741721854304636,0.2631578947368421,0.8303030303030303,0.7833333333333333
nofs,unbalanced,groovy-1_6_BETA_1,robust,decision_tree,4,138,13,10,14,151,165,0.1393939393939394,0.8606060606060606,0.2857142857142857,0.08609271523178808,0.23529411764705882,0.2857142857142857,0.2857142857142857,0.9139072847682119,0.25806451612903225,0.8606060606060606,0.5900000000000001
nofs,unbalanced,groovy-1_6_BETA_1,robust,naive_bayes_gaussian,13,0,151,1,14,151,165,0.9212121212121213,0.07878787878787878,0.9285714285714286,1.0,0.07926829268292683,0.9285714285714286,0.9285714285714286,0.0,0.14606741573033707,0.07878787878787878,1.0
nofs,unbalanced,groovy-1_6_BETA_1,robust,svm,13,0,151,1,14,151,165,0.9212121212121213,0.07878787878787878,0.9285714285714286,1.0,0.07926829268292683,0.9285714285714286,0.9285714285714286,0.0,0.14606741573033707,0.07878787878787878,0.8
fs,unbalanced,groovy-1_6_BETA_1,standard,decision_tree,5,142,9,9,14,151,165,0.10909090909090909,0.8909090909090909,0.35714285714285715,0.059602649006622516,0.35714285714285715,0.35714285714285715,0.35714285714285715,0.9403973509933775,0.35714285714285715,0.8909090909090909,0.61
fs,unbalanced,groovy-1_6_BETA_1,standard,naive_bayes_gaussian,4,141,10,10,14,151,165,0.12121212121212122,0.8787878787878788,0.2857142857142857,0.06622516556291391,0.2857142857142857,0.2857142857142857,0.2857142857142857,0.9337748344370861,0.2857142857142857,0.8787878787878788,0.45999999999999996
fs,unbalanced,groovy-1_6_BETA_1,standard,svm,5,118,33,9,14,151,165,0.2545454545454545,0.7454545454545455,0.35714285714285715,0.2185430463576159,0.13157894736842105,0.35714285714285715,0.35714285714285715,0.7814569536423841,0.19230769230769232,0.7454545454545455,0.4800000000000001
nofs,unbalanced,groovy-1_6_BETA_1,standard,decision_tree,4,138,13,10,14,151,165,0.1393939393939394,0.8606060606060606,0.2857142857142857,0.08609271523178808,0.23529411764705882,0.2857142857142857,0.2857142857142857,0.9139072847682119,0.25806451612903225,0.8606060606060606,0.5900000000000001
nofs,unbalanced,groovy-1_6_BETA_1,standard,naive_bayes_gaussian,4,140,11,10,14,151,165,0.12727272727272726,0.8727272727272727,0.2857142857142857,0.0728476821192053,0.26666666666666666,0.2857142857142857,0.2857142857142857,0.9271523178807947,0.27586206896551724,0.8727272727272727,0.41
nofs,unbalanced,groovy-1_6_BETA_1,standard,svm,6,59,92,8,14,151,165,0.6060606060606061,0.3939393939393939,0.42857142857142855,0.609271523178808,0.061224489795918366,0.42857142857142855,0.42857142857142855,0.39072847682119205,0.10714285714285714,0.3939393939393939,0.45
fs,csbboost,hbase-0.94.0,robust,decision_tree,22,129,39,22,44,168,212,0.28773584905660377,0.7122641509433962,0.5,0.23214285714285715,0.36065573770491804,0.5,0.5,0.7678571428571429,0.41904761904761906,0.7122641509433962,0.8789590254706534
fs,csbboost,hbase-0.94.0,robust,naive_bayes_gaussian,15,148,20,29,44,168,212,0.23113207547169812,0.7688679245283019,0.3409090909090909,0.11904761904761904,0.42857142857142855,0.3409090909090909,0.3409090909090909,0.8809523809523809,0.379746835443038,0.7688679245283019,0.46904761904761905
fs,csbboost,hbase-0.94.0,robust,svm,41,64,104,3,44,168,212,0.5047169811320755,0.49528301886792453,0.9318181818181818,0.6190476190476191,0.2827586206896552,0.9318181818181818,0.9318181818181818,0.38095238095238093,0.43386243386243384,0.49528301886792453,0.9454595791805094
nofs,csbboost,hbase-0.94.0,robust,decision_tree,33,148,20,11,44,168,212,0.14622641509433962,0.8537735849056604,0.75,0.11904761904761904,0.6226415094339622,0.75,0.75,0.8809523809523809,0.6804123711340206,0.8537735849056604,0.8575304540420821
nofs,csbboost,hbase-0.94.0,robust,naive_bayes_gaussian,43,2,166,1,44,168,212,0.7877358490566038,0.21226415094339623,0.9772727272727273,0.9880952380952381,0.20574162679425836,0.9772727272727273,0.9772727272727273,0.011904761904761904,0.33992094861660077,0.21226415094339623,0.9071428571428571
nofs,csbboost,hbase-0.94.0,robust,svm,42,32,136,2,44,168,212,0.6509433962264151,0.3490566037735849,0.9545454545454546,0.8095238095238095,0.23595505617977527,0.9545454545454546,0.9545454545454546,0.19047619047619047,0.3783783783783784,0.3490566037735849,0.9761904761904763
fs,csbboost,hbase-0.94.0,standard,decision_tree,22,129,39,22,44,168,212,0.28773584905660377,0.7122641509433962,0.5,0.23214285714285715,0.36065573770491804,0.5,0.5,0.7678571428571429,0.41904761904761906,0.7122641509433962,0.8789590254706534
fs,csbboost,hbase-0.94.0,standard,naive_bayes_gaussian,15,148,20,29,44,168,212,0.23113207547169812,0.7688679245283019,0.3409090909090909,0.11904761904761904,0.42857142857142855,0.3409090909090909,0.3409090909090909,0.8809523809523809,0.379746835443038,0.7688679245283019,0.46904761904761905
fs,csbboost,hbase-0.94.0,standard,svm,42,58,110,2,44,168,212,0.5283018867924528,0.4716981132075472,0.9545454545454546,0.6547619047619048,0.27631578947368424,0.9545454545454546,0.9545454545454546,0.34523809523809523,0.42857142857142855,0.4716981132075472,0.9501661129568106
nofs,csbboost,hbase-0.94.0,standard,decision_tree,33,146,22,11,44,168,212,0.15566037735849056,0.8443396226415094,0.75,0.13095238095238096,0.6,0.75,0.75,0.8690476190476191,0.6666666666666666,0.8443396226415094,0.8575304540420821
nofs,csbboost,hbase-0.94.0,standard,naive_bayes_gaussian,21,136,32,23,44,168,212,0.25943396226415094,0.7405660377358491,0.4772727272727273,0.19047619047619047,0.39622641509433965,0.4772727272727273,0.4772727272727273,0.8095238095238095,0.4329896907216495,0.7405660377358491,0.5493355481727574
nofs,csbboost,hbase-0.94.0,standard,svm,37,78,90,7,44,168,212,0.45754716981132076,0.5424528301886793,0.8409090909090909,0.5357142857142857,0.29133858267716534,0.8409090909090909,0.8409090909090909,0.4642857142857143,0.4327485380116959,0.5424528301886793,0.9096899224806203
fs,hcbou,hbase-0.94.0,robust,decision_tree,34,133,35,10,44,168,212,0.21226415094339623,0.7877358490566038,0.7727272727272727,0.20833333333333334,0.4927536231884058,0.7727272727272727,0.7727272727272727,0.7916666666666666,0.6017699115044248,0.7877358490566038,0.850996677740864
fs,hcbou,hbase-0.94.0,robust,naive_bayes_gaussian,21,147,21,23,44,168,212,0.20754716981132076,0.7924528301886793,0.4772727272727273,0.125,0.5,0.4772727272727273,0.4772727272727273,0.875,0.4883720930232558,0.7924528301886793,0.4777408637873754
fs,hcbou,hbase-0.94.0,robust,svm,42,46,122,2,44,168,212,0.5849056603773585,0.41509433962264153,0.9545454545454546,0.7261904761904762,0.25609756097560976,0.9545454545454546,0.9545454545454546,0.27380952380952384,0.40384615384615385,0.41509433962264153,0.9503875968992247
nofs,hcbou,hbase-0.94.0,robust,decision_tree,25,135,33,19,44,168,212,0.24528301886792453,0.7547169811320755,0.5681818181818182,0.19642857142857142,0.43103448275862066,0.5681818181818182,0.5681818181818182,0.8035714285714286,0.49019607843137253,0.7547169811320755,0.8745847176079735
nofs,hcbou,hbase-0.94.0,robust,naive_bayes_gaussian,44,1,167,0,44,168,212,0.7877358490566038,0.21226415094339623,1.0,0.9940476190476191,0.20853080568720378,1.0,1.0,0.005952380952380952,0.34509803921568627,0.21226415094339623,0.9184385382059801
nofs,hcbou,hbase-0.94.0,robust,svm,40,47,121,4,44,168,212,0.589622641509434,0.41037735849056606,0.9090909090909091,0.7202380952380952,0.2484472049689441,0.9090909090909091,0.9090909090909091,0.27976190476190477,0.3902439024390244,0.41037735849056606,0.9552048726467331
fs,hcbou,hbase-0.94.0,standard,decision_tree,34,134,34,10,44,168,212,0.20754716981132076,0.7924528301886793,0.7727272727272727,0.20238095238095238,0.5,0.7727272727272727,0.7727272727272727,0.7976190476190477,0.6071428571428571,0.7924528301886793,0.850996677740864
fs,hcbou,hbase-0.94.0,standard,naive_bayes_gaussian,21,147,21,23,44,168,212,0.20754716981132076,0.7924528301886793,0.4772727272727273,0.125,0.5,0.4772727272727273,0.4772727272727273,0.875,0.4883720930232558,0.7924528301886793,0.4777408637873754
fs,hcbou,hbase-0.94.0,standard,svm,41,79,89,3,44,168,212,0.4339622641509434,0.5660377358490566,0.9318181818181818,0.5297619047619048,0.3153846153846154,0.9318181818181818,0.9318181818181818,0.47023809523809523,0.47126436781609193,0.5660377358490566,0.9219822812846068
nofs,hcbou,hbase-0.94.0,standard,decision_tree,26,140,28,18,44,168,212,0.2169811320754717,0.7830188679245284,0.5909090909090909,0.16666666666666666,0.48148148148148145,0.5909090909090909,0.5909090909090909,0.8333333333333334,0.5306122448979592,0.7830188679245284,0.872314507198228
nofs,hcbou,hbase-0.94.0,standard,naive_bayes_gaussian,32,130,38,12,44,168,212,0.2358490566037736,0.7641509433962265,0.7272727272727273,0.2261904761904762,0.45714285714285713,0.7272727272727273,0.7272727272727273,0.7738095238095238,0.5614035087719298,0.7641509433962265,0.7129014396456257
nofs,hcbou,hbase-0.94.0,standard,svm,37,85,83,7,44,168,212,0.42452830188679247,0.5754716981132075,0.8409090909090909,0.49404761904761907,0.30833333333333335,0.8409090909090909,0.8409090909090909,0.5059523809523809,0.45121951219512196,0.5754716981132075,0.903156146179402
fs,smote,hbase-0.94.0,robust,decision_tree,32,132,36,12,44,168,212,0.22641509433962265,0.7735849056603774,0.7272727272727273,0.21428571428571427,0.47058823529411764,0.7272727272727273,0.7272727272727273,0.7857142857142857,0.5714285714285714,0.7735849056603774,0.8745847176079735
fs,smote,hbase-0.94.0,robust,naive_bayes_gaussian,17,148,20,27,44,168,212,0.22169811320754718,0.7783018867924528,0.38636363636363635,0.11904761904761904,0.4594594594594595,0.38636363636363635,0.38636363636363635,0.8809523809523809,0.41975308641975306,0.7783018867924528,0.4679955703211517
fs,smote,hbase-0.94.0,robust,svm,42,51,117,2,44,168,212,0.5613207547169812,0.4386792452830189,0.9545454545454546,0.6964285714285714,0.2641509433962264,0.9545454545454546,0.9545454545454546,0.30357142857142855,0.41379310344827586,0.4386792452830189,0.9431893687707641
nofs,smote,hbase-0.94.0,robust,decision_tree,33,137,31,11,44,168,212,0.19811320754716982,0.8018867924528302,0.75,0.18452380952380953,0.515625,0.75,0.75,0.8154761904761905,0.6111111111111112,0.8018867924528302,0.8674418604651162
nofs,smote,hbase-0.94.0,robust,naive_bayes_gaussian,44,1,167,0,44,168,212,0.7877358490566038,0.21226415094339623,1.0,0.9940476190476191,0.20853080568720378,1.0,1.0,0.005952380952380952,0.34509803921568627,0.21226415094339623,0.9404761904761905
nofs,smote,hbase-0.94.0,robust,svm,35,111,57,9,44,168,212,0.3113207547169811,0.6886792452830188,0.7954545454545454,0.3392857142857143,0.3804347826086957,0.7954545454545454,0.7954545454545454,0.6607142857142857,0.5147058823529411,0.6886792452830188,0.9503875968992247
fs,smote,hbase-0.94.0,standard,decision_tree,32,132,36,12,44,168,212,0.22641509433962265,0.7735849056603774,0.7272727272727273,0.21428571428571427,0.47058823529411764,0.7272727272727273,0.7272727272727273,0.7857142857142857,0.5714285714285714,0.7735849056603774,0.8745847176079735
fs,smote,hbase-0.94.0,standard,naive_bayes_gaussian,17,148,20,27,44,168,212,0.22169811320754718,0.7783018867924528,0.38636363636363635,0.11904761904761904,0.4594594594594595,0.38636363636363635,0.38636363636363635,0.8809523809523809,0.41975308641975306,0.7783018867924528,0.4679955703211517
fs,smote,hbase-0.94.0,standard,svm,28,122,46,16,44,168,212,0.29245283018867924,0.7075471698113207,0.6363636363636364,0.27380952380952384,0.3783783783783784,0.6363636363636364,0.6363636363636364,0.7261904761904762,0.4745762711864407,0.7075471698113207,0.9291805094130675
nofs,smote,hbase-0.94.0,standard,decision_tree,33,137,31,11,44,168,212,0.19811320754716982,0.8018867924528302,0.75,0.18452380952380953,0.515625,0.75,0.75,0.8154761904761905,0.6111111111111112,0.8018867924528302,0.8674418604651162
nofs,smote,hbase-0.94.0,standard,naive_bayes_gaussian,20,140,28,24,44,168,212,0.24528301886792453,0.7547169811320755,0.45454545454545453,0.16666666666666666,0.4166666666666667,0.45454545454545453,0.45454545454545453,0.8333333333333334,0.43478260869565216,0.7547169811320755,0.482392026578073
nofs,smote,hbase-0.94.0,standard,svm,37,76,92,7,44,168,212,0.4669811320754717,0.5330188679245284,0.8409090909090909,0.5476190476190477,0.2868217054263566,0.8409090909090909,0.8409090909090909,0.4523809523809524,0.4277456647398844,0.5330188679245284,0.893576965669989
fs,unbalanced,hbase-0.94.0,robust,decision_tree,16,160,8,28,44,168,212,0.16981132075471697,0.8301886792452831,0.36363636363636365,0.047619047619047616,0.6666666666666666,0.36363636363636365,0.36363636363636365,0.9523809523809523,0.47058823529411764,0.8301886792452831,0.5385620915032681
fs,unbalanced,hbase-0.94.0,robust,naive_bayes_gaussian,15,152,16,29,44,168,212,0.21226415094339623,0.7877358490566038,0.3409090909090909,0.09523809523809523,0.4838709677419355,0.3409090909090909,0.3409090909090909,0.9047619047619048,0.4,0.7877358490566038,0.4356209150326797
fs,unbalanced,hbase-0.94.0,robust,svm,29,28,140,15,44,168,212,0.7311320754716981,0.2688679245283019,0.6590909090909091,0.8333333333333334,0.17159763313609466,0.6590909090909091,0.6590909090909091,0.16666666666666666,0.27230046948356806,0.2688679245283019,0.5526143790849674
nofs,unbalanced,hbase-0.94.0,robust,decision_tree,21,147,21,23,44,168,212,0.20754716981132076,0.7924528301886793,0.4772727272727273,0.125,0.5,0.4772727272727273,0.4772727272727273,0.875,0.4883720930232558,0.7924528301886793,0.5702614379084967
nofs,unbalanced,hbase-0.94.0,robust,naive_bayes_gaussian,44,1,167,0,44,168,212,0.7877358490566038,0.21226415094339623,1.0,0.9940476190476191,0.20853080568720378,1.0,1.0,0.005952380952380952,0.34509803921568627,0.21226415094339623,0.9
nofs,unbalanced,hbase-0.94.0,robust,svm,0,168,0,44,44,168,212,0.20754716981132076,0.7924528301886793,0.0,0.0,0.0,0.0,0.0,1.0,0.0,0.7924528301886793,0.8660130718954248
fs,unbalanced,hbase-0.94.0,standard,decision_tree,16,160,8,28,44,168,212,0.16981132075471697,0.8301886792452831,0.36363636363636365,0.047619047619047616,0.6666666666666666,0.36363636363636365,0.36363636363636365,0.9523809523809523,0.47058823529411764,0.8301886792452831,0.5385620915032681
fs,unbalanced,hbase-0.94.0,standard,naive_bayes_gaussian,15,152,16,29,44,168,212,0.21226415094339623,0.7877358490566038,0.3409090909090909,0.09523809523809523,0.4838709677419355,0.3409090909090909,0.3409090909090909,0.9047619047619048,0.4,0.7877358490566038,0.4356209150326797
fs,unbalanced,hbase-0.94.0,standard,svm,15,122,46,29,44,168,212,0.35377358490566035,0.6462264150943396,0.3409090909090909,0.27380952380952384,0.2459016393442623,0.3409090909090909,0.3409090909090909,0.7261904761904762,0.2857142857142857,0.6462264150943396,0.615359477124183
nofs,unbalanced,hbase-0.94.0,standard,decision_tree,21,147,21,23,44,168,212,0.20754716981132076,0.7924528301886793,0.4772727272727273,0.125,0.5,0.4772727272727273,0.4772727272727273,0.875,0.4883720930232558,0.7924528301886793,0.5643790849673203
nofs,unbalanced,hbase-0.94.0,standard,naive_bayes_gaussian,25,137,31,19,44,168,212,0.2358490566037736,0.7641509433962265,0.5681818181818182,0.18452380952380953,0.44642857142857145,0.5681818181818182,0.5681818181818182,0.8154761904761905,0.5,0.7641509433962265,0.6480392156862745
nofs,unbalanced,hbase-0.94.0,standard,svm,16,146,22,28,44,168,212,0.2358490566037736,0.7641509433962265,0.36363636363636365,0.13095238095238096,0.42105263157894735,0.36363636363636365,0.36363636363636365,0.8690476190476191,0.3902439024390244,0.7641509433962265,0.5395424836601307
fs,csbboost,hive-0.9.0,robust,decision_tree,43,174,53,14,57,227,284,0.23591549295774647,0.7640845070422535,0.7543859649122807,0.23348017621145375,0.4479166666666667,0.7543859649122807,0.7543859649122807,0.7665198237885462,0.5620915032679739,0.7640845070422535,0.8704573934837093
fs,csbboost,hive-0.9.0,robust,naive_bayes_gaussian,6,224,3,51,57,227,284,0.19014084507042253,0.8098591549295775,0.10526315789473684,0.013215859030837005,0.6666666666666666,0.10526315789473684,0.10526315789473684,0.986784140969163,0.18181818181818182,0.8098591549295775,0.12208646616541355
fs,csbboost,hive-0.9.0,robust,svm,39,171,56,18,57,227,284,0.2605633802816901,0.7394366197183099,0.6842105263157895,0.24669603524229075,0.4105263157894737,0.6842105263157895,0.6842105263157895,0.7533039647577092,0.5131578947368421,0.7394366197183099,0.9574561403508772
nofs,csbboost,hive-0.9.0,robust,decision_tree,48,189,38,9,57,227,284,0.16549295774647887,0.8345070422535211,0.8421052631578947,0.16740088105726872,0.5581395348837209,0.8421052631578947,0.8421052631578947,0.8325991189427313,0.6713286713286714,0.8345070422535211,0.8687656641604009
nofs,csbboost,hive-0.9.0,robust,naive_bayes_gaussian,9,223,4,48,57,227,284,0.18309859154929578,0.8169014084507042,0.15789473684210525,0.01762114537444934,0.6923076923076923,0.15789473684210525,0.15789473684210525,0.9823788546255506,0.2571428571428571,0.8169014084507042,0.1468671679197995
nofs,csbboost,hive-0.9.0,robust,svm,43,168,59,14,57,227,284,0.25704225352112675,0.7429577464788732,0.7543859649122807,0.2599118942731278,0.4215686274509804,0.7543859649122807,0.7543859649122807,0.7400881057268722,0.5408805031446541,0.7429577464788732,0.9627819548872181
fs,csbboost,hive-0.9.0,standard,decision_tree,43,174,53,14,57,227,284,0.23591549295774647,0.7640845070422535,0.7543859649122807,0.23348017621145375,0.4479166666666667,0.7543859649122807,0.7543859649122807,0.7665198237885462,0.5620915032679739,0.7640845070422535,0.8704573934837093
fs,csbboost,hive-0.9.0,standard,naive_bayes_gaussian,11,222,5,46,57,227,284,0.1795774647887324,0.8204225352112676,0.19298245614035087,0.022026431718061675,0.6875,0.19298245614035087,0.19298245614035087,0.9779735682819384,0.3013698630136986,0.8204225352112676,0.2724624060150376
fs,csbboost,hive-0.9.0,standard,svm,34,185,42,23,57,227,284,0.22887323943661972,0.7711267605633803,0.5964912280701754,0.18502202643171806,0.4473684210526316,0.5964912280701754,0.5964912280701754,0.8149779735682819,0.5112781954887218,0.7711267605633803,0.8617167919799499
nofs,csbboost,hive-0.9.0,standard,decision_tree,48,189,38,9,57,227,284,0.16549295774647887,0.8345070422535211,0.8421052631578947,0.16740088105726872,0.5581395348837209,0.8421052631578947,0.8421052631578947,0.8325991189427313,0.6713286713286714,0.8345070422535211,0.8687656641604009
nofs,csbboost,hive-0.9.0,standard,naive_bayes_gaussian,15,220,7,42,57,227,284,0.17253521126760563,0.8274647887323944,0.2631578947368421,0.030837004405286344,0.6818181818181818,0.2631578947368421,0.2631578947368421,0.9691629955947136,0.379746835443038,0.8274647887323944,0.3237781954887218
nofs,csbboost,hive-0.9.0,standard,svm,30,193,34,27,57,227,284,0.2147887323943662,0.7852112676056338,0.5263157894736842,0.14977973568281938,0.46875,0.5263157894736842,0.5263157894736842,0.8502202643171806,0.49586776859504134,0.7852112676056338,0.8884711779448621
fs,hcbou,hive-0.9.0,robust,decision_tree,36,190,37,21,57,227,284,0.20422535211267606,0.795774647887324,0.631578947368421,0.16299559471365638,0.4931506849315068,0.631578947368421,0.631578947368421,0.8370044052863436,0.5538461538461539,0.795774647887324,0.8427318295739348
fs,hcbou,hive-0.9.0,robust,naive_bayes_gaussian,5,224,3,52,57,227,284,0.1936619718309859,0.8063380281690141,0.08771929824561403,0.013215859030837005,0.625,0.08771929824561403,0.08771929824561403,0.986784140969163,0.15384615384615385,0.8063380281690141,0.11115288220551375
fs,hcbou,hive-0.9.0,robust,svm,41,175,52,16,57,227,284,0.23943661971830985,0.7605633802816901,0.7192982456140351,0.2290748898678414,0.44086021505376344,0.7192982456140351,0.7192982456140351,0.7709251101321586,0.5466666666666666,0.7605633802816901,0.943577694235589
nofs,hcbou,hive-0.9.0,robust,decision_tree,37,179,48,20,57,227,284,0.23943661971830985,0.7605633802816901,0.6491228070175439,0.21145374449339208,0.43529411764705883,0.6491228070175439,0.6491228070175439,0.788546255506608,0.5211267605633803,0.7605633802816901,0.86203007518797
nofs,hcbou,hive-0.9.0,robust,naive_bayes_gaussian,8,224,3,49,57,227,284,0.18309859154929578,0.8169014084507042,0.14035087719298245,0.013215859030837005,0.7272727272727273,0.14035087719298245,0.14035087719298245,0.986784140969163,0.23529411764705882,0.8169014084507042,0.15354010025062656
nofs,hcbou,hive-0.9.0,robust,svm,45,184,43,12,57,227,284,0.1936619718309859,0.8063380281690141,0.7894736842105263,0.1894273127753304,0.5113636363636364,0.7894736842105263,0.7894736842105263,0.8105726872246696,0.6206896551724138,0.8063380281690141,0.9593358395989975
fs,hcbou,hive-0.9.0,standard,decision_tree,36,190,37,21,57,227,284,0.20422535211267606,0.795774647887324,0.631578947368421,0.16299559471365638,0.4931506849315068,0.631578947368421,0.631578947368421,0.8370044052863436,0.5538461538461539,0.795774647887324,0.8427318295739348
fs,hcbou,hive-0.9.0,standard,naive_bayes_gaussian,10,223,4,47,57,227,284,0.1795774647887324,0.8204225352112676,0.17543859649122806,0.01762114537444934,0.7142857142857143,0.17543859649122806,0.17543859649122806,0.9823788546255506,0.28169014084507044,0.8204225352112676,0.22073934837092732
fs,hcbou,hive-0.9.0,standard,svm,35,185,42,22,57,227,284,0.22535211267605634,0.7746478873239436,0.6140350877192983,0.18502202643171806,0.45454545454545453,0.6140350877192983,0.6140350877192983,0.8149779735682819,0.5223880597014925,0.7746478873239436,0.8515977443609023
nofs,hcbou,hive-0.9.0,standard,decision_tree,41,175,52,16,57,227,284,0.23943661971830985,0.7605633802816901,0.7192982456140351,0.2290748898678414,0.44086021505376344,0.7192982456140351,0.7192982456140351,0.7709251101321586,0.5466666666666666,0.7605633802816901,0.8656015037593985
nofs,hcbou,hive-0.9.0,standard,naive_bayes_gaussian,14,223,4,43,57,227,284,0.16549295774647887,0.8345070422535211,0.24561403508771928,0.01762114537444934,0.7777777777777778,0.24561403508771928,0.24561403508771928,0.9823788546255506,0.37333333333333335,0.8345070422535211,0.2968671679197995
nofs,hcbou,hive-0.9.0,standard,svm,29,201,26,28,57,227,284,0.19014084507042253,0.8098591549295775,0.5087719298245614,0.1145374449339207,0.5272727272727272,0.5087719298245614,0.5087719298245614,0.8854625550660793,0.5178571428571429,0.8098591549295775,0.8887531328320802
fs,smote,hive-0.9.0,robust,decision_tree,43,175,52,14,57,227,284,0.2323943661971831,0.7676056338028169,0.7543859649122807,0.2290748898678414,0.45263157894736844,0.7543859649122807,0.7543859649122807,0.7709251101321586,0.5657894736842105,0.7676056338028169,0.8567669172932331
fs,smote,hive-0.9.0,robust,naive_bayes_gaussian,4,224,3,53,57,227,284,0.19718309859154928,0.8028169014084507,0.07017543859649122,0.013215859030837005,0.5714285714285714,0.07017543859649122,0.07017543859649122,0.986784140969163,0.125,0.8028169014084507,0.1218045112781955
fs,smote,hive-0.9.0,robust,svm,43,169,58,14,57,227,284,0.2535211267605634,0.7464788732394366,0.7543859649122807,0.2555066079295154,0.42574257425742573,0.7543859649122807,0.7543859649122807,0.7444933920704846,0.5443037974683544,0.7464788732394366,0.9574248120300753
nofs,smote,hive-0.9.0,robust,decision_tree,44,171,56,13,57,227,284,0.24295774647887325,0.7570422535211268,0.7719298245614035,0.24669603524229075,0.44,0.7719298245614035,0.7719298245614035,0.7533039647577092,0.5605095541401274,0.7570422535211268,0.8725250626566415
nofs,smote,hive-0.9.0,robust,naive_bayes_gaussian,7,222,5,50,57,227,284,0.1936619718309859,0.8063380281690141,0.12280701754385964,0.022026431718061675,0.5833333333333334,0.12280701754385964,0.12280701754385964,0.9779735682819384,0.2028985507246377,0.8063380281690141,0.18903508771929825
nofs,smote,hive-0.9.0,robust,svm,46,167,60,11,57,227,284,0.25,0.75,0.8070175438596491,0.2643171806167401,0.4339622641509434,0.8070175438596491,0.8070175438596491,0.73568281938326,0.5644171779141104,0.75,0.9610588972431078
fs,smote,hive-0.9.0,standard,decision_tree,43,175,52,14,57,227,284,0.2323943661971831,0.7676056338028169,0.7543859649122807,0.2290748898678414,0.45263157894736844,0.7543859649122807,0.7543859649122807,0.7709251101321586,0.5657894736842105,0.7676056338028169,0.8567669172932331
fs,smote,hive-0.9.0,standard,naive_bayes_gaussian,12,224,3,45,57,227,284,0.16901408450704225,0.8309859154929577,0.21052631578947367,0.013215859030837005,0.8,0.21052631578947367,0.21052631578947367,0.986784140969163,0.3333333333333333,0.8309859154929577,0.2897243107769424
fs,smote,hive-0.9.0,standard,svm,34,191,36,23,57,227,284,0.20774647887323944,0.7922535211267606,0.5964912280701754,0.15859030837004406,0.4857142857142857,0.5964912280701754,0.5964912280701754,0.8414096916299559,0.5354330708661418,0.7922535211267606,0.8443609022556391
nofs,smote,hive-0.9.0,standard,decision_tree,44,171,56,13,57,227,284,0.24295774647887325,0.7570422535211268,0.7719298245614035,0.24669603524229075,0.44,0.7719298245614035,0.7719298245614035,0.7533039647577092,0.5605095541401274,0.7570422535211268,0.8742794486215539
nofs,smote,hive-0.9.0,standard,naive_bayes_gaussian,17,218,9,40,57,227,284,0.17253521126760563,0.8274647887323944,0.2982456140350877,0.039647577092511016,0.6538461538461539,0.2982456140350877,0.2982456140350877,0.960352422907489,0.40963855421686746,0.8274647887323944,0.3516290726817043
nofs,smote,hive-0.9.0,standard,svm,57,64,163,0,57,227,284,0.573943661971831,0.426056338028169,1.0,0.7180616740088106,0.2590909090909091,1.0,1.0,0.28193832599118945,0.41155234657039713,0.426056338028169,0.9964285714285713
fs,unbalanced,hive-0.9.0,robust,decision_tree,36,206,21,21,57,227,284,0.14788732394366197,0.852112676056338,0.631578947368421,0.09251101321585903,0.631578947368421,0.631578947368421,0.631578947368421,0.9074889867841409,0.631578947368421,0.852112676056338,0.6017786561264822
fs,unbalanced,hive-0.9.0,robust,naive_bayes_gaussian,5,224,3,52,57,227,284,0.1936619718309859,0.8063380281690141,0.08771929824561403,0.013215859030837005,0.625,0.08771929824561403,0.08771929824561403,0.986784140969163,0.15384615384615385,0.8063380281690141,0.11897233201581028
fs,unbalanced,hive-0.9.0,robust,svm,51,4,223,6,57,227,284,0.8063380281690141,0.1936619718309859,0.8947368421052632,0.9823788546255506,0.18613138686131386,0.8947368421052632,0.8947368421052632,0.01762114537444934,0.3081570996978852,0.1936619718309859,0.6830039525691699
nofs,unbalanced,hive-0.9.0,robust,decision_tree,38,205,22,19,57,227,284,0.1443661971830986,0.8556338028169014,0.6666666666666666,0.09691629955947137,0.6333333333333333,0.6666666666666666,0.6666666666666666,0.9030837004405287,0.6495726495726496,0.8556338028169014,0.6278656126482214
nofs,unbalanced,hive-0.9.0,robust,naive_bayes_gaussian,7,224,3,50,57,227,284,0.18661971830985916,0.8133802816901409,0.12280701754385964,0.013215859030837005,0.7,0.12280701754385964,0.12280701754385964,0.986784140969163,0.208955223880597,0.8133802816901409,0.14545454545454545
nofs,unbalanced,hive-0.9.0,robust,svm,14,212,15,43,57,227,284,0.20422535211267606,0.795774647887324,0.24561403508771928,0.06607929515418502,0.4827586206896552,0.24561403508771928,0.24561403508771928,0.933920704845815,0.32558139534883723,0.795774647887324,0.7047430830039526
fs,unbalanced,hive-0.9.0,standard,decision_tree,31,198,29,26,57,227,284,0.1936619718309859,0.8063380281690141,0.543859649122807,0.1277533039647577,0.5166666666666667,0.543859649122807,0.543859649122807,0.8722466960352423,0.5299145299145299,0.8063380281690141,0.6021739130434782
fs,unbalanced,hive-0.9.0,standard,naive_bayes_gaussian,12,223,4,45,57,227,284,0.17253521126760563,0.8274647887323944,0.21052631578947367,0.01762114537444934,0.75,0.21052631578947367,0.21052631578947367,0.9823788546255506,0.3287671232876712,0.8274647887323944,0.29209486166007903
fs,unbalanced,hive-0.9.0,standard,svm,31,154,73,26,57,227,284,0.3485915492957746,0.6514084507042254,0.543859649122807,0.32158590308370044,0.2980769230769231,0.543859649122807,0.543859649122807,0.6784140969162996,0.38509316770186336,0.6514084507042254,0.6144268774703557
nofs,unbalanced,hive-0.9.0,standard,decision_tree,39,205,22,18,57,227,284,0.14084507042253522,0.8591549295774648,0.6842105263157895,0.09691629955947137,0.639344262295082,0.6842105263157895,0.6842105263157895,0.9030837004405287,0.6610169491525424,0.8591549295774648,0.6278656126482214
nofs,unbalanced,hive-0.9.0,standard,naive_bayes_gaussian,15,222,5,42,57,227,284,0.16549295774647887,0.8345070422535211,0.2631578947368421,0.022026431718061675,0.75,0.2631578947368421,0.2631578947368421,0.9779735682819384,0.38961038961038963,0.8345070422535211,0.3446640316205533
nofs,unbalanced,hive-0.9.0,standard,svm,27,210,17,30,57,227,284,0.16549295774647887,0.8345070422535211,0.47368421052631576,0.07488986784140969,0.6136363636363636,0.47368421052631576,0.47368421052631576,0.9251101321585903,0.5346534653465347,0.8345070422535211,0.5454545454545454
fs,csbboost,jruby-1.1,robust,decision_tree,10,114,16,7,17,130,147,0.1564625850340136,0.8435374149659864,0.5882352941176471,0.12307692307692308,0.38461538461538464,0.5882352941176471,0.5882352941176471,0.8769230769230769,0.46511627906976744,0.8435374149659864,0.9350574712643678
fs,csbboost,jruby-1.1,robust,naive_bayes_gaussian,12,121,9,5,17,130,147,0.09523809523809523,0.9047619047619048,0.7058823529411765,0.06923076923076923,0.5714285714285714,0.7058823529411765,0.7058823529411765,0.9307692307692308,0.631578947368421,0.9047619047619048,0.6542528735632185
fs,csbboost,jruby-1.1,robust,svm,17,56,74,0,17,130,147,0.5034013605442177,0.4965986394557823,1.0,0.5692307692307692,0.18681318681318682,1.0,1.0,0.4307692307692308,0.3148148148148148,0.4965986394557823,0.9698850574712644
nofs,csbboost,jruby-1.1,robust,decision_tree,15,104,26,2,17,130,147,0.19047619047619047,0.8095238095238095,0.8823529411764706,0.2,0.36585365853658536,0.8823529411764706,0.8823529411764706,0.8,0.5172413793103449,0.8095238095238095,0.9760919540229885
nofs,csbboost,jruby-1.1,robust,naive_bayes_gaussian,1,130,0,16,17,130,147,0.10884353741496598,0.891156462585034,0.058823529411764705,0.0,1.0,0.058823529411764705,0.058823529411764705,1.0,0.1111111111111111,0.891156462585034,0.037701149425287364
nofs,csbboost,jruby-1.1,robust,svm,12,95,35,5,17,130,147,0.272108843537415,0.7278911564625851,0.7058823529411765,0.2692307692307692,0.2553191489361702,0.7058823529411765,0.7058823529411765,0.7307692307692307,0.375,0.7278911564625851,0.9932183908045978
fs,csbboost,jruby-1.1,standard,decision_tree,10,114,16,7,17,130,147,0.1564625850340136,0.8435374149659864,0.5882352941176471,0.12307692307692308,0.38461538461538464,0.5882352941176471,0.5882352941176471,0.8769230769230769,0.46511627906976744,0.8435374149659864,0.9350574712643678
fs,csbboost,jruby-1.1,standard,naive_bayes_gaussian,12,121,9,5,17,130,147,0.09523809523809523,0.9047619047619048,0.7058823529411765,0.06923076923076923,0.5714285714285714,0.7058823529411765,0.7058823529411765,0.9307692307692308,0.631578947368421,0.9047619047619048,0.6542528735632185
fs,csbboost,jruby-1.1,standard,svm,15,85,45,2,17,130,147,0.3197278911564626,0.6802721088435374,0.8823529411764706,0.34615384615384615,0.25,0.8823529411764706,0.8823529411764706,0.6538461538461539,0.38961038961038963,0.6802721088435374,0.969655172413793
nofs,csbboost,jruby-1.1,standard,decision_tree,15,104,26,2,17,130,147,0.19047619047619047,0.8095238095238095,0.8823529411764706,0.2,0.36585365853658536,0.8823529411764706,0.8823529411764706,0.8,0.5172413793103449,0.8095238095238095,0.9760919540229885
nofs,csbboost,jruby-1.1,standard,naive_bayes_gaussian,11,123,7,6,17,130,147,0.08843537414965986,0.9115646258503401,0.6470588235294118,0.05384615384615385,0.6111111111111112,0.6470588235294118,0.6470588235294118,0.9461538461538461,0.6285714285714286,0.9115646258503401,0.6371264367816092
nofs,csbboost,jruby-1.1,standard,svm,11,117,13,6,17,130,147,0.1292517006802721,0.8707482993197279,0.6470588235294118,0.1,0.4583333333333333,0.6470588235294118,0.6470588235294118,0.9,0.5365853658536586,0.8707482993197279,0.9760919540229885
fs,hcbou,jruby-1.1,robust,decision_tree,11,108,22,6,17,130,147,0.19047619047619047,0.8095238095238095,0.6470588235294118,0.16923076923076924,0.3333333333333333,0.6470588235294118,0.6470588235294118,0.8307692307692308,0.44,0.8095238095238095,0.9386206896551725
fs,hcbou,jruby-1.1,robust,naive_bayes_gaussian,10,123,7,7,17,130,147,0.09523809523809523,0.9047619047619048,0.5882352941176471,0.05384615384615385,0.5882352941176471,0.5882352941176471,0.5882352941176471,0.9461538461538461,0.5882352941176471,0.9047619047619048,0.575287356321839
fs,hcbou,jruby-1.1,robust,svm,13,114,16,4,17,130,147,0.1360544217687075,0.8639455782312925,0.7647058823529411,0.12307692307692308,0.4482758620689655,0.7647058823529411,0.7647058823529411,0.8769230769230769,0.5652173913043478,0.8639455782312925,0.9864367816091952
nofs,hcbou,jruby-1.1,robust,decision_tree,10,112,18,7,17,130,147,0.17006802721088435,0.8299319727891157,0.5882352941176471,0.13846153846153847,0.35714285714285715,0.5882352941176471,0.5882352941176471,0.8615384615384616,0.4444444444444444,0.8299319727891157,0.9348275862068964
nofs,hcbou,jruby-1.1,robust,naive_bayes_gaussian,1,130,0,16,17,130,147,0.10884353741496598,0.891156462585034,0.058823529411764705,0.0,1.0,0.058823529411764705,0.058823529411764705,1.0,0.1111111111111111,0.891156462585034,0.04459770114942529
nofs,hcbou,jruby-1.1,robust,svm,12,109,21,5,17,130,147,0.17687074829931973,0.8231292517006803,0.7058823529411765,0.16153846153846155,0.36363636363636365,0.7058823529411765,0.7058823529411765,0.8384615384615385,0.48,0.8231292517006803,0.9828735632183907
fs,hcbou,jruby-1.1,standard,decision_tree,11,108,22,6,17,130,147,0.19047619047619047,0.8095238095238095,0.6470588235294118,0.16923076923076924,0.3333333333333333,0.6470588235294118,0.6470588235294118,0.8307692307692308,0.44,0.8095238095238095,0.9386206896551725
fs,hcbou,jruby-1.1,standard,naive_bayes_gaussian,10,123,7,7,17,130,147,0.09523809523809523,0.9047619047619048,0.5882352941176471,0.05384615384615385,0.5882352941176471,0.5882352941176471,0.5882352941176471,0.9461538461538461,0.5882352941176471,0.9047619047619048,0.575287356321839
fs,hcbou,jruby-1.1,standard,svm,15,80,50,2,17,130,147,0.35374149659863946,0.6462585034013606,0.8823529411764706,0.38461538461538464,0.23076923076923078,0.8823529411764706,0.8823529411764706,0.6153846153846154,0.36585365853658536,0.6462585034013606,0.9932183908045976
nofs,hcbou,jruby-1.1,standard,decision_tree,10,112,18,7,17,130,147,0.17006802721088435,0.8299319727891157,0.5882352941176471,0.13846153846153847,0.35714285714285715,0.5882352941176471,0.5882352941176471,0.8615384615384616,0.4444444444444444,0.8299319727891157,0.9348275862068964
nofs,hcbou,jruby-1.1,standard,naive_bayes_gaussian,11,124,6,6,17,130,147,0.08163265306122448,0.9183673469387755,0.6470588235294118,0.046153846153846156,0.6470588235294118,0.6470588235294118,0.6470588235294118,0.9538461538461539,0.6470588235294118,0.9183673469387755,0.5994252873563218
nofs,hcbou,jruby-1.1,standard,svm,8,121,9,9,17,130,147,0.12244897959183673,0.8775510204081632,0.47058823529411764,0.06923076923076923,0.47058823529411764,0.47058823529411764,0.47058823529411764,0.9307692307692308,0.47058823529411764,0.8775510204081632,0.9519540229885057
fs,smote,jruby-1.1,robust,decision_tree,11,117,13,6,17,130,147,0.1292517006802721,0.8707482993197279,0.6470588235294118,0.1,0.4583333333333333,0.6470588235294118,0.6470588235294118,0.9,0.5365853658536586,0.8707482993197279,0.9281609195402298
fs,smote,jruby-1.1,robust,naive_bayes_gaussian,11,121,9,6,17,130,147,0.10204081632653061,0.8979591836734694,0.6470588235294118,0.06923076923076923,0.55,0.6470588235294118,0.6470588235294118,0.9307692307692308,0.5945945945945946,0.8979591836734694,0.6573563218390805
fs,smote,jruby-1.1,robust,svm,14,115,15,3,17,130,147,0.12244897959183673,0.8775510204081632,0.8235294117647058,0.11538461538461539,0.4827586206896552,0.8235294117647058,0.8235294117647058,0.8846153846153846,0.6086956521739131,0.8775510204081632,0.9829885057471264
nofs,smote,jruby-1.1,robust,decision_tree,11,120,10,6,17,130,147,0.10884353741496598,0.891156462585034,0.6470588235294118,0.07692307692307693,0.5238095238095238,0.6470588235294118,0.6470588235294118,0.9230769230769231,0.5789473684210527,0.891156462585034,0.9078160919540231
nofs,smote,jruby-1.1,robust,naive_bayes_gaussian,1,130,0,16,17,130,147,0.10884353741496598,0.891156462585034,0.058823529411764705,0.0,1.0,0.058823529411764705,0.058823529411764705,1.0,0.1111111111111111,0.891156462585034,0.04781609195402299
nofs,smote,jruby-1.1,robust,svm,13,100,30,4,17,130,147,0.23129251700680273,0.7687074829931972,0.7647058823529411,0.23076923076923078,0.3023255813953488,0.7647058823529411,0.7647058823529411,0.7692307692307693,0.43333333333333335,0.7687074829931972,0.9863218390804598
fs,smote,jruby-1.1,standard,decision_tree,11,117,13,6,17,130,147,0.1292517006802721,0.8707482993197279,0.6470588235294118,0.1,0.4583333333333333,0.6470588235294118,0.6470588235294118,0.9,0.5365853658536586,0.8707482993197279,0.9248275862068965
fs,smote,jruby-1.1,standard,naive_bayes_gaussian,11,121,9,6,17,130,147,0.10204081632653061,0.8979591836734694,0.6470588235294118,0.06923076923076923,0.55,0.6470588235294118,0.6470588235294118,0.9307692307692308,0.5945945945945946,0.8979591836734694,0.6573563218390805
fs,smote,jruby-1.1,standard,svm,12,117,13,5,17,130,147,0.12244897959183673,0.8775510204081632,0.7058823529411765,0.1,0.48,0.7058823529411765,0.7058823529411765,0.9,0.5714285714285714,0.8775510204081632,0.9726436781609197
nofs,smote,jruby-1.1,standard,decision_tree,10,120,10,7,17,130,147,0.11564625850340136,0.8843537414965986,0.5882352941176471,0.07692307692307693,0.5,0.5882352941176471,0.5882352941176471,0.9230769230769231,0.5405405405405406,0.8843537414965986,0.9214942528735633
nofs,smote,jruby-1.1,standard,naive_bayes_gaussian,11,124,6,6,17,130,147,0.08163265306122448,0.9183673469387755,0.6470588235294118,0.046153846153846156,0.6470588235294118,0.6470588235294118,0.6470588235294118,0.9538461538461539,0.6470588235294118,0.9183673469387755,0.6233333333333333
nofs,smote,jruby-1.1,standard,svm,9,122,8,8,17,130,147,0.10884353741496598,0.891156462585034,0.5294117647058824,0.06153846153846154,0.5294117647058824,0.5294117647058824,0.5294117647058824,0.9384615384615385,0.5294117647058824,0.891156462585034,0.9656321839080461
fs,unbalanced,jruby-1.1,robust,decision_tree,9,123,7,8,17,130,147,0.10204081632653061,0.8979591836734694,0.5294117647058824,0.05384615384615385,0.5625,0.5294117647058824,0.5294117647058824,0.9461538461538461,0.5454545454545454,0.8979591836734694,0.6285714285714286
fs,unbalanced,jruby-1.1,robust,naive_bayes_gaussian,12,122,8,5,17,130,147,0.08843537414965986,0.9115646258503401,0.7058823529411765,0.06153846153846154,0.6,0.7058823529411765,0.7058823529411765,0.9384615384615385,0.6486486486486487,0.9115646258503401,0.6142857142857143
fs,unbalanced,jruby-1.1,robust,svm,10,123,7,7,17,130,147,0.09523809523809523,0.9047619047619048,0.5882352941176471,0.05384615384615385,0.5882352941176471,0.5882352941176471,0.5882352941176471,0.9461538461538461,0.5882352941176471,0.9047619047619048,0.657142857142857
nofs,unbalanced,jruby-1.1,robust,decision_tree,7,124,6,10,17,130,147,0.10884353741496598,0.891156462585034,0.4117647058823529,0.046153846153846156,0.5384615384615384,0.4117647058823529,0.4117647058823529,0.9538461538461539,0.4666666666666667,0.891156462585034,0.5285714285714287
nofs,unbalanced,jruby-1.1,robust,naive_bayes_gaussian,2,130,0,15,17,130,147,0.10204081632653061,0.8979591836734694,0.11764705882352941,0.0,1.0,0.11764705882352941,0.11764705882352941,1.0,0.21052631578947367,0.8979591836734694,0.04285714285714286
nofs,unbalanced,jruby-1.1,robust,svm,6,129,1,11,17,130,147,0.08163265306122448,0.9183673469387755,0.35294117647058826,0.007692307692307693,0.8571428571428571,0.35294117647058826,0.35294117647058826,0.9923076923076923,0.5,0.9183673469387755,0.6571428571428571
fs,unbalanced,jruby-1.1,standard,decision_tree,9,123,7,8,17,130,147,0.10204081632653061,0.8979591836734694,0.5294117647058824,0.05384615384615385,0.5625,0.5294117647058824,0.5294117647058824,0.9461538461538461,0.5454545454545454,0.8979591836734694,0.6285714285714286
fs,unbalanced,jruby-1.1,standard,naive_bayes_gaussian,12,122,8,5,17,130,147,0.08843537414965986,0.9115646258503401,0.7058823529411765,0.06153846153846154,0.6,0.7058823529411765,0.7058823529411765,0.9384615384615385,0.6486486486486487,0.9115646258503401,0.6142857142857143
fs,unbalanced,jruby-1.1,standard,svm,10,127,3,7,17,130,147,0.06802721088435375,0.9319727891156463,0.5882352941176471,0.023076923076923078,0.7692307692307693,0.5882352941176471,0.5882352941176471,0.9769230769230769,0.6666666666666666,0.9319727891156463,0.5571428571428572
nofs,unbalanced,jruby-1.1,standard,decision_tree,7,124,6,10,17,130,147,0.10884353741496598,0.891156462585034,0.4117647058823529,0.046153846153846156,0.5384615384615384,0.4117647058823529,0.4117647058823529,0.9538461538461539,0.4666666666666667,0.891156462585034,0.5285714285714287
nofs,unbalanced,jruby-1.1,standard,naive_bayes_gaussian,11,124,6,6,17,130,147,0.08163265306122448,0.9183673469387755,0.6470588235294118,0.046153846153846156,0.6470588235294118,0.6470588235294118,0.6470588235294118,0.9538461538461539,0.6470588235294118,0.9183673469387755,0.6
nofs,unbalanced,jruby-1.1,standard,svm,10,126,4,7,17,130,147,0.07482993197278912,0.9251700680272109,0.5882352941176471,0.03076923076923077,0.7142857142857143,0.5882352941176471,0.5882352941176471,0.9692307692307692,0.6451612903225806,0.9251700680272109,0.5142857142857143
fs,csbboost,wicket-1.3.0-beta2,robust,decision_tree,12,292,35,14,26,327,353,0.1388101983002833,0.8611898016997167,0.46153846153846156,0.10703363914373089,0.2553191489361702,0.46153846153846156,0.46153846153846156,0.8929663608562691,0.3287671232876712,0.8611898016997167,0.9135010060362173
fs,csbboost,wicket-1.3.0-beta2,robust,naive_bayes_gaussian,9,293,34,17,26,327,353,0.14447592067988668,0.8555240793201133,0.34615384615384615,0.10397553516819572,0.20930232558139536,0.34615384615384615,0.34615384615384615,0.8960244648318043,0.2608695652173913,0.8555240793201133,0.5375653923541248
fs,csbboost,wicket-1.3.0-beta2,robust,svm,19,259,68,7,26,327,353,0.21246458923512748,0.7875354107648725,0.7307692307692307,0.20795107033639143,0.21839080459770116,0.7307692307692307,0.7307692307692307,0.7920489296636085,0.336283185840708,0.7875354107648725,0.9872837022132795
nofs,csbboost,wicket-1.3.0-beta2,robust,decision_tree,9,293,34,17,26,327,353,0.14447592067988668,0.8555240793201133,0.34615384615384615,0.10397553516819572,0.20930232558139536,0.34615384615384615,0.34615384615384615,0.8960244648318043,0.2608695652173913,0.8555240793201133,0.9178269617706236
nofs,csbboost,wicket-1.3.0-beta2,robust,naive_bayes_gaussian,10,299,28,16,26,327,353,0.12464589235127478,0.8753541076487252,0.38461538461538464,0.0856269113149847,0.2631578947368421,0.38461538461538464,0.38461538461538464,0.9143730886850153,0.3125,0.8753541076487252,0.4610060362173038
nofs,csbboost,wicket-1.3.0-beta2,robust,svm,9,302,25,17,26,327,353,0.11898016997167139,0.8810198300283286,0.34615384615384615,0.0764525993883792,0.2647058823529412,0.34615384615384615,0.34615384615384615,0.9235474006116208,0.3,0.8810198300283286,0.953199195171026
fs,csbboost,wicket-1.3.0-beta2,standard,decision_tree,12,295,32,14,26,327,353,0.13031161473087818,0.8696883852691218,0.46153846153846156,0.09785932721712538,0.2727272727272727,0.46153846153846156,0.46153846153846156,0.9021406727828746,0.34285714285714286,0.8696883852691218,0.912092555331992
fs,csbboost,wicket-1.3.0-beta2,standard,naive_bayes_gaussian,10,296,31,16,26,327,353,0.13314447592067988,0.8668555240793201,0.38461538461538464,0.09480122324159021,0.24390243902439024,0.38461538461538464,0.38461538461538464,0.9051987767584098,0.29850746268656714,0.8668555240793201,0.5021327967806841
fs,csbboost,wicket-1.3.0-beta2,standard,svm,13,285,42,13,26,327,353,0.1558073654390935,0.8441926345609065,0.5,0.12844036697247707,0.23636363636363636,0.5,0.5,0.8715596330275229,0.32098765432098764,0.8441926345609065,0.9858350100603621
nofs,csbboost,wicket-1.3.0-beta2,standard,decision_tree,8,293,34,18,26,327,353,0.14730878186968838,0.8526912181303116,0.3076923076923077,0.10397553516819572,0.19047619047619047,0.3076923076923077,0.3076923076923077,0.8960244648318043,0.23529411764705882,0.8526912181303116,0.9178269617706236
nofs,csbboost,wicket-1.3.0-beta2,standard,naive_bayes_gaussian,10,299,28,16,26,327,353,0.12464589235127478,0.8753541076487252,0.38461538461538464,0.0856269113149847,0.2631578947368421,0.38461538461538464,0.38461538461538464,0.9143730886850153,0.3125,0.8753541076487252,0.4610060362173038
nofs,csbboost,wicket-1.3.0-beta2,standard,svm,10,302,25,16,26,327,353,0.11614730878186968,0.8838526912181303,0.38461538461538464,0.0764525993883792,0.2857142857142857,0.38461538461538464,0.38461538461538464,0.9235474006116208,0.32786885245901637,0.8838526912181303,0.9872233400402415
fs,hcbou,wicket-1.3.0-beta2,robust,decision_tree,11,288,39,15,26,327,353,0.1529745042492918,0.8470254957507082,0.4230769230769231,0.11926605504587157,0.22,0.4230769230769231,0.4230769230769231,0.8807339449541285,0.2894736842105263,0.8470254957507082,0.9147283702213281
fs,hcbou,wicket-1.3.0-beta2,robust,naive_bayes_gaussian,10,299,28,16,26,327,353,0.12464589235127478,0.8753541076487252,0.38461538461538464,0.0856269113149847,0.2631578947368421,0.38461538461538464,0.38461538461538464,0.9143730886850153,0.3125,0.8753541076487252,0.471569416498994
fs,hcbou,wicket-1.3.0-beta2,robust,svm,23,140,187,3,26,327,353,0.5382436260623229,0.46175637393767704,0.8846153846153846,0.5718654434250765,0.10952380952380952,0.8846153846153846,0.8846153846153846,0.42813455657492355,0.19491525423728814,0.46175637393767704,0.938913480885312
nofs,hcbou,wicket-1.3.0-beta2,robust,decision_tree,15,245,82,11,26,327,353,0.26345609065155806,0.7365439093484419,0.5769230769230769,0.25076452599388377,0.15463917525773196,0.5769230769230769,0.5769230769230769,0.7492354740061162,0.24390243902439024,0.7365439093484419,0.9117505030181088
nofs,hcbou,wicket-1.3.0-beta2,robust,naive_bayes_gaussian,10,304,23,16,26,327,353,0.11048158640226628,0.8895184135977338,0.38461538461538464,0.07033639143730887,0.30303030303030304,0.38461538461538464,0.38461538461538464,0.9296636085626911,0.3389830508474576,0.8895184135977338,0.46026156941649904
nofs,hcbou,wicket-1.3.0-beta2,robust,svm,8,307,20,18,26,327,353,0.10764872521246459,0.8923512747875354,0.3076923076923077,0.06116207951070336,0.2857142857142857,0.3076923076923077,0.3076923076923077,0.9388379204892966,0.2962962962962963,0.8923512747875354,0.9459959758551308
fs,hcbou,wicket-1.3.0-beta2,standard,decision_tree,11,288,39,15,26,327,353,0.1529745042492918,0.8470254957507082,0.4230769230769231,0.11926605504587157,0.22,0.4230769230769231,0.4230769230769231,0.8807339449541285,0.2894736842105263,0.8470254957507082,0.9161569416498996
fs,hcbou,wicket-1.3.0-beta2,standard,naive_bayes_gaussian,10,299,28,16,26,327,353,0.12464589235127478,0.8753541076487252,0.38461538461538464,0.0856269113149847,0.2631578947368421,0.38461538461538464,0.38461538461538464,0.9143730886850153,0.3125,0.8753541076487252,0.471569416498994
fs,hcbou,wicket-1.3.0-beta2,standard,svm,4,286,41,22,26,327,353,0.17847025495750707,0.8215297450424929,0.15384615384615385,0.12538226299694188,0.08888888888888889,0.15384615384615385,0.15384615384615385,0.8746177370030581,0.11267605633802817,0.8215297450424929,0.9446277665995975
nofs,hcbou,wicket-1.3.0-beta2,standard,decision_tree,15,245,82,11,26,327,353,0.26345609065155806,0.7365439093484419,0.5769230769230769,0.25076452599388377,0.15463917525773196,0.5769230769230769,0.5769230769230769,0.7492354740061162,0.24390243902439024,0.7365439093484419,0.9117505030181088
nofs,hcbou,wicket-1.3.0-beta2,standard,naive_bayes_gaussian,10,304,23,16,26,327,353,0.11048158640226628,0.8895184135977338,0.38461538461538464,0.07033639143730887,0.30303030303030304,0.38461538461538464,0.38461538461538464,0.9296636085626911,0.3389830508474576,0.8895184135977338,0.46026156941649904
nofs,hcbou,wicket-1.3.0-beta2,standard,svm,6,313,14,20,26,327,353,0.09631728045325778,0.9036827195467422,0.23076923076923078,0.04281345565749235,0.3,0.23076923076923078,0.23076923076923078,0.9571865443425076,0.2608695652173913,0.9036827195467422,0.9602213279678068
fs,smote,wicket-1.3.0-beta2,robust,decision_tree,14,257,70,12,26,327,353,0.23229461756373937,0.7677053824362606,0.5384615384615384,0.21406727828746178,0.16666666666666666,0.5384615384615384,0.5384615384615384,0.7859327217125383,0.2545454545454545,0.7677053824362606,0.9318913480885312
fs,smote,wicket-1.3.0-beta2,robust,naive_bayes_gaussian,11,300,27,15,26,327,353,0.11898016997167139,0.8810198300283286,0.4230769230769231,0.08256880733944955,0.2894736842105263,0.4230769230769231,0.4230769230769231,0.9174311926605505,0.34375,0.8810198300283286,0.4596579476861167
fs,smote,wicket-1.3.0-beta2,robust,svm,23,126,201,3,26,327,353,0.5779036827195467,0.42209631728045327,0.8846153846153846,0.6146788990825688,0.10267857142857142,0.8846153846153846,0.8846153846153846,0.3853211009174312,0.184,0.42209631728045327,0.9815895372233401
nofs,smote,wicket-1.3.0-beta2,robust,decision_tree,10,279,48,16,26,327,353,0.1813031161473088,0.8186968838526912,0.38461538461538464,0.14678899082568808,0.1724137931034483,0.38461538461538464,0.38461538461538464,0.8532110091743119,0.23809523809523808,0.8186968838526912,0.9347686116700201
nofs,smote,wicket-1.3.0-beta2,robust,naive_bayes_gaussian,11,300,27,15,26,327,353,0.11898016997167139,0.8810198300283286,0.4230769230769231,0.08256880733944955,0.2894736842105263,0.4230769230769231,0.4230769230769231,0.9174311926605505,0.34375,0.8810198300283286,0.428430583501006
nofs,smote,wicket-1.3.0-beta2,robust,svm,11,283,44,15,26,327,353,0.1671388101983003,0.8328611898016998,0.4230769230769231,0.1345565749235474,0.2,0.4230769230769231,0.4230769230769231,0.8654434250764526,0.2716049382716049,0.8328611898016998,0.9801810865191147
fs,smote,wicket-1.3.0-beta2,standard,decision_tree,14,257,70,12,26,327,353,0.23229461756373937,0.7677053824362606,0.5384615384615384,0.21406727828746178,0.16666666666666666,0.5384615384615384,0.5384615384615384,0.7859327217125383,0.2545454545454545,0.7677053824362606,0.9318913480885312
fs,smote,wicket-1.3.0-beta2,standard,naive_bayes_gaussian,11,300,27,15,26,327,353,0.11898016997167139,0.8810198300283286,0.4230769230769231,0.08256880733944955,0.2894736842105263,0.4230769230769231,0.4230769230769231,0.9174311926605505,0.34375,0.8810198300283286,0.4596579476861167
fs,smote,wicket-1.3.0-beta2,standard,svm,22,165,162,4,26,327,353,0.4702549575070821,0.5297450424929179,0.8461538461538461,0.4954128440366973,0.11956521739130435,0.8461538461538461,0.8461538461538461,0.5045871559633027,0.20952380952380953,0.5297450424929179,0.9673641851106639
nofs,smote,wicket-1.3.0-beta2,standard,decision_tree,10,279,48,16,26,327,353,0.1813031161473088,0.8186968838526912,0.38461538461538464,0.14678899082568808,0.1724137931034483,0.38461538461538464,0.38461538461538464,0.8532110091743119,0.23809523809523808,0.8186968838526912,0.9347686116700201
nofs,smote,wicket-1.3.0-beta2,standard,naive_bayes_gaussian,11,300,27,15,26,327,353,0.11898016997167139,0.8810198300283286,0.4230769230769231,0.08256880733944955,0.2894736842105263,0.4230769230769231,0.4230769230769231,0.9174311926605505,0.34375,0.8810198300283286,0.428430583501006
nofs,smote,wicket-1.3.0-beta2,standard,svm,7,313,14,19,26,327,353,0.09348441926345609,0.9065155807365439,0.2692307692307692,0.04281345565749235,0.3333333333333333,0.2692307692307692,0.2692307692307692,0.9571865443425076,0.2978723404255319,0.9065155807365439,0.9730985915492958
fs,unbalanced,wicket-1.3.0-beta2,robust,decision_tree,4,309,18,22,26,327,353,0.11331444759206799,0.886685552407932,0.15384615384615385,0.05504587155963303,0.18181818181818182,0.15384615384615385,0.15384615384615385,0.944954128440367,0.16666666666666666,0.886685552407932,0.3463636363636364
fs,unbalanced,wicket-1.3.0-beta2,robust,naive_bayes_gaussian,8,305,22,18,26,327,353,0.11331444759206799,0.886685552407932,0.3076923076923077,0.0672782874617737,0.26666666666666666,0.3076923076923077,0.3076923076923077,0.9327217125382263,0.2857142857142857,0.886685552407932,0.3818181818181818
fs,unbalanced,wicket-1.3.0-beta2,robust,svm,13,196,131,13,26,327,353,0.40793201133144474,0.5920679886685553,0.5,0.40061162079510704,0.09027777777777778,0.5,0.5,0.599388379204893,0.15294117647058825,0.5920679886685553,0.49909090909090903
nofs,unbalanced,wicket-1.3.0-beta2,robust,decision_tree,4,313,14,22,26,327,353,0.10198300283286119,0.8980169971671388,0.15384615384615385,0.04281345565749235,0.2222222222222222,0.15384615384615385,0.15384615384615385,0.9571865443425076,0.18181818181818182,0.8980169971671388,0.39818181818181814
nofs,unbalanced,wicket-1.3.0-beta2,robust,naive_bayes_gaussian,10,302,25,16,26,327,353,0.11614730878186968,0.8838526912181303,0.38461538461538464,0.0764525993883792,0.2857142857142857,0.38461538461538464,0.38461538461538464,0.9235474006116208,0.32786885245901637,0.8838526912181303,0.4281818181818182
nofs,unbalanced,wicket-1.3.0-beta2,robust,svm,10,251,76,16,26,327,353,0.26062322946175637,0.7393767705382436,0.38461538461538464,0.2324159021406728,0.11627906976744186,0.38461538461538464,0.38461538461538464,0.7675840978593272,0.17857142857142858,0.7393767705382436,0.619090909090909
fs,unbalanced,wicket-1.3.0-beta2,standard,decision_tree,4,309,18,22,26,327,353,0.11331444759206799,0.886685552407932,0.15384615384615385,0.05504587155963303,0.18181818181818182,0.15384615384615385,0.15384615384615385,0.944954128440367,0.16666666666666666,0.886685552407932,0.3463636363636364
fs,unbalanced,wicket-1.3.0-beta2,standard,naive_bayes_gaussian,8,305,22,18,26,327,353,0.11331444759206799,0.886685552407932,0.3076923076923077,0.0672782874617737,0.26666666666666666,0.3076923076923077,0.3076923076923077,0.9327217125382263,0.2857142857142857,0.886685552407932,0.3818181818181818
fs,unbalanced,wicket-1.3.0-beta2,standard,svm,13,189,138,13,26,327,353,0.42776203966005666,0.5722379603399433,0.5,0.42201834862385323,0.08609271523178808,0.5,0.5,0.5779816513761468,0.14689265536723164,0.5722379603399433,0.3772727272727273
nofs,unbalanced,wicket-1.3.0-beta2,standard,decision_tree,4,313,14,22,26,327,353,0.10198300283286119,0.8980169971671388,0.15384615384615385,0.04281345565749235,0.2222222222222222,0.15384615384615385,0.15384615384615385,0.9571865443425076,0.18181818181818182,0.8980169971671388,0.39818181818181814
nofs,unbalanced,wicket-1.3.0-beta2,standard,naive_bayes_gaussian,10,302,25,16,26,327,353,0.11614730878186968,0.8838526912181303,0.38461538461538464,0.0764525993883792,0.2857142857142857,0.38461538461538464,0.38461538461538464,0.9235474006116208,0.32786885245901637,0.8838526912181303,0.4281818181818182
nofs,unbalanced,wicket-1.3.0-beta2,standard,svm,3,284,43,23,26,327,353,0.18696883852691218,0.8130311614730878,0.11538461538461539,0.13149847094801223,0.06521739130434782,0.11538461538461539,0.11538461538461539,0.8685015290519877,0.08333333333333333,0.8130311614730878,0.30636363636363634
