CountLineCodeExe,CountStmtExe,CountStmt,CountLineCode,CountLine,CountSemicolon,CountLineBlank,SumCyclomatic,RatioCommentToCode,SumCyclomaticStrict,CountLineComment,CountLineCodeDecl,SumCyclomaticModified,CountStmtDecl,OWN_LINE,CountInput_Mean,CountInput_Max,MINOR_LINE,MaxNesting_Mean,CountPath_Max
0,0,5,8,64,4,5,4,6.38,4,51,7,4,5,0.546875,33.75,76,3,0.0,1
17,14,38,56,131,25,17,12,1.04,12,58,29,12,24,0.564885496183206,1.66666666666667,5,2,0.0,1
0,0,4,5,31,3,5,1,4.2,1,21,4,1,4,1.0,2.0,2,1,0.0,1
37,23,42,61,116,32,16,9,0.64,10,39,19,9,19,0.853448275862069,9.66666666666667,15,2,1.2,7
5,5,13,25,52,7,7,6,0.8,6,20,14,6,8,0.884615384615385,1.0,1,2,0.0,1
17,11,30,44,73,24,8,5,0.48,5,21,25,5,19,1.0,3.0,4,1,0.6,3
28,21,36,46,83,26,9,9,0.61,10,28,14,9,15,0.518072289156627,3.66666666666667,5,2,2.4,13
0,0,4,5,31,3,3,1,4.6,1,23,4,1,4,0.967741935483871,31.0,31,1,0.0,1
5,1,65,81,190,63,26,1,1.19,1,96,69,1,64,1.0,4.0,4,1,1.0,1
0,0,3,4,35,2,1,1,7.5,1,30,3,1,3,0.771428571428571,1.0,1,2,0.0,1
35,13,35,53,98,31,15,3,0.57,3,30,27,3,22,0.683673469387755,4.5,7,2,0.75,2
307,158,287,425,568,236,103,39,0.1,39,41,165,39,129,0.508802816901408,5.85714285714286,14,2,0.782608695652174,8
21,18,44,65,155,29,19,14,1.09,14,71,32,14,26,0.896774193548387,1.71428571428571,5,2,0.0,1
79,61,121,184,238,87,33,31,0.11,34,21,80,31,60,1.0,3.47826086956522,6,1,0.37037037037037,6
0,0,6,7,45,5,5,4,4.71,4,33,6,4,6,0.755555555555556,0.75,1,2,0.0,1
35,20,40,63,104,30,12,9,0.46,9,29,30,9,20,0.721153846153846,3.0,5,2,0.714285714285714,4
7,6,18,25,58,13,10,6,1.0,6,25,15,6,12,0.76271186440678,1.2,3,2,0.375,2
111,78,145,190,378,99,43,38,0.76,45,145,69,38,67,0.867724867724868,5.55555555555556,11,1,2.36363636363636,19
253,183,356,514,751,238,118,126,0.23,134,120,181,126,173,0.205059920106525,6.7012987012987,71,6,0.482352941176471,24
0,0,4,5,31,3,3,1,4.6,1,23,4,1,4,0.967741935483871,27.0,27,1,0.0,1
36,36,78,107,240,51,30,26,0.96,26,103,45,26,42,0.779166666666667,3.42307692307692,13,2,0.0,1
20,14,33,49,96,26,11,6,0.73,8,36,27,6,19,0.760416666666667,5.33333333333333,8,3,0.8,3
31,19,54,87,125,39,17,12,0.24,13,21,49,12,35,0.96,2.875,7,1,0.666666666666667,4
2,1,7,15,37,5,5,1,1.13,1,17,12,1,6,1.0,3.0,3,1,0.0,1
31,31,90,116,170,59,39,28,0.09,28,10,63,28,59,0.523529411764706,2.63157894736842,16,3,0.36,7
13,9,20,28,57,15,8,4,0.75,4,21,13,4,11,0.701754385964912,2.0,2,2,1.0,5
46,19,40,73,114,34,11,15,0.41,15,30,35,5,21,0.526315789473684,10.0,25,2,0.8,12
118,83,175,241,364,125,65,50,0.24,52,58,92,50,92,1.0,2.48837209302326,12,1,0.297872340425532,8
220,144,253,678,975,175,127,72,0.29,72,194,452,72,109,0.241025641025641,9.82692307692308,62,4,0.428571428571429,16
2,2,7,10,43,4,7,2,2.6,2,26,5,2,5,1.0,1.5,2,1,0.0,1
1313,774,1284,1802,2229,1016,213,333,0.12,343,218,581,259,510,0.380439659039928,8.74626865671642,60,5,1.78571428571429,1944
0,0,5,6,45,4,4,3,5.83,3,35,5,3,5,0.755555555555556,1.0,1,2,0.0,1
50,34,84,88,118,56,17,25,0.15,25,13,53,25,50,1.0,1.24,6,1,0.0,1
20,0,20,20,64,20,11,0,1.55,0,31,20,0,20,1.0,0.0,0,1,0.0,0
12,12,28,39,82,17,13,10,0.77,10,30,16,10,16,0.682926829268293,2.3,4,3,0.0,1
25,25,53,74,139,34,30,18,0.47,18,35,30,18,28,0.920863309352518,2.22222222222222,10,2,0.0,1
19,14,46,82,127,32,16,11,0.35,12,29,53,11,32,1.0,2.0,4,1,0.416666666666667,2
208,118,252,353,460,181,67,61,0.12,81,42,151,61,134,0.997826086956522,2.58823529411765,5,1,1.0,42
13,10,26,38,66,20,7,5,0.55,5,21,21,5,16,1.0,2.66666666666667,3,1,0.8,2
15,9,18,34,53,14,7,10,0.35,10,12,14,6,9,0.962264150943396,2.0,7,1,0.428571428571429,6
3,3,9,15,48,6,6,2,1.8,2,27,9,2,6,0.5625,2.0,3,2,0.0,1
2531,2059,3172,4719,6021,1937,981,1204,0.08,1270,374,1239,1209,1113,0.325195150307258,1.92005813953488,13,6,0.551181102362205,13
2,2,6,9,14,3,4,2,0.11,2,1,4,2,4,1.0,2.0,2,1,0.0,1
2,2,8,12,38,5,5,2,1.75,2,21,7,2,6,1.0,2.0,2,1,0.0,1
53,35,69,96,194,48,26,19,0.8,19,77,35,19,34,0.829896907216495,3.92307692307692,7,3,0.6,4
4,3,12,19,52,7,9,4,1.26,4,24,11,4,9,0.884615384615385,1.25,2,2,0.0,1
85,61,112,151,278,81,31,30,0.64,39,96,52,30,51,0.737410071942446,3.78571428571429,12,3,0.9375,108
52,31,76,116,167,55,23,17,0.24,17,28,57,17,45,1.0,2.6,6,1,0.785714285714286,4
4,4,14,19,73,10,9,3,2.37,3,45,11,3,10,1.0,2.33333333333333,3,1,1.0,1
9,9,22,30,80,13,4,8,1.53,8,46,13,8,13,0.9875,2.25,5,1,0.0,1
336,254,449,765,1221,284,118,158,0.44,164,338,306,158,195,0.238329238329238,5.35483870967742,19,6,0.520833333333333,400
301,189,286,420,491,230,22,79,0.12,83,49,94,54,97,0.336048879837067,7.90909090909091,28,4,2.15384615384615,27
42,33,57,84,175,38,14,18,0.92,19,77,24,18,24,0.262857142857143,1.6,2,6,0.833333333333333,2
2,2,6,9,14,3,4,2,0.11,2,1,4,2,4,1.0,2.0,2,1,0.0,1
3,3,10,15,43,6,7,3,1.4,3,21,8,3,7,0.837209302325581,1.0,1,2,0.0,1
15,16,39,50,128,27,14,11,1.28,11,64,23,11,23,0.5390625,1.8,6,4,0.25,2
2,2,6,9,14,3,4,2,0.11,2,1,4,2,4,1.0,2.0,2,1,0.0,1
2,2,6,9,14,3,4,2,0.11,2,1,4,2,4,1.0,2.0,2,1,0.0,1
0,0,4,5,31,3,3,1,4.6,1,23,4,1,4,0.967741935483871,23.0,23,1,0.0,1
178,108,223,321,436,161,63,55,0.16,61,52,134,55,115,0.415137614678899,4.39130434782609,13,4,0.821428571428571,58
92,45,77,128,194,58,34,14,0.25,15,32,29,14,32,0.412371134020619,4.2,7,4,1.14285714285714,9
3,2,10,16,52,6,7,3,1.81,3,29,10,3,8,1.0,3.66666666666667,5,1,0.666666666666667,1
4,4,10,14,41,6,7,3,1.43,3,20,6,3,6,0.853658536585366,16.3333333333333,47,2,0.0,1
22,21,50,78,146,33,24,16,0.56,16,44,40,16,29,0.541095890410959,2.125,12,3,0.0,1
2,1,7,15,37,5,5,1,1.13,1,17,12,1,6,1.0,3.0,3,1,0.0,1
23,19,40,51,111,26,16,12,0.86,12,44,19,12,21,0.828828828828829,1.85714285714286,5,2,1.11111111111111,4
86,52,102,132,266,92,32,9,0.77,9,102,54,9,50,0.56015037593985,5.33333333333333,9,2,1.6,5
241,163,230,307,385,200,35,28,0.14,28,44,69,28,67,0.592207792207792,5.22222222222222,16,3,1.27272727272727,33
31,19,54,87,125,39,17,12,0.24,13,21,49,12,35,0.96,2.875,7,1,0.666666666666667,4
21,11,25,35,76,18,12,5,0.83,5,29,14,5,14,1.0,1.5,2,1,2.25,4
28,19,47,71,166,33,19,16,1.07,21,76,33,16,28,0.512048192771084,7.3,55,3,0.428571428571429,16
7,7,16,30,58,9,8,8,0.67,8,20,16,8,9,0.482758620689655,1.33333333333333,2,3,0.0,1
46,41,85,117,218,50,39,31,0.53,31,62,44,31,44,0.756880733944954,2.75,8,3,0.192307692307692,4
3,3,15,24,51,10,10,4,0.71,4,17,16,4,12,1.0,0.75,2,1,0.0,1
18,13,27,39,80,20,10,6,0.79,6,31,15,6,14,1.0,3.0,6,1,0.6,8
313,255,355,520,624,226,78,143,0.07,159,39,107,128,100,0.3125,3.56,13,4,0.716981132075472,250
470,292,480,710,1004,337,85,135,0.3,150,211,206,135,188,0.329681274900398,4.97435897435897,19,4,1.3953488372093,11520
42,37,63,77,107,56,13,6,0.22,6,17,30,6,26,1.0,5.0,8,1,0.6,8
71,57,90,124,222,53,24,27,0.62,27,77,28,27,33,0.842342342342342,3.0,9,3,1.30769230769231,65
9,9,22,30,81,14,11,7,1.33,7,40,13,7,13,0.987654320987654,2.71428571428571,4,1,0.0,1
30,20,45,73,111,29,17,15,0.29,15,21,33,15,25,0.351351351351351,4.5,14,4,0.333333333333333,4
19,18,47,83,126,28,22,18,0.25,18,21,46,18,29,1.0,0.444444444444444,4,1,0.0,1
21,18,46,67,154,30,20,15,1.0,15,67,33,15,28,0.298701298701299,1.73333333333333,4,5,0.0,1
12,10,28,41,107,18,16,9,1.22,9,50,21,9,18,0.962616822429907,1.66666666666667,4,1,0.0,1
2,2,6,9,14,3,4,2,0.11,2,1,4,2,4,1.0,2.0,2,1,0.0,1
124,101,165,242,316,105,51,59,0.11,63,26,71,59,64,0.879746835443038,13.3125,68,2,0.771428571428571,7
32,23,57,91,157,36,34,20,0.36,20,33,40,20,34,0.337579617834395,9.4,40,4,0.0,1
15,10,28,48,82,18,12,9,0.46,11,22,25,9,18,0.548780487804878,1.125,3,2,0.3,2
5,4,13,21,48,9,6,3,1.0,3,21,13,3,9,0.625,1.0,2,3,0.75,2
49,17,30,83,119,19,10,25,0.34,25,28,24,9,13,0.983193277310924,7.5,12,1,2.0,24
0,0,2,4,27,2,2,2,5.25,2,21,4,2,2,0.740740740740741,0.0,0,2,0.0,0
430,262,523,669,1000,389,120,113,0.32,132,213,284,113,261,0.536,3.03125,8,2,1.23076923076923,399168
183,148,223,320,404,149,59,78,0.1,84,31,84,73,75,0.878712871287129,2.72972972972973,8,2,0.675,11
75,25,67,117,190,57,23,11,0.43,15,50,44,11,42,0.883597883597884,5.5,13,2,1.5,12
0,0,8,10,45,6,6,2,3.0,2,30,9,2,8,1.0,0.0,0,1,0.0,1
7,7,17,33,62,9,9,10,0.61,10,20,18,10,10,0.483870967741935,1.0,1,3,0.0,1
12,9,28,36,68,19,14,7,0.5,7,18,19,7,19,0.764705882352941,1.4,4,2,0.857142857142857,3
88,64,108,146,267,74,26,29,0.65,34,95,42,29,44,0.400749063670412,3.8,6,5,1.69230769230769,6
37,21,54,76,143,41,21,10,0.61,11,46,39,10,33,0.713286713286713,1.5,4,2,0.4,6
39,24,75,102,168,59,24,15,0.41,15,42,54,15,51,1.0,2.6,6,1,0.0,1
5,4,12,20,47,8,6,3,1.05,3,21,12,3,8,0.617021276595745,1.0,2,3,0.75,2
2,2,6,9,14,3,4,2,0.11,2,1,4,2,4,1.0,2.0,2,1,0.0,1
6,6,17,28,68,10,9,7,1.11,7,31,15,7,11,0.970588235294118,5.33333333333333,13,1,0.0,1
0,0,12,18,82,11,5,2,3.28,2,59,17,2,12,0.621951219512195,1.0,1,2,1.8,1
78,42,111,144,207,90,17,17,0.32,17,46,72,17,69,0.502415458937198,1.875,5,2,0.846153846153846,57
8,7,15,18,44,10,5,4,1.17,4,21,7,4,8,0.863636363636364,1.0,1,2,2.0,4
1,1,4,7,33,2,4,1,3.14,1,22,4,1,3,1.0,1.0,1,1,0.0,1
1,1,6,10,41,3,8,1,2.3,1,23,6,1,5,1.0,0.0,0,1,0.0,1
6,6,16,24,86,9,10,6,2.17,6,52,11,6,10,0.27906976744186,2.5,3,4,0.0,1
11,11,37,48,84,28,12,8,0.5,8,24,28,8,26,0.666666666666667,5.5,10,4,0.0,1
6,6,14,20,45,10,5,3,1.0,3,20,10,3,8,1.0,2.66666666666667,4,1,0.0,1
184,117,208,283,474,158,33,46,0.56,48,159,95,46,91,1.0,4.9,7,1,2.5,40
56,42,93,142,210,57,31,31,0.26,33,37,55,31,51,0.866666666666667,2.41666666666667,5,2,0.484848484848485,4
262,202,241,301,473,0,70,43,0.34,43,102,39,43,39,1.0,0.0,0,1,0.62962962962963,12
18,15,37,54,129,24,16,12,1.09,12,59,26,12,22,0.426356589147287,1.66666666666667,4,4,0.0,1
124,101,165,242,316,105,51,59,0.11,63,26,71,59,64,0.879746835443038,2.09375,7,2,0.771428571428571,7
189,150,231,286,533,156,40,73,0.73,75,209,79,73,81,1.0,4.67647058823529,19,1,0.405405405405405,16
103,74,127,178,269,91,27,35,0.36,39,64,63,35,53,0.535315985130111,5.1,21,3,2.30769230769231,33
15,13,30,44,75,22,11,7,0.45,8,20,22,7,17,0.48,2.2,5,3,0.571428571428571,2
7,4,15,28,53,11,8,3,0.61,3,17,19,3,11,1.0,1.0,2,1,0.75,2
147,111,170,249,277,125,25,49,0.01,49,3,79,49,59,0.503623188405797,2.57142857142857,6,2,0.791666666666667,10
878,663,728,943,1096,0,89,221,0.12,221,109,65,221,65,0.840328467153285,0.0,0,3,1.19354838709677,865
173,129,234,290,397,180,49,46,0.21,51,61,109,46,105,0.63727959697733,5.33333333333333,14,2,2.83333333333333,44
3,3,14,21,58,9,13,5,1.14,5,24,13,5,11,1.0,1.0,1,1,0.0,1
66,41,97,142,193,75,22,19,0.21,20,30,69,19,56,1.0,3.33333333333333,6,1,1.0,4
448,335,532,681,930,404,124,122,0.2,145,136,212,122,197,0.530172413793103,7.29032258064516,35,3,1.58333333333333,52
4,3,13,20,49,8,8,4,1.05,4,21,12,4,10,0.693877551020408,1.25,2,2,0.0,1
36,31,73,127,182,45,31,27,0.19,27,24,64,27,42,1.0,0.48,4,1,0.148148148148148,2
35,23,55,80,116,45,13,9,0.29,9,23,42,9,32,1.0,3.66666666666667,5,1,1.4,12
48,33,49,70,96,41,6,13,0.29,14,20,18,7,16,1.0,12.0,24,1,1.5,12
615,394,675,889,1193,530,176,125,0.14,137,128,274,125,281,0.248952221290863,4.43478260869565,12,5,1.28,26
37,29,54,77,119,33,20,17,0.29,18,22,27,17,25,0.789915966386555,2.33333333333333,5,2,1.0,3
4,3,9,13,40,5,6,3,1.62,3,21,6,3,6,1.0,1.66666666666667,2,1,0.0,1
426,204,378,530,691,345,113,32,0.09,32,48,231,32,174,0.78726483357453,3.89473684210526,8,3,0.761904761904762,9
4,3,9,13,48,5,7,3,2.15,3,28,6,3,6,0.5,4.0,8,3,0.0,1
27,14,32,40,66,22,5,7,0.53,7,21,17,7,18,1.0,4.0,4,1,3.0,10
13,11,20,43,77,14,7,5,0.63,5,27,25,5,9,0.519480519480519,1.0,1,2,2.0,7
9,9,23,30,61,17,10,5,0.7,5,21,15,5,14,1.0,2.6,6,1,0.0,1
14,11,25,42,89,14,14,10,0.79,10,33,18,10,14,0.943820224719101,2.5,12,1,0.636363636363636,3
71,54,108,144,210,81,27,28,0.27,30,39,60,28,54,0.333333333333333,3.18181818181818,13,4,1.23076923076923,17
0,0,1,1,21,1,2,0,18.0,0,18,1,0,1,1.0,0.0,0,1,0.0,0
6,4,10,23,56,6,6,3,1.17,3,27,12,3,6,1.0,1.0,1,1,1.6,2
7,2,10,14,40,7,6,2,1.43,2,20,9,2,8,0.875,2.0,2,2,1.0,2
31,28,60,95,141,39,23,20,0.26,22,25,45,20,32,0.347517730496454,2.89473684210526,9,4,0.142857142857143,2
21,15,36,41,72,33,12,2,0.46,2,19,23,2,21,1.0,3.5,5,1,0.0,1
13,13,25,36,65,18,7,6,0.61,6,22,16,6,12,0.938461538461538,3.25,6,2,0.428571428571429,4
0,0,3,4,28,2,4,1,5.0,1,20,3,1,3,1.0,0.0,0,1,0.0,1
30,30,43,64,108,25,11,18,0.52,20,33,17,18,13,1.0,3.6,9,1,0.333333333333333,15
1,1,1,1,16,0,0,0,15.0,0,15,0,0,0,0.9375,0.0,0,2,0.0,1
526,420,576,823,979,391,114,212,0.08,236,68,166,182,156,0.579162410623085,3.47826086956522,18,3,0.541666666666667,2048
0,0,2,3,33,1,3,0,9.0,0,27,2,0,2,0.878787878787879,0.0,0,2,0.0,0
190,167,232,296,379,188,44,43,0.09,43,28,98,28,64,0.952506596306069,4.1,9,1,1.41666666666667,25
70,56,99,129,184,67,29,30,0.2,37,26,43,30,43,1.0,3.58823529411765,13,1,0.6,11
1,1,5,7,31,3,3,1,3.0,1,21,4,1,4,0.967741935483871,5.0,5,1,0.0,1
65,64,133,183,252,89,49,43,0.11,43,20,75,43,69,1.0,1.90697674418605,21,1,0.0,1
24,16,42,59,110,25,21,16,0.51,16,30,26,16,26,1.0,2.0,2,1,0.0,1
303,220,355,467,592,243,63,98,0.13,111,63,142,98,135,0.890202702702703,4.69565217391304,16,2,1.56,120
124,101,165,242,316,105,51,59,0.11,63,26,71,59,64,0.449367088607595,6.59375,30,4,0.771428571428571,7
2,2,8,15,42,5,6,2,1.4,2,21,10,2,6,1.0,1.0,2,1,0.0,1
79,56,94,139,220,59,26,30,0.4,31,55,41,30,38,0.868181818181818,3.71428571428571,8,2,1.0,3
19,14,40,57,142,24,19,15,1.16,15,66,27,15,26,0.845070422535211,3.28571428571429,7,2,0.0,1
0,0,10,11,65,9,8,4,4.18,4,46,10,4,10,0.6,8.0,18,3,0.0,1
10,5,17,23,52,13,6,3,1.0,3,23,12,3,12,1.0,9.0,9,1,2.0,3
15,12,34,48,86,23,14,9,0.5,9,24,26,9,22,0.627906976744186,1.75,6,2,0.3,2
141,105,182,283,375,130,42,51,0.18,51,50,95,41,77,0.570666666666667,3.77272727272727,18,4,0.628571428571429,14
58,37,67,100,138,50,11,17,0.27,19,27,36,16,30,0.58695652173913,5.0,8,3,3.8,16
82,43,116,166,247,88,25,22,0.34,22,56,83,22,73,0.728744939271255,3.18181818181818,8,3,0.928571428571429,16
124,101,165,242,316,105,51,59,0.11,63,26,71,59,64,0.879746835443038,2.125,7,2,0.771428571428571,7
13,11,24,34,69,15,13,8,0.65,8,22,14,8,13,1.0,3.4,7,1,0.714285714285714,2
196,124,213,324,424,162,37,58,0.2,65,64,106,49,89,0.995283018867924,5.55555555555556,12,1,2.0,1920
59,39,69,84,115,58,14,8,0.21,8,18,30,8,30,0.991304347826087,4.33333333333333,10,1,1.4,32
8,8,21,25,46,18,4,2,0.68,2,17,14,2,13,1.0,4.5,9,1,0.0,1
239,193,277,399,492,185,67,101,0.09,111,35,95,91,84,0.349593495934959,4.28571428571429,17,4,0.622222222222222,23
26,22,46,59,94,37,15,8,0.34,8,20,27,8,24,1.0,5.2,10,1,0.714285714285714,2
18,13,27,39,80,20,10,6,0.79,6,31,15,6,14,1.0,3.0,6,1,0.6,8
59,42,83,116,168,61,25,17,0.23,17,27,44,17,41,0.43452380952381,10.1111111111111,73,2,0.764705882352941,4
350,282,385,552,675,261,83,143,0.1,159,55,118,123,103,0.89037037037037,3.73076923076923,17,2,0.527272727272727,128
1,1,1,1,1,0,0,0,0.0,0,0,0,0,0,1.0,0.0,0,1,0.0,1
75,59,92,124,178,68,12,28,0.34,37,42,32,23,33,1.0,8.33333333333333,22,1,1.5,9
11,9,20,33,65,12,11,7,0.64,7,21,15,7,11,0.476923076923077,1.2,3,3,0.428571428571429,3
6,4,12,21,51,8,6,3,1.14,4,24,12,3,8,0.92156862745098,1.0,2,2,0.75,2
21,20,55,79,134,37,25,17,0.39,17,31,41,17,35,0.335820895522388,2.58823529411765,12,4,0.0,1
11,10,25,37,66,18,8,6,0.57,6,21,19,6,15,1.0,1.8,4,1,0.428571428571429,2
32,22,49,68,124,29,15,16,0.6,20,41,28,16,27,1.0,2.6,4,1,3.0,6
23,17,36,51,103,27,10,8,0.82,8,42,22,8,19,0.990291262135922,3.4,6,1,0.571428571428571,4
452,359,497,709,853,339,103,180,0.09,200,63,149,155,138,0.560375146541618,3.42622950819672,16,3,0.578125,512
13,8,19,29,62,15,9,3,0.83,3,24,14,3,11,1.0,1.66666666666667,5,1,0.0,1
3,3,10,13,40,7,7,2,1.54,2,20,7,2,7,1.0,3.0,4,1,0.0,1
26,21,39,55,85,29,10,9,0.36,12,20,23,9,18,1.0,3.0,4,1,1.4,11
7,1,23,25,61,21,12,7,0.96,7,24,22,7,22,0.770491803278688,0.0,0,2,0.0,1
19,14,37,41,82,34,12,2,0.71,2,29,24,2,23,1.0,1.0,1,1,1.0,2
0,0,8,10,40,7,6,1,2.4,1,24,9,1,8,0.85,1.0,1,2,0.0,1
22,21,42,58,85,24,16,18,0.19,18,11,21,18,21,0.647058823529412,8.58333333333333,34,2,0.714285714285714,4
32,24,49,63,94,33,10,13,0.33,13,21,24,13,25,0.978723404255319,2.2,4,1,1.85714285714286,4
7,4,13,22,53,9,7,3,1.09,4,24,13,3,9,0.924528301886792,1.5,3,2,0.75,2
0,0,4,5,33,3,3,1,5.0,1,25,4,1,4,0.96969696969697,1.0,1,1,0.0,1
13,9,26,39,65,19,9,6,0.44,6,17,22,6,17,0.984615384615385,0.8,3,1,0.428571428571429,2
46,35,60,90,191,40,14,20,0.97,20,87,25,20,25,0.324607329842932,1.6,2,5,1.08333333333333,3
2,2,7,12,37,4,5,2,1.67,2,20,7,2,5,0.918918918918919,0.5,1,2,0.0,1
524,394,728,940,1254,592,119,131,0.21,148,195,367,131,334,0.456140350877193,4.63265306122449,12,6,0.942307692307692,244
8,7,23,33,62,17,9,5,0.61,5,20,20,5,16,1.0,2.25,3,1,0.428571428571429,2
0,0,4,5,41,3,3,2,6.6,2,33,4,2,4,0.585365853658537,1.5,2,2,0.0,1
14,8,26,39,64,19,8,6,0.44,8,17,22,6,18,1.0,3.66666666666667,7,1,1.2,4
42,27,61,75,127,48,17,10,0.47,10,35,32,10,34,0.78740157480315,3.25,5,2,1.5,4
2,2,6,9,14,3,4,2,0.11,2,1,4,2,4,1.0,2.0,2,1,0.0,1
653,523,685,982,1144,467,129,261,0.07,295,65,184,216,162,0.307692307692308,4.74683544303798,28,4,0.475609756097561,65536
2,2,6,9,14,3,4,2,0.11,2,1,4,2,4,1.0,2.0,2,1,0.0,1
0,0,8,9,71,7,10,4,5.78,4,52,8,4,8,0.802816901408451,6.75,7,2,0.0,1
102,89,101,118,195,0,41,35,0.31,35,36,16,35,12,1.0,0.0,0,1,1.6,36
19,9,35,48,83,30,11,4,0.5,4,24,30,4,26,0.903614457831325,3.0,5,1,0.375,2
944,600,1163,1596,2320,802,229,333,0.32,356,503,577,331,563,0.288362068965517,4.71774193548387,14,6,1.08391608391608,420
154,94,181,211,251,167,23,11,0.08,11,17,92,11,87,0.820717131474104,5.16666666666667,6,2,0.7,2
5,1,13,15,45,11,6,1,1.6,1,24,12,1,12,0.933333333333333,0.0,0,2,0.0,1
2,2,6,9,14,3,4,2,0.11,2,1,4,2,4,1.0,2.0,2,1,0.0,1
4,4,14,24,50,9,6,6,0.83,6,20,15,6,10,0.9,1.25,2,2,0.0,1
75,62,102,141,248,72,29,29,0.55,31,78,44,29,40,0.834677419354839,4.3,8,2,0.434782608695652,6
2,2,6,9,14,3,4,2,0.11,2,1,4,2,4,1.0,2.0,2,1,0.0,1
75,38,93,120,173,81,28,8,0.21,8,25,64,8,55,1.0,3.25,5,1,0.0,1
4663,2600,4329,6225,8454,3217,970,1090,0.21,1262,1285,1934,1019,1729,0.365798816568047,8.59259259259259,47,4,1.94152046783626,21212928
3,3,10,13,38,7,5,2,1.54,2,20,7,2,7,1.0,2.5,3,1,0.0,1
9,6,15,25,44,11,7,7,0.48,7,12,11,6,9,0.954545454545455,1.4,4,1,0.428571428571429,3
4,1,8,13,51,6,6,1,2.46,1,32,8,1,7,1.0,5.0,5,1,0.0,1
5,5,13,25,52,7,7,6,0.8,6,20,14,6,8,0.884615384615385,1.0,1,2,0.0,1
5,4,13,21,49,9,7,3,1.0,3,21,13,3,9,0.63265306122449,1.0,2,3,0.75,2
2,2,9,12,37,6,5,2,1.67,2,20,7,2,7,0.621621621621622,1.5,3,3,0.0,1
18,15,36,51,83,28,9,7,0.45,7,23,26,7,21,0.698795180722892,3.0,4,3,0.857142857142857,5
24,24,40,61,93,26,11,13,0.34,13,21,23,13,16,0.397849462365591,1.71428571428571,2,3,0.888888888888889,2
11,8,19,35,62,13,7,5,0.57,5,20,19,5,11,1.0,1.0,2,1,0.75,4
62,58,156,337,507,90,143,65,0.08,65,27,211,65,98,1.0,0.0615384615384615,4,1,0.0,1
17,16,35,55,106,23,18,12,0.6,12,33,27,12,19,0.622641509433962,3.0,7,2,0.4,4
30,25,53,81,125,34,20,18,0.3,20,24,36,18,28,0.624,2.85714285714286,8,3,0.25,4
121,72,171,219,311,132,29,32,0.29,32,63,106,32,99,0.57556270096463,2.11764705882353,7,2,1.04761904761905,21
0,0,6,7,59,5,6,3,6.57,3,46,6,3,6,1.0,1.0,1,1,0.0,1
4,3,12,18,78,8,10,2,2.78,2,50,10,3,9,0.512820512820513,1.5,2,2,0.75,1
6,4,12,23,53,8,6,3,1.04,3,24,14,3,8,0.716981132075472,1.0,2,2,0.75,2
0,0,5,6,39,4,4,1,4.83,1,29,5,1,5,1.0,1.0,1,1,0.0,1
67,51,122,183,271,76,53,42,0.19,42,35,85,42,71,0.512915129151292,3.29032258064516,15,3,0.617647058823529,9
0,0,11,12,45,10,8,4,2.08,4,25,11,4,11,0.866666666666667,1.0,1,2,0.0,1
7,0,9,34,83,9,8,0,1.15,0,39,34,0,9,1.0,0.0,0,1,0.0,0
17,14,20,30,52,15,5,4,0.57,4,17,8,4,6,0.923076923076923,3.0,4,2,1.0,2
23,23,28,31,59,15,5,12,0.74,12,23,5,12,5,1.0,13.0,13,1,1.0,12
124,70,150,193,297,117,34,30,0.4,31,78,84,30,80,0.579124579124579,2.66666666666667,7,2,1.6,55
1963,1493,1716,2945,3121,1212,90,675,0.03,677,88,224,537,223,0.637295738545338,8.51470588235294,44,2,2.27142857142857,132
99,59,124,174,242,99,32,24,0.21,27,36,79,24,65,0.669421487603306,6.0,19,3,1.36363636363636,25
132,87,149,197,243,119,24,41,0.12,41,24,63,27,62,0.823045267489712,7.85714285714286,20,2,1.66666666666667,31
88,49,104,173,255,81,28,29,0.32,32,56,76,21,55,0.996078431372549,4.375,12,1,1.0,32
68,45,86,121,157,75,13,19,0.19,20,23,49,10,41,1.0,7.66666666666667,15,1,1.8,12
56,48,93,134,214,51,30,34,0.37,37,50,48,34,45,0.644859813084112,3.29411764705882,20,3,1.0,18
8,4,14,21,50,9,7,4,1.05,4,22,9,4,10,0.78,1.0,3,2,0.5,2
160,101,198,260,411,150,43,47,0.42,51,108,104,47,97,0.759124087591241,5.42857142857143,17,2,3.0,88
13,8,23,31,66,17,7,5,0.9,5,28,18,5,15,1.0,1.0,1,1,0.75,3
50,15,66,71,114,65,38,0,0.07,0,5,53,0,51,0.447368421052632,0.0,0,5,0.0,0
180,96,187,280,377,157,40,26,0.21,26,60,108,26,91,0.360742705570292,2.23529411764706,10,3,0.52,6
365,296,405,592,717,264,86,160,0.09,180,55,121,140,109,0.896792189679219,3.56363636363636,16,2,0.637931034482759,512
0,0,8,9,33,7,7,4,1.89,4,17,8,4,8,1.0,0.5,1,1,0.0,1
149,147,306,469,918,192,139,113,0.66,113,310,208,113,159,0.37037037037037,2.80530973451327,36,5,0.0,1
51,42,83,119,188,51,34,32,0.29,33,35,45,32,41,0.468085106382979,3.35714285714286,19,3,0.1875,5
307,90,300,381,525,263,51,80,0.24,80,93,232,80,210,0.973333333333333,4.9,10,1,2.5,37
10,9,18,25,60,12,5,5,1.2,5,30,11,5,9,1.0,2.66666666666667,4,1,0.6,3
16,16,28,40,70,18,9,9,0.53,13,21,14,9,12,0.528571428571429,2.4,3,3,0.857142857142857,2
5,4,18,22,48,14,9,3,0.77,3,17,14,3,14,1.0,2.66666666666667,3,1,0.333333333333333,1
1,1,7,9,44,5,6,2,3.22,2,29,6,2,6,1.0,1.0,1,1,0.0,1
7,4,19,24,61,15,11,4,1.12,4,27,16,4,15,1.0,1.33333333333333,4,1,0.0,1
5,4,12,20,48,8,7,3,1.05,3,21,12,3,8,0.625,1.0,2,3,0.75,2
3,3,10,13,40,7,7,2,1.54,2,20,7,2,7,1.0,3.0,4,1,0.0,1
26,21,38,47,81,25,12,12,0.47,12,22,17,12,17,0.345679012345679,2.75,5,4,1.16666666666667,8
385,218,377,580,818,280,118,98,0.21,125,124,175,95,159,0.414425427872861,6.13636363636364,18,4,1.5,644
9,5,28,38,76,20,9,5,0.76,5,29,25,5,23,0.736842105263158,0.8,2,2,0.0,1
10,9,20,22,49,14,6,4,0.95,4,21,9,4,11,0.857142857142857,1.0,1,2,1.0,5
29,29,62,85,200,40,27,21,1.04,21,88,35,21,33,0.955,1.9047619047619,10,1,0.0,1
10,6,16,22,44,10,5,4,0.77,5,17,9,4,10,0.931818181818182,2.0,2,2,3.0,4
3,3,8,13,38,5,4,2,1.62,2,21,7,2,5,0.973684210526316,2.5,5,1,0.0,1
16,16,28,40,70,18,9,9,0.53,13,21,14,9,12,0.528571428571429,2.4,3,3,0.857142857142857,2
1,1,4,6,33,2,3,1,4.0,1,24,3,1,3,0.666666666666667,0.0,0,3,0.0,1
11,7,16,28,47,12,7,8,0.43,8,12,12,6,9,0.957446808510638,5.0,10,1,0.428571428571429,4
0,0,5,7,46,4,6,1,4.71,1,33,6,1,5,0.608695652173913,1.0,1,3,0.0,1
238,141,209,326,406,156,25,52,0.17,67,57,76,52,68,0.467980295566502,4.66666666666667,10,3,2.25,33024
149,134,279,401,1266,166,215,113,1.63,115,652,153,113,145,0.578199052132701,0.594059405940594,11,5,0.144230769230769,8
59,30,70,96,141,55,20,15,0.26,15,25,48,15,40,0.695035460992908,5.875,11,2,0.8,4
5,5,13,17,55,9,9,3,1.71,3,29,8,3,8,1.0,4.66666666666667,11,1,0.0,1
373,299,412,600,716,270,89,160,0.07,180,44,124,140,113,0.594972067039106,4.90740740740741,27,3,0.666666666666667,640
19,19,24,24,54,20,24,1,0.25,1,6,4,1,5,0.722222222222222,0.0,0,3,0.0,1
3,3,11,16,40,6,7,4,1.06,4,17,8,4,8,1.0,2.75,8,1,0.0,1
19,10,34,45,78,26,10,7,0.51,9,23,27,7,24,0.435897435897436,4.25,7,3,0.666666666666667,4
180,133,235,310,519,173,68,61,0.45,61,141,107,61,102,0.996146435452794,5.02564102564103,19,1,0.609756097560976,8
21,19,39,55,104,26,14,12,0.64,12,35,24,12,20,0.836538461538462,1.875,6,2,0.7,3
58,31,53,74,112,48,11,4,0.36,4,27,22,4,22,0.580357142857143,6.0,6,3,2.0,5
154,97,185,303,419,130,37,51,0.26,60,80,134,51,88,0.348448687350835,5.05555555555556,11,4,1.6,14
124,101,165,242,316,105,51,59,0.11,63,26,71,59,64,0.449367088607595,2.84375,11,4,0.771428571428571,7
44,40,62,81,131,44,14,17,0.47,17,38,22,17,22,0.519083969465649,16.0833333333333,51,2,0.642857142857143,3
103,74,113,154,217,83,18,32,0.38,37,59,45,30,39,0.723502304147465,3.85714285714286,11,2,2.3,22
28,23,60,77,141,45,21,14,0.57,14,44,37,14,37,0.439716312056738,3.2,10,4,0.666666666666667,3
11,10,26,33,64,19,9,6,0.67,6,22,16,6,16,0.984375,2.0,3,1,0.666666666666667,2
53,41,70,101,159,53,19,17,0.39,20,39,36,17,29,0.371069182389937,3.71428571428571,15,4,1.0,34
45,32,69,96,158,50,25,17,0.39,18,37,43,17,37,0.620253164556962,4.5,8,3,1.625,10
20,13,31,43,73,24,9,6,0.49,8,21,22,6,18,0.438356164383562,3.5,7,3,1.5,5
0,0,7,8,83,6,8,4,8.38,4,67,7,4,7,0.698795180722892,7.25,8,2,0.0,1
764,576,902,1177,1792,679,216,209,0.37,223,431,327,209,326,0.723214285714286,5.95121951219512,24,4,0.901098901098901,960
37,23,58,77,109,48,14,9,0.23,9,18,39,9,35,1.0,3.66666666666667,5,1,1.6,4
48,24,57,76,112,52,19,3,0.3,3,23,35,3,33,1.0,2.66666666666667,3,1,0.0,1
0,0,8,9,38,7,8,3,2.33,3,21,8,3,8,1.0,5.33333333333333,10,1,0.0,1
42,28,50,69,134,35,18,13,0.68,15,47,22,13,22,0.485074626865672,4.0,6,3,3.0,160
85,47,112,160,270,79,38,24,0.45,28,72,71,24,65,0.588888888888889,1.4,3,2,1.0625,21
4,0,6,7,34,5,9,0,2.57,0,18,6,0,6,0.529411764705882,0.0,0,3,0.0,0
82,49,122,166,237,85,33,31,0.23,33,38,78,31,73,1.0,2.66666666666667,11,1,0.863636363636364,98
42,34,72,111,170,48,27,23,0.29,25,32,51,23,38,0.776470588235294,2.22222222222222,6,2,0.409090909090909,2
14,11,32,48,117,21,15,10,1.12,10,54,26,10,21,0.427350427350427,1.6,4,4,0.0,1
78,60,83,110,185,63,13,25,0.56,26,62,21,17,23,0.518918918918919,5.4,11,2,1.57142857142857,91
16,9,27,34,61,22,10,5,0.5,5,17,19,5,18,0.786885245901639,3.66666666666667,6,2,0.6,2
39,33,67,94,147,46,25,20,0.31,20,29,38,20,34,0.857142857142857,3.21428571428571,8,3,0.333333333333333,4
31,13,26,57,92,17,8,15,0.51,15,29,18,7,13,0.597826086956522,7.5,12,2,1.6,8
9,7,14,21,42,10,4,3,0.81,5,17,10,3,7,1.0,2.0,2,1,1.0,3
0,0,5,6,29,4,3,2,3.33,2,20,5,2,5,1.0,2.0,2,1,0.0,1
1,1,1,1,1,0,0,0,0.0,0,0,0,0,0,1.0,0.0,0,1,0.0,1
6,4,13,24,51,9,6,3,0.88,3,21,15,3,9,0.411764705882353,1.0,2,4,0.75,2
1,1,5,8,33,3,5,1,2.5,1,20,5,1,4,1.0,2.0,2,1,0.0,1
49,34,55,78,113,41,10,13,0.32,14,25,21,13,21,0.699115044247788,3.33333333333333,4,2,1.8,15
4,4,15,21,50,11,8,3,1.0,3,21,13,3,11,0.6,2.33333333333333,3,4,0.0,1
17,11,30,44,73,24,8,5,0.48,5,21,25,5,19,1.0,3.0,4,1,0.6,3
12,12,28,42,83,15,12,10,0.69,10,29,17,10,16,0.542168674698795,5.1,18,2,0.0,1
9,7,20,31,59,15,7,4,0.68,4,21,18,4,13,1.0,2.33333333333333,3,1,0.6,2
28,22,39,60,95,26,11,13,0.4,16,24,22,13,17,0.652631578947368,3.0,4,2,0.4,4
27,21,50,74,128,35,19,14,0.47,14,35,37,14,29,0.84375,1.90909090909091,6,2,0.428571428571429,2
29,25,44,63,107,29,11,14,0.52,18,33,23,14,19,1.0,6.0,17,1,0.583333333333333,3
10,7,22,31,73,15,11,6,1.0,6,31,17,6,15,1.0,2.33333333333333,3,1,0.0,1
0,0,7,8,30,6,5,2,2.12,2,17,7,2,7,1.0,8.0,15,1,0.0,1
16,16,28,37,105,19,11,8,1.54,8,57,12,8,12,0.6,2.25,5,2,0.0,1
24,24,40,61,110,26,16,13,0.54,19,33,23,13,16,0.4,2.57142857142857,3,3,0.888888888888889,2
18,13,27,39,81,20,11,6,0.79,6,31,15,6,14,1.0,3.0,6,1,0.666666666666667,8
33,23,56,79,192,41,20,13,1.18,15,93,37,13,33,0.989583333333333,6.875,12,1,0.636363636363636,3
10,10,26,30,52,23,5,2,0.57,2,17,17,2,16,0.615384615384615,7.5,14,3,0.0,1
105,76,131,164,275,101,25,31,0.53,38,87,46,31,55,0.934545454545455,4.16666666666667,7,2,0.875,41
6,6,16,22,60,10,10,5,1.27,5,28,10,5,10,0.816666666666667,1.8,2,2,0.625,1
1795,1637,1990,2491,2782,1581,285,350,0.0,350,6,348,284,353,0.488138030194105,13.4821428571429,128,3,2.0,59
577,317,446,646,841,426,147,34,0.07,37,48,143,19,129,0.575505350772889,2.16666666666667,5,3,1.25,660
57,38,62,87,122,48,10,13,0.29,13,25,24,13,24,0.680327868852459,3.33333333333333,4,2,1.8,15
307,245,321,344,511,307,116,13,0.15,13,51,74,13,76,0.729941291585127,1.08333333333333,4,3,0.2,2
58,41,76,114,184,50,31,25,0.34,33,39,41,25,35,0.96195652173913,2.45454545454545,5,1,1.53846153846154,12
9,3,12,24,57,9,11,5,0.92,5,22,15,5,9,1.0,0.6,1,1,0.0,1
2,2,12,17,41,10,7,1,1.0,1,17,13,1,10,1.0,3.0,3,1,0.0,1
9,7,17,26,60,11,11,5,0.88,5,23,13,5,10,0.733333333333333,1.6,2,2,0.0,1
125,84,138,190,346,101,27,39,0.68,49,129,53,39,54,0.861271676300578,5.72727272727273,12,2,1.46153846153846,20
17,12,30,44,86,23,12,6,0.68,6,30,24,6,18,0.755813953488372,3.0,5,3,0.8,3
213,168,258,364,605,178,63,76,0.5,76,182,93,76,90,0.52396694214876,3.42857142857143,19,2,1.21052631578947,180
236,189,291,374,498,221,56,69,0.22,76,83,103,69,102,0.630522088353414,7.5,19,3,1.76190476190476,65
0,2,8,8,58,5,9,1,4.62,1,37,5,1,6,1.0,3.0,3,1,0.0,1
3,3,10,13,40,7,7,2,1.54,2,20,7,2,7,1.0,2.5,3,1,0.0,1
27,17,39,53,89,31,9,6,0.51,6,27,23,5,22,0.808988764044944,5.0,5,2,1.5,9
9,7,17,26,59,11,11,5,0.85,5,22,13,5,10,0.389830508474576,1.6,2,3,0.0,1
68,39,65,93,136,51,12,13,0.33,13,31,26,13,26,0.595588235294118,2.16666666666667,8,2,1.0,4
87,77,142,176,250,90,32,47,0.24,48,43,62,47,65,0.9,3.07407407407407,5,2,0.233333333333333,18
57,52,104,137,194,72,37,30,0.23,31,31,52,30,52,1.0,2.76923076923077,13,1,0.25,6
37,25,60,87,122,45,14,14,0.24,14,21,42,14,35,0.327868852459016,1.77777777777778,5,4,0.727272727272727,3
418,355,408,471,535,0,59,144,0.06,144,28,53,144,53,1.0,0.0,0,1,1.28,18
20,17,36,47,100,24,11,12,0.89,12,42,18,12,19,0.74,2.5,6,2,0.4,4
3,3,10,16,43,7,6,2,1.31,2,21,10,2,7,1.0,2.0,2,1,0.0,1
7,4,13,22,53,9,7,3,1.09,4,24,13,3,9,0.943396226415094,1.5,3,2,0.75,2
11,10,26,37,70,17,16,8,0.46,8,17,18,8,16,1.0,1.625,4,1,0.0,1
5,4,11,16,40,6,7,4,1.06,4,17,7,4,7,0.525,1.5,2,2,1.0,1
20,14,33,49,96,26,11,6,0.73,8,36,27,6,19,0.760416666666667,5.33333333333333,8,3,0.8,3
22,15,34,52,94,26,12,7,0.58,7,30,27,7,19,0.585106382978723,3.33333333333333,6,3,1.4,4
7,4,15,20,42,9,5,4,0.85,4,17,10,4,11,1.0,2.0,2,1,3.0,4
97,60,118,155,215,93,27,21,0.22,22,34,61,21,58,0.67906976744186,5.0,9,4,2.33333333333333,65
2,2,6,9,14,3,4,2,0.11,2,1,4,2,4,1.0,2.0,2,1,0.0,1
7,5,14,20,47,10,5,3,1.1,3,22,10,3,9,1.0,1.5,2,1,0.75,2
0,0,6,7,23,3,7,0,0.86,0,6,5,0,6,0.956521739130435,0.0,0,1,0.0,0
27,22,48,63,89,38,9,9,0.27,9,17,32,9,26,1.0,2.33333333333333,3,1,1.8,6
1,1,1,1,20,0,1,0,18.0,0,18,0,0,0,1.0,0.0,0,1,0.0,1
43,21,56,64,112,53,19,2,0.47,2,30,39,2,35,0.642857142857143,4.0,4,2,1.0,2
41,27,56,69,126,51,15,6,0.61,6,42,31,6,29,0.992063492063492,4.0,7,1,0.6,4
76,59,105,137,244,76,23,30,0.61,31,84,45,30,46,0.971311475409836,3.45454545454545,9,1,1.21428571428571,18
1,1,5,7,32,3,4,1,3.0,1,21,4,1,4,0.84375,2.0,2,2,0.0,1
47,23,51,81,115,38,13,12,0.26,16,21,36,12,28,1.0,4.66666666666667,8,1,1.8,8
21,15,36,52,88,27,15,7,0.4,8,21,26,7,21,0.636363636363636,2.66666666666667,3,2,0.8,4
141,116,141,178,207,108,23,26,0.03,26,6,28,19,25,0.710144927536232,12.0,20,3,1.8,27
3,3,10,16,43,7,6,2,1.31,2,21,10,2,7,1.0,1.5,2,1,0.0,1
52,43,108,151,403,68,56,37,1.3,37,196,68,37,65,0.997518610421836,2.9,7,1,0.0789473684210526,6
58,16,22,74,113,15,13,6,0.89,6,66,8,6,6,1.0,0.0,0,1,0.6,8
14,7,21,35,60,15,5,6,0.57,6,20,16,5,14,0.516666666666667,1.5,3,3,0.428571428571429,3
1,1,1,1,20,0,1,0,18.0,0,18,0,0,0,1.0,0.0,0,1,0.0,1
20,19,44,65,131,30,25,13,0.63,13,41,32,13,25,1.0,1.92307692307692,7,1,0.0,1
132,75,135,207,286,96,36,38,0.21,48,43,66,38,60,0.363636363636364,8.8,22,5,2.71428571428571,28800
7,7,13,18,65,7,8,4,2.17,4,39,6,4,6,1.0,3.5,5,1,1.5,3
14,14,36,48,82,26,14,9,0.42,9,20,24,9,22,0.890243902439024,3.22222222222222,7,2,0.0,1
3,3,10,13,41,7,8,2,1.54,2,20,7,2,7,1.0,3.0,4,1,0.0,1
542,275,494,772,949,376,57,177,0.16,182,120,218,125,219,0.35827186512118,10.4642857142857,38,4,1.58064516129032,30
21,12,19,35,71,13,6,5,0.86,14,30,9,5,7,0.816901408450704,3.66666666666667,4,2,0.6,3
20,19,30,36,79,24,14,5,0.81,5,29,11,5,11,1.0,3.4,7,1,0.0,1
4,3,11,17,52,7,7,3,1.65,3,28,10,3,8,1.0,3.0,6,1,0.0,1
0,0,2,2,24,2,4,0,8.5,0,17,2,0,2,0.75,0.0,0,2,0.0,0
5,4,11,16,48,6,8,4,1.5,4,24,7,4,7,0.416666666666667,2.5,7,3,0.0,1
29,26,53,79,130,35,21,17,0.38,17,30,35,17,27,0.346153846153846,5.78571428571429,34,5,0.1875,4
0,0,5,7,44,4,4,1,4.71,1,33,6,1,5,0.977272727272727,1.0,1,1,0.0,1
2,2,8,11,41,5,6,2,2.18,2,24,6,2,6,0.902439024390244,1.0,1,2,0.0,1
36,24,65,82,158,47,19,15,0.7,15,57,41,15,41,0.879746835443038,4.375,9,2,1.2,4
92,76,114,157,218,83,21,31,0.26,31,41,36,29,38,0.587155963302752,5.6,11,2,3.0,30
1,1,1,1,16,0,0,0,15.0,0,15,0,0,0,0.9375,0.0,0,2,0.0,1
13,13,23,33,71,17,7,5,0.94,5,31,14,5,10,0.859154929577465,4.0,8,2,0.428571428571429,2
5,4,12,17,47,7,10,4,1.18,4,20,8,4,8,0.531914893617021,36.5,111,3,0.0,1
167,128,153,192,241,0,29,50,0.16,50,31,25,50,25,0.473029045643154,0.0,0,5,0.894736842105263,65
153,119,250,378,530,173,81,76,0.19,79,72,169,76,131,0.99811320754717,1.68518518518519,13,1,0.287878787878788,16
301,226,381,579,856,269,113,122,0.28,148,165,203,122,155,0.586448598130841,4.18032786885246,21,2,0.661538461538462,32
1,0,13,17,48,11,11,6,1.18,6,20,15,6,13,0.979166666666667,0.333333333333333,2,1,0.555555555555556,1
10,8,17,22,48,8,5,6,0.95,6,21,7,6,9,0.708333333333333,1.0,1,2,2.0,3
57,26,60,91,137,40,24,18,0.24,18,22,28,18,34,0.642335766423358,1.0,3,2,0.55,2
33,25,64,83,135,47,26,17,0.31,17,26,40,17,39,0.525925925925926,3.8125,8,3,0.0,1
122,78,151,211,363,103,24,42,0.62,43,130,72,42,73,0.980716253443526,4.83333333333333,12,1,1.5625,90
7,7,19,25,59,13,10,5,0.96,5,24,12,5,12,1.0,1.8,3,1,0.0,1
382,297,544,832,1089,316,205,221,0.1,221,81,261,221,247,0.626262626262626,0.263440860215054,7,2,0.16243654822335,14
16,16,28,40,70,18,9,9,0.53,9,21,14,9,12,0.514285714285714,1.6,2,3,0.857142857142857,2
13,9,23,29,53,18,7,3,0.59,3,17,15,3,14,1.0,2.33333333333333,3,1,0.0,1
0,0,4,5,37,3,3,2,5.8,2,29,4,2,4,0.864864864864865,1.0,1,2,0.0,1
2,2,6,9,14,3,4,2,0.11,2,1,4,2,4,1.0,2.0,2,1,0.0,1
228,132,252,358,510,196,74,63,0.22,65,78,129,55,120,0.250980392156863,4.92307692307692,13,5,1.0625,480
48,39,96,133,270,62,39,33,0.74,33,98,60,33,57,0.5,2.24242424242424,8,4,0.194444444444444,1
5,4,15,23,56,9,10,5,1.0,5,23,13,5,11,0.714285714285714,1.6,4,2,0.0,1
16,13,30,46,77,21,14,8,0.37,8,17,22,8,17,1.0,1.0,2,1,0.5,8
1,1,8,14,37,5,6,2,1.21,2,17,10,2,7,1.0,2.5,3,1,1.6,1
0,0,12,13,56,11,9,4,2.62,4,34,12,4,12,0.982142857142857,0.25,1,1,0.0,1
49,47,98,147,250,65,37,32,0.46,32,67,66,32,51,0.52,3.38709677419355,16,3,0.0909090909090909,2
14,13,27,32,70,22,8,4,0.94,4,30,14,4,14,1.0,2.5,4,1,0.0,1
3,3,10,13,39,7,6,2,1.54,2,20,7,2,7,1.0,2.5,3,1,0.0,1
491,1297,1812,1016,1395,1565,156,268,0.16,270,167,311,268,303,1.0,6.0,9,1,0.916666666666667,512
0,0,4,5,37,3,3,2,5.8,2,29,4,2,4,0.864864864864865,1.0,1,2,0.0,1
31,24,49,64,135,34,13,13,0.91,15,58,25,13,25,0.837037037037037,8.33333333333333,28,2,1.44444444444444,6
3,2,14,18,84,11,10,5,3.11,5,56,13,5,12,0.702380952380952,2.8,8,3,0.0,1
0,0,11,14,65,10,6,1,3.21,1,45,13,1,11,0.907692307692308,1.0,1,2,0.0,1
0,0,7,9,42,6,5,1,3.11,1,28,8,1,7,0.952380952380952,1.0,1,1,0.0,1
186,118,219,302,397,163,61,51,0.11,56,34,109,51,101,0.904282115869018,3.66666666666667,24,1,1.33333333333333,21569
0,0,18,25,136,17,11,8,4.0,8,100,24,8,18,0.602941176470588,1.0,2,2,0.0,1
18,14,30,40,77,24,14,6,0.57,6,23,18,6,16,0.584415584415584,0.75,2,3,0.5,3
43,29,61,79,164,38,17,18,0.86,18,68,30,18,32,0.75609756097561,2.25,3,2,2.33333333333333,28
6,4,12,21,51,8,6,3,1.14,3,24,12,3,8,0.725490196078431,1.0,2,2,0.75,2
0,0,4,5,37,3,3,2,5.8,2,29,4,2,4,0.864864864864865,1.0,1,2,0.0,1
9,9,25,33,64,18,10,6,0.64,6,21,17,6,16,0.96875,1.5,2,1,0.666666666666667,2
0,0,1,1,22,1,1,0,20.0,0,20,1,0,1,1.0,0.0,0,1,0.0,0
343,186,429,538,723,317,61,86,0.23,93,124,250,86,243,0.492392807745505,2.33333333333333,8,3,1.68571428571429,2521
65,49,93,120,204,62,23,25,0.51,27,61,41,25,44,1.0,3.44444444444444,6,1,1.41666666666667,82
10,9,24,34,72,15,13,7,0.74,8,25,16,7,15,0.722222222222222,0.833333333333333,2,2,0.333333333333333,2
4,2,13,24,46,10,5,2,0.71,2,17,19,2,11,1.0,1.0,1,1,0.0,1
25,14,23,49,68,19,7,15,0.24,15,12,19,6,9,0.970588235294118,3.0,12,1,0.428571428571429,11
10,8,16,20,46,11,5,3,1.05,3,21,7,3,8,1.0,4.0,4,1,2.0,3
260,133,254,460,731,181,68,76,0.44,78,204,165,76,121,0.365253077975376,6.31428571428571,17,5,0.666666666666667,129
2,2,6,9,14,3,4,2,0.11,2,1,4,2,4,1.0,2.0,2,1,0.0,1
40,37,50,53,100,0,19,12,0.53,12,28,13,12,13,1.0,0.0,0,1,0.888888888888889,4
0,0,3,4,26,2,2,1,5.0,1,20,3,1,3,1.0,1.0,1,1,0.0,1
86,64,124,166,339,85,32,36,0.85,36,141,60,36,60,0.395280235988201,4.57142857142857,8,3,0.96,10
7,5,14,22,41,10,7,6,0.55,6,12,10,6,9,0.951219512195122,2.0,5,1,0.428571428571429,2
28,12,40,51,93,35,11,4,0.61,4,31,31,4,28,0.989247311827957,2.0,3,1,1.5,3
89,78,125,136,205,0,49,60,0.15,60,20,47,60,47,1.0,0.0,0,1,0.191489361702128,18
2,2,6,9,14,3,4,2,0.11,2,1,4,2,4,1.0,2.0,2,1,0.0,1
21,15,29,40,71,23,11,6,0.53,6,21,17,6,14,1.0,5.0,5,1,2.0,6
15,13,29,43,104,17,14,11,1.09,11,47,17,11,16,0.471153846153846,6.0,20,5,0.272727272727273,3
124,116,160,168,230,0,45,48,0.1,48,17,44,48,44,1.0,0.0,0,1,0.771428571428571,16
16,15,39,56,94,26,17,12,0.38,12,21,28,12,24,0.574468085106383,1.91666666666667,6,4,0.0,1
7,7,16,30,59,9,9,8,0.67,8,20,16,8,9,0.474576271186441,1.33333333333333,2,3,0.0,1
181,103,173,304,409,127,39,55,0.23,62,70,96,42,70,0.995110024449878,4.36363636363636,11,1,1.52941176470588,2016
351,233,404,548,761,284,106,103,0.2,109,110,167,103,171,0.860709592641261,3.66666666666667,15,2,1.0,737344
4,3,12,18,47,7,8,4,1.17,4,21,10,4,9,0.702127659574468,2.25,4,2,0.0,1
133,103,157,208,282,122,32,38,0.22,38,46,54,38,54,0.407801418439716,7.5,19,3,2.0,14
9,9,17,15,53,13,9,3,1.93,3,29,6,3,8,1.0,3.0,3,1,1.0,4
15,12,25,38,71,18,12,6,0.55,6,21,19,6,13,0.647887323943662,2.0,2,2,1.0,2
33,33,67,91,150,39,26,24,0.36,24,33,32,24,34,0.673333333333333,3.41176470588235,9,3,0.761904761904762,4
68,46,93,140,228,64,51,22,0.26,22,37,59,22,47,1.0,1.2,4,1,0.944444444444444,3
31,19,45,60,108,33,11,9,0.62,9,37,28,9,26,1.0,4.0,6,1,2.33333333333333,8
4,3,12,17,46,7,8,4,1.24,4,21,9,4,9,0.739130434782609,0.75,1,2,0.0,1
135,82,135,227,324,96,37,41,0.26,41,60,82,39,53,0.361111111111111,11.375,43,4,0.947368421052632,63
18,17,38,47,73,30,9,7,0.36,7,17,25,7,21,1.0,2.33333333333333,3,1,1.6,3
0,0,6,7,42,5,6,2,4.14,2,29,6,2,6,1.0,0.5,1,1,0.0,1
25,13,49,53,102,45,18,3,0.58,3,31,36,3,36,1.0,2.66666666666667,6,1,0.0,1
44,27,67,97,138,54,16,13,0.26,13,25,53,13,40,1.0,3.0,8,1,2.0,9
2002,1209,1810,2669,3512,1326,345,494,0.19,548,500,625,489,601,0.479783599088838,7.48387096774194,28,4,2.10769230769231,9437184
111,68,153,205,309,113,33,35,0.35,44,71,90,35,85,0.776699029126214,2.1,6,2,1.13333333333333,79
135,92,168,243,334,120,26,37,0.28,37,68,90,37,76,1.0,4.53333333333333,9,1,1.61111111111111,14
8,8,21,29,97,14,12,6,1.93,6,56,14,6,13,0.65979381443299,4.33333333333333,9,2,0.0,1
28,28,59,82,160,38,32,20,0.56,20,46,33,20,31,0.9125,2.5,10,2,0.0,1
265,145,253,374,554,193,77,60,0.28,67,103,121,60,108,0.435018050541516,5.84615384615385,27,6,1.4,217747
51,39,79,132,201,52,29,33,0.3,34,40,59,27,40,0.442786069651741,3.1304347826087,12,5,0.384615384615385,8
19,15,35,51,130,24,16,10,1.24,12,63,25,10,20,0.815384615384615,2.83333333333333,8,2,0.75,2
0,0,3,4,37,2,5,1,7.0,1,28,3,1,3,1.0,1.0,1,1,0.0,1
56,42,78,106,194,58,26,19,0.58,20,62,38,19,36,0.61340206185567,4.57142857142857,11,3,1.88888888888889,8
21,20,49,77,129,31,24,16,0.36,16,28,39,16,29,0.457364341085271,2.9375,10,4,0.0,1
0,0,3,4,29,2,4,0,5.25,0,21,3,0,3,1.0,0.0,0,1,0.0,0
55,30,47,78,136,37,13,18,0.58,19,45,19,10,17,0.867647058823529,3.33333333333333,8,2,1.125,12
12,7,24,32,64,20,10,3,0.69,3,22,20,3,17,1.0,1.33333333333333,2,1,0.166666666666667,1
41,37,67,92,138,49,24,17,0.25,17,23,36,17,30,0.963768115942029,2.08333333333333,7,1,0.357142857142857,4
7,7,20,26,53,13,10,6,0.65,6,17,13,6,13,1.0,1.66666666666667,4,1,0.0,1
59,31,78,99,147,62,19,12,0.29,13,29,51,12,47,0.972789115646258,4.0,5,1,2.25,8
0,0,3,4,33,2,3,1,6.5,1,26,3,1,3,0.636363636363636,1.0,1,3,0.0,1
7,7,16,30,59,9,9,8,0.67,8,20,16,8,9,0.474576271186441,1.33333333333333,2,3,0.0,1
339,163,293,481,538,215,19,71,0.1,76,48,141,69,130,0.981412639405205,6.1,17,1,2.76923076923077,12800
0,0,6,7,37,5,4,2,3.71,2,26,6,2,6,0.945945945945946,24.5,29,2,0.0,1
0,0,5,7,49,4,5,2,5.29,2,37,6,2,5,0.979591836734694,1.0,1,1,0.0,1
26,20,38,60,90,24,13,14,0.28,14,17,26,14,18,1.0,1.375,3,1,0.7,2
8,2,25,27,64,23,12,7,0.93,7,25,23,7,23,0.40625,0.0,0,4,0.0,1
0,0,8,13,72,7,5,2,4.15,2,54,12,2,8,1.0,0.0,0,1,0.0,1
5,4,11,14,39,8,5,2,1.43,2,20,7,2,7,0.666666666666667,2.0,2,3,1.0,2
197,87,204,283,413,176,64,24,0.23,25,66,149,24,117,0.966101694915254,2.41666666666667,6,1,0.736842105263158,7
334,172,301,482,633,229,45,81,0.22,98,106,141,69,129,0.710900473933649,8.05882352941176,28,2,1.66666666666667,23
2,2,6,9,14,3,4,2,0.11,2,1,4,2,4,1.0,2.0,2,1,0.0,1
134,134,357,488,631,241,131,113,0.04,115,20,269,113,223,0.73851030110935,1.45205479452055,12,2,0.387096774193548,11
0,0,8,9,57,7,7,5,4.56,5,41,8,5,8,0.614035087719298,15.4,27,2,0.0,1
134,92,152,189,244,107,32,39,0.13,41,25,54,39,60,0.442622950819672,3.6,8,4,1.08333333333333,32
3,3,10,16,43,7,6,2,1.31,2,21,10,2,7,0.744186046511628,1.5,2,2,0.0,1
11,10,26,39,72,16,12,9,0.54,9,21,19,9,16,0.541666666666667,2.22222222222222,7,3,0.0,1
1,0,5,8,33,3,4,1,2.62,1,21,6,1,5,0.757575757575758,2.0,2,2,0.0,1
43,31,58,85,164,37,16,16,0.74,16,63,31,16,27,1.0,3.42857142857143,5,1,1.36363636363636,4
42,31,52,70,96,36,8,15,0.29,15,20,20,15,21,0.479166666666667,10.5,12,3,2.0,81
29,20,40,61,117,28,13,11,0.7,12,43,26,11,20,0.64957264957265,2.2,4,3,1.14285714285714,4
5,4,21,33,68,15,12,4,0.7,4,23,22,4,17,0.691176470588235,2.5,4,2,0.0,1
0,0,4,5,32,3,4,1,4.6,1,23,4,1,4,0.9375,26.0,26,2,0.0,1
147,94,161,237,355,126,32,48,0.36,54,86,72,33,67,0.498591549295775,8.77777777777778,22,4,2.18181818181818,16
0,0,9,11,34,8,6,3,1.55,3,17,10,3,9,1.0,1.0,1,1,0.0,1
8,7,17,23,66,11,10,5,1.43,5,33,10,5,10,1.0,1.8,3,1,0.0,1
1437,1019,1339,1630,2064,1221,300,106,0.08,107,137,327,106,320,0.309108527131783,6.03225806451613,16,7,1.08823529411765,6145
124,101,165,242,316,105,51,59,0.11,63,26,71,59,64,0.449367088607595,3.90625,20,4,0.771428571428571,7
14,11,23,31,58,18,6,4,0.68,4,21,13,4,12,0.793103448275862,3.0,3,3,2.0,4
10,4,18,21,68,15,9,2,1.81,2,38,14,2,14,1.0,0.0,0,1,0.0,1
43,17,59,77,123,52,17,5,0.38,5,29,53,5,42,1.0,4.33333333333333,5,1,0.8,2
16,10,25,39,68,18,8,6,0.54,8,21,19,6,15,0.323529411764706,2.33333333333333,4,4,0.8,3
21,17,39,60,107,24,16,15,0.52,15,31,26,15,22,0.672897196261682,1.1,2,2,0.230769230769231,4
31,22,47,70,125,31,17,15,0.54,16,38,30,15,25,0.488,2.58333333333333,5,3,0.357142857142857,2
49,31,59,83,165,43,16,15,0.81,19,67,31,15,28,1.0,4.16666666666667,8,1,1.875,6
2,2,6,9,14,3,4,2,0.11,2,1,4,2,4,1.0,2.0,2,1,0.0,1
27,20,39,59,88,27,12,12,0.29,12,17,27,12,19,1.0,1.375,2,1,0.5,2
5,5,13,25,52,7,7,6,0.8,6,20,14,6,8,0.884615384615385,1.0,1,2,0.0,1
122,84,136,189,253,103,25,34,0.21,34,39,54,34,52,0.375494071146245,6.75,19,3,1.85714285714286,10
73,68,148,241,345,99,55,48,0.2,48,49,120,48,80,0.385507246376812,3.3125,24,4,0.0,1
2,1,12,18,62,9,11,6,1.83,6,33,14,6,11,0.693548387096774,15.3333333333333,34,3,0.0,1
13,9,23,29,56,18,6,3,0.72,3,21,15,3,14,0.857142857142857,2.33333333333333,3,2,0.0,1
450,257,372,617,815,306,58,146,0.23,149,140,142,73,115,0.488343558282209,7.65625,22,4,0.771428571428571,32
48,33,49,70,96,41,6,13,0.29,14,20,18,7,16,1.0,12.5,25,1,1.5,12
52,35,37,54,61,0,2,0,0.09,0,5,2,0,2,0.737704918032787,0.0,0,2,0.0,1
17,12,30,42,82,23,10,6,0.71,6,30,22,6,18,0.74390243902439,3.0,5,3,0.8,3
0,0,1,1,22,1,1,0,20.0,0,20,1,0,1,1.0,0.0,0,1,0.0,0
0,0,1,1,20,1,1,0,18.0,0,18,1,0,1,1.0,0.0,0,1,0.0,0
247,138,284,390,494,208,44,69,0.15,74,60,157,69,146,0.91497975708502,2.71428571428571,8,2,1.57142857142857,55634
0,0,4,5,44,3,5,2,6.8,2,34,4,2,4,1.0,13.0,13,1,0.0,1
7,5,18,24,49,12,8,5,0.71,5,17,13,5,13,1.0,4.2,10,1,0.0,1
82,61,99,141,250,66,22,28,0.62,28,87,39,28,38,0.776,4.77777777777778,10,3,1.30769230769231,25
0,0,9,10,43,8,10,7,2.3,7,23,9,7,9,0.511627906976744,1.0,2,2,0.0,1
16,13,34,49,113,22,16,11,0.98,11,48,24,11,21,0.769911504424779,1.54545454545455,4,2,0.0,1
25,16,38,52,89,25,11,11,0.5,12,26,22,11,22,0.97752808988764,1.5,3,1,1.0,4
5,5,13,24,51,7,7,6,0.83,6,20,13,6,8,0.901960784313726,1.0,1,2,0.0,1
124,54,119,204,304,98,20,42,0.39,42,80,76,19,65,0.572368421052632,9.77777777777778,19,3,1.18181818181818,11
1,1,4,7,33,2,4,1,3.14,1,22,4,1,3,0.818181818181818,1.0,1,2,0.0,1
49,29,78,89,145,67,25,9,0.35,10,31,49,9,49,0.668965517241379,2.2,5,2,0.888888888888889,12
0,0,7,9,36,6,6,1,2.33,1,21,8,1,7,1.0,1.0,1,1,0.0,1
209,142,236,295,394,191,61,44,0.14,50,40,96,44,94,0.946700507614213,6.0,11,1,1.53333333333333,32
29,24,44,60,99,34,14,10,0.42,10,25,23,10,20,0.494949494949495,4.25,10,3,1.16666666666667,5
33,23,47,63,118,29,15,16,0.63,17,40,23,16,24,0.694915254237288,5.0,7,2,1.55555555555556,4
0,0,2,4,24,2,3,2,4.25,2,17,3,2,2,1.0,0.0,0,1,0.0,0
32,24,36,62,99,18,13,17,0.39,17,24,12,17,12,0.404040404040404,0.777777777777778,1,3,1.09090909090909,3
6,6,15,21,62,9,8,5,1.57,5,33,9,5,9,1.0,1.8,3,1,0.0,1
341,272,408,583,693,273,85,135,0.07,147,43,129,125,136,0.878787878787879,3.45833333333333,13,2,0.823529411764706,64
7,7,18,24,54,13,10,4,0.83,4,20,12,4,11,1.0,2.5,5,1,0.0,1
23,19,52,76,143,30,27,21,0.53,21,40,33,21,33,1.0,1.57142857142857,4,1,0.0,1
4,4,14,24,50,9,6,6,0.83,6,20,15,6,10,0.9,1.25,2,2,0.0,1
7,7,17,24,49,10,8,6,0.71,6,17,10,6,10,1.0,2.33333333333333,4,1,0.0,1
71,48,98,118,160,82,20,15,0.19,19,22,56,15,50,0.9875,7.33333333333333,15,1,3.2,32
90,55,121,162,266,98,32,23,0.44,23,72,74,23,66,0.635338345864662,4.42857142857143,11,2,1.5,24
74,65,84,95,126,0,15,31,0.17,31,16,21,31,19,1.0,0.0,0,1,1.17647058823529,14
11,10,37,57,93,26,15,10,0.37,10,21,36,10,27,0.860215053763441,1.9,2,2,0.0,1
120,95,126,144,214,112,30,12,0.35,16,51,28,10,31,0.672897196261682,2.33333333333333,3,2,2.2,11
72,58,102,129,251,78,29,24,0.72,26,93,45,24,44,0.912350597609562,5.125,17,2,1.2,156
25,25,53,74,139,34,30,18,0.47,18,35,30,18,28,0.928057553956835,2.55555555555556,10,2,0.0,1
27,17,38,50,77,29,10,8,0.34,8,17,23,8,21,1.0,1.0,2,1,1.0,3
43,26,51,73,98,37,7,12,0.25,16,18,24,11,25,1.0,3.33333333333333,4,1,3.5,6
18,14,45,70,108,31,18,13,0.29,13,20,40,13,31,1.0,1.16666666666667,11,1,0.214285714285714,2
3,3,7,9,31,5,4,1,2.0,1,18,4,1,4,1.0,2.0,2,1,0.0,1
10,4,15,17,43,13,5,1,1.24,1,21,11,1,11,1.0,1.0,1,1,0.0,1
18,13,27,39,80,20,10,6,0.79,6,31,15,6,14,1.0,3.0,6,1,0.6,8
21,15,37,52,87,28,14,7,0.4,7,21,28,7,22,0.735632183908046,1.75,4,2,0.666666666666667,4
7,4,13,28,51,10,6,2,0.61,2,17,21,2,9,1.0,4.0,4,1,1.0,2
55,47,104,139,204,67,40,36,0.19,40,26,56,36,57,0.622549019607843,4.96774193548387,47,4,0.181818181818182,2
64,42,84,116,189,59,25,20,0.41,21,48,46,20,42,1.0,2.2,9,1,1.0,136
2,2,10,16,41,6,5,3,1.25,3,20,10,3,8,1.0,1.0,2,1,0.0,1
7,7,16,30,59,9,9,8,0.67,8,20,16,8,9,0.474576271186441,1.33333333333333,2,3,0.0,1
0,0,31,50,598,31,39,0,10.0,0,500,50,0,31,1.0,0.0,0,1,0.0,0
39,25,43,66,97,25,14,16,0.26,16,17,18,16,18,0.855670103092783,5.75,12,2,1.33333333333333,54
76,66,77,87,123,0,15,20,0.24,20,21,11,20,11,1.0,0.0,0,1,0.916666666666667,11
13,12,27,37,90,18,18,8,0.95,8,35,16,8,15,0.988888888888889,1.875,5,1,0.0,1
1,1,8,10,50,6,7,3,3.3,3,33,7,3,7,0.54,11.3333333333333,18,3,0.0,1
306,226,399,583,828,255,104,140,0.24,149,141,176,140,173,0.314009661835749,8.01234567901234,75,4,0.566265060240964,1152
18,17,35,44,115,22,13,10,1.32,10,58,16,10,18,0.791304347826087,1.16666666666667,2,2,0.888888888888889,3
14,13,44,65,152,29,20,16,1.05,16,68,37,16,31,0.861842105263158,1.8125,3,2,0.0,1
22,17,38,60,89,29,9,8,0.33,9,20,32,8,21,1.0,3.0,5,1,1.6,4
28,26,51,70,117,35,22,17,0.36,17,25,27,17,25,0.837606837606838,2.625,8,2,0.157894736842105,2
3,3,4,4,24,0,2,0,4.5,0,18,1,0,1,0.75,0.0,0,2,1.0,2
25,10,35,45,84,31,11,3,0.62,3,28,28,3,25,0.988095238095238,1.5,2,1,0.75,2
24,24,40,61,116,26,17,13,0.62,19,38,23,13,16,0.396551724137931,2.57142857142857,3,3,0.888888888888889,2
125,98,156,230,497,95,40,62,0.99,67,228,67,60,58,1.0,2.25,7,1,0.833333333333333,26
14,11,29,41,94,20,14,9,0.95,9,39,19,9,18,1.0,1.6,3,1,0.875,8
4,3,12,19,46,9,6,2,1.11,2,21,12,2,9,0.978260869565217,1.0,1,1,0.0,1
274,208,326,498,696,229,82,98,0.23,109,116,160,98,118,0.477011494252874,2.86792452830189,21,3,0.696428571428571,19
20,9,30,45,87,23,10,6,0.71,6,32,28,6,21,0.988505747126437,2.8,5,1,0.428571428571429,2
0,0,19,31,138,18,8,5,3.19,5,99,30,5,19,0.840579710144927,1.2,2,2,0.0,1
8,8,22,33,63,15,10,9,0.61,9,20,18,9,14,0.857142857142857,1.83333333333333,4,2,0.0,1
17,10,23,35,82,16,8,6,1.11,6,39,18,6,13,0.939024390243902,5.33333333333333,7,2,1.0,2
25,17,43,66,104,31,21,12,0.26,12,17,33,10,26,1.0,2.4,6,1,1.25,3
20,13,25,39,74,18,6,8,0.74,8,29,12,8,12,0.986486486486487,3.0,4,1,1.42857142857143,5
29,22,45,65,110,32,14,12,0.48,12,31,29,12,23,0.545454545454545,3.0,4,3,0.777777777777778,2
0,0,6,7,43,5,5,1,4.43,1,31,6,1,6,0.581395348837209,1.0,1,3,0.75,1
31,13,26,58,92,17,8,15,0.48,15,28,19,7,13,0.576086956521739,7.5,12,2,1.6,8
26,21,39,55,84,29,9,9,0.36,12,20,23,9,18,1.0,3.0,4,1,1.4,11
4,4,14,24,50,9,6,6,0.83,6,20,15,6,10,0.9,1.25,2,2,0.0,1
0,0,2,2,9,0,2,0,2.5,0,5,2,0,2,1.0,0.0,0,1,0.0,1
78,56,89,125,236,63,24,25,0.7,31,87,33,25,33,0.872881355932203,5.25,11,2,1.6,11
21,16,30,47,79,19,10,12,0.47,13,22,18,12,14,0.582278481012658,2.71428571428571,4,2,0.333333333333333,4
17,15,29,34,77,22,8,6,1.06,6,36,14,6,14,0.675324675324675,3.0,4,2,1.75,4
0,0,4,5,37,3,3,2,5.8,2,29,4,2,4,0.864864864864865,1.0,1,2,0.0,1
0,0,6,10,49,5,6,1,3.3,1,33,9,1,6,0.591836734693878,1.0,1,3,0.0,1
17,12,25,35,63,20,7,5,0.6,5,21,15,5,13,0.650793650793651,5.0,7,2,0.6,3
22,18,41,64,117,27,16,13,0.58,14,37,31,13,23,0.58974358974359,3.22222222222222,7,2,0.545454545454545,2
6,3,14,18,52,8,6,3,1.56,3,28,9,3,11,1.0,0.0,0,1,2.0,3
3,2,15,22,52,11,9,5,0.95,5,21,16,5,13,1.0,0.4,1,1,0.0,1
13,13,32,49,97,21,13,10,0.71,10,35,24,10,19,0.969072164948454,1.8,5,1,0.0,1
16,13,24,35,102,16,8,7,1.69,7,59,13,7,11,0.862745098039216,4.4,6,2,0.571428571428571,2
12,9,22,36,73,14,12,6,0.69,6,25,16,6,13,1.0,3.4,7,1,0.375,2
26,26,57,150,192,40,25,18,0.11,18,17,106,18,31,0.901041666666667,1.38888888888889,3,2,0.0,1
7,6,14,16,43,10,6,3,1.31,3,21,7,3,8,0.813953488372093,1.0,1,2,1.0,3
2,2,6,9,14,3,4,2,0.11,2,1,4,2,4,1.0,2.0,2,1,0.0,1
0,0,5,5,16,1,5,1,1.2,1,6,4,1,5,0.75,0.0,0,3,0.0,1
20,9,23,36,73,17,10,5,0.75,6,27,17,5,14,1.0,2.66666666666667,3,1,1.2,3
4,3,12,17,56,7,6,4,2.0,4,34,9,4,9,0.75,3.75,7,3,0.0,1
1,1,4,7,28,2,3,1,2.57,1,18,4,1,3,1.0,0.0,0,1,0.0,1
18,9,27,35,64,21,8,5,0.6,6,21,18,5,18,0.609375,1.5,3,4,1.6,4
5,0,7,8,37,6,8,0,2.62,0,21,7,0,7,0.459459459459459,0.0,0,4,0.0,0
0,0,7,10,52,6,7,2,3.5,2,35,9,2,7,0.942307692307692,1.0,1,2,1.0,1
18,12,35,39,104,33,11,1,1.38,1,54,25,1,23,0.596153846153846,2.0,2,3,0.0,1
0,0,2,3,25,1,2,0,6.67,0,20,2,0,2,0.96,0.0,0,1,0.0,0
15,11,16,21,41,0,5,4,0.71,4,15,5,4,5,1.0,0.0,0,1,2.0,5
4,3,13,19,54,8,7,4,1.47,4,28,11,4,10,1.0,2.0,4,1,0.0,1
30,26,51,73,118,33,17,16,0.38,16,28,29,16,25,0.322033898305085,2.76923076923077,9,4,0.4,6
12,12,29,40,110,18,13,10,1.43,10,57,18,10,17,0.563636363636364,2.6,6,3,0.0,1
15,12,25,46,71,16,5,7,0.43,11,20,28,7,13,1.0,1.0,2,1,1.6,6
0,0,9,14,76,7,6,1,4.0,1,56,12,1,9,1.0,1.0,1,1,0.0,1
18,14,32,44,79,21,15,10,0.45,10,20,18,10,18,0.620253164556962,2.85714285714286,5,2,0.555555555555556,2
0,0,10,11,34,9,2,0,1.91,0,21,10,0,10,0.794117647058823,0.0,0,2,0.0,0
45,22,58,79,117,51,11,7,0.34,10,27,38,7,36,0.829059829059829,9.0,14,2,1.2,6
82,53,100,134,210,81,26,19,0.37,19,50,53,19,47,0.619047619047619,2.33333333333333,5,2,1.33333333333333,12
67,72,152,214,359,80,73,66,0.31,66,67,74,66,80,0.392757660167131,0.0151515151515152,1,6,0.0,1
27,25,36,53,121,21,11,14,1.09,14,58,11,14,11,0.677685950413223,1.375,3,2,0.818181818181818,4
16,12,27,29,58,25,12,1,0.59,1,17,15,1,15,1.0,4.0,4,1,0.0,1
209,114,197,363,462,130,38,60,0.17,62,61,114,60,83,1.0,4.5,11,1,1.82608695652174,534
67,53,91,118,238,68,24,22,0.81,24,96,39,22,38,1.0,5.75,16,1,1.81818181818182,8
2,2,6,9,14,3,4,2,0.11,2,1,4,2,4,1.0,2.0,2,1,0.0,1
19,19,21,21,28,0,2,0,0.24,0,5,2,0,2,0.535714285714286,0.0,0,3,0.0,1
0,0,2,3,27,1,2,0,7.33,0,22,2,0,2,1.0,0.0,0,1,0.0,0
238,192,277,394,487,189,67,97,0.09,105,35,96,87,85,0.338809034907598,2.88095238095238,10,4,0.6,23
19,15,37,52,90,25,15,11,0.44,11,23,22,11,22,0.788888888888889,1.25,3,3,0.4,3
0,0,10,12,37,9,8,4,1.42,4,17,11,4,10,0.837837837837838,1.5,3,2,0.0,1
10,10,23,32,80,14,15,8,1.03,8,33,13,8,13,1.0,2.75,9,1,0.0,1
0,0,19,30,127,18,13,8,2.8,8,84,29,8,19,0.960629921259842,0.625,1,1,0.0,1
469,323,562,721,994,411,135,136,0.19,144,139,237,136,239,0.209255533199195,4.85714285714286,33,6,1.6,51609602
167,130,264,404,556,180,81,79,0.18,82,72,172,78,134,0.37589928057554,1.81818181818182,13,5,0.347826086956522,16
186,99,261,337,538,185,85,50,0.34,51,116,167,50,162,0.936802973977695,2.57894736842105,9,1,1.46666666666667,68
12,12,30,44,76,21,12,8,0.45,8,20,23,8,18,0.894736842105263,1.5,3,2,0.0,1
13,11,19,27,50,14,6,3,0.67,3,18,10,3,8,0.96,2.5,4,1,0.6,2
10,10,24,24,54,16,7,7,0.96,7,23,14,7,14,0.833333333333333,5.28571428571429,10,2,0.0,1
1479,1343,1667,2146,2591,1281,432,346,0.01,347,13,296,341,324,0.624083365495948,3.21739130434783,8,4,1.18279569892473,80
314,222,372,523,739,256,100,110,0.22,117,117,158,109,150,0.545331529093369,5.8,15,3,1.52941176470588,397
62,50,83,114,151,60,16,23,0.18,23,21,33,23,33,0.370860927152318,2.08333333333333,4,5,0.857142857142857,2
10,3,23,33,78,19,10,3,1.06,3,35,23,3,20,0.91025641025641,2.33333333333333,5,2,0.0,1
0,0,3,4,29,2,3,1,5.5,1,22,3,1,3,1.0,8.0,8,1,0.0,1
3,3,7,10,35,4,4,2,2.1,2,21,4,2,4,0.914285714285714,1.0,1,2,1.0,2
7,6,14,21,46,10,5,3,0.95,3,20,10,3,8,1.0,2.66666666666667,4,1,0.0,1
3,2,10,15,62,7,7,2,2.67,2,40,9,2,8,0.661290322580645,2.0,2,2,0.0,1
39,33,54,86,130,37,23,16,0.24,20,21,35,16,21,0.284615384615385,3.5,6,6,0.625,7
27,27,47,59,107,33,9,12,0.66,12,39,19,12,20,0.467289719626168,4.0,10,3,1.16666666666667,96
18,18,40,53,121,27,16,12,0.98,12,52,23,12,22,0.355371900826446,1.90909090909091,5,5,0.230769230769231,2
88,42,105,160,221,82,19,21,0.26,22,42,78,21,63,0.846153846153846,3.0,7,3,1.55555555555556,20
79,50,75,123,167,51,19,45,0.25,45,31,26,24,25,0.532934131736527,4.57142857142857,13,2,0.375,9
0,0,5,8,46,4,4,2,4.25,2,34,7,2,5,1.0,1.0,1,1,0.0,1
13,5,27,38,87,22,9,4,1.05,4,40,24,4,22,0.988505747126437,1.0,2,1,0.375,2
59,51,119,165,308,74,48,43,0.58,43,95,67,43,68,0.331168831168831,3.65789473684211,9,3,0.225,3
199,143,250,333,456,165,46,76,0.23,86,77,114,76,107,1.0,3.80952380952381,16,1,1.13793103448276,44
1866,1737,5854,7595,10254,4091,2648,1760,0.01,1760,72,4310,1760,4117,0.277257655549054,1.21745788667688,8,6,0.515358361774744,8
112,109,158,161,259,0,59,50,0.24,50,39,49,50,49,1.0,0.0,0,1,0.208333333333333,4
31367,25426,35570,52208,63702,22779,8876,13753,0.07,15035,3673,11329,12713,10144,0.421525226837462,2.63332229214972,66,4,0.579498229952286,4096
3,1,9,14,45,6,7,2,1.71,2,24,10,2,8,1.0,0.5,1,1,0.0,1
10,9,29,44,85,18,17,12,0.55,12,24,24,12,20,0.647058823529412,4.25,14,2,0.0,1
30,21,43,57,84,34,10,9,0.3,11,17,27,9,22,1.0,3.33333333333333,5,1,1.0,4
241,175,254,329,424,207,51,45,0.13,47,44,81,45,79,0.523584905660377,3.6,8,5,1.47058823529412,18
10,3,17,24,54,13,8,3,0.96,3,23,17,3,14,0.888888888888889,2.0,4,2,0.75,2
5,4,11,16,49,8,5,2,1.75,3,28,9,2,7,0.510204081632653,3.0,3,2,1.0,2
12,9,17,30,53,11,6,5,0.57,5,17,12,5,8,0.716981132075472,1.5,3,2,0.6,8
46,35,60,90,184,40,14,20,0.89,20,80,25,20,25,0.5,1.6,2,4,1.08333333333333,3
200,109,241,285,402,203,52,31,0.24,32,67,133,31,132,0.626865671641791,6.33333333333333,11,2,1.375,22401
28,14,41,50,85,32,14,7,0.42,7,21,28,7,27,1.0,3.0,4,1,1.0,5
12,9,20,27,73,14,10,4,1.33,6,36,11,4,11,0.945205479452055,2.5,3,2,0.75,3
88,28,52,106,149,49,13,2,0.28,2,30,33,2,24,0.483221476510067,12.0,12,4,1.0,2
4,4,13,27,62,8,9,5,0.96,5,26,18,5,9,1.0,2.6,11,1,0.0,1
16,15,38,52,136,25,16,12,1.31,12,68,24,12,23,1.0,1.58333333333333,5,1,0.0,1
1170,1062,1295,1403,1834,0,262,368,0.13,368,188,233,368,233,1.0,0.0,0,1,0.758771929824561,12
0,0,6,7,28,5,4,1,2.43,1,17,6,1,6,1.0,1.0,1,1,0.0,1
47,31,61,85,119,47,13,13,0.25,13,21,35,11,30,0.445378151260504,2.75,6,3,1.16666666666667,7
60,32,54,76,112,49,11,4,0.33,4,25,22,4,22,0.589285714285714,6.0,6,3,2.0,5
100,80,173,259,687,110,109,62,1.24,62,320,105,62,93,0.614264919941776,0.538461538461538,7,2,0.181818181818182,12
175,161,603,826,1179,411,342,189,0.03,189,22,463,189,442,0.603901611535199,0.890322580645161,3,4,0.506976744186047,3
3,3,10,16,43,7,6,2,1.31,2,21,10,2,7,0.976744186046512,1.5,2,1,0.0,1
9,7,20,27,56,12,9,6,0.74,6,20,13,6,13,0.642857142857143,13.6,34,3,0.428571428571429,2
43,36,69,94,154,46,20,20,0.43,20,40,36,20,33,0.623376623376623,2.25,6,3,0.533333333333333,6
8,7,19,30,54,13,7,7,0.57,7,17,17,7,12,1.0,1.0,1,1,0.5,2
0,0,39,42,58,38,7,0,0.14,0,6,40,0,39,0.931034482758621,0.0,0,1,0.0,0
84,79,144,204,295,88,46,61,0.22,61,45,65,61,65,0.884745762711864,1.66666666666667,4,2,0.590909090909091,4
18,8,31,39,90,28,9,2,1.08,2,42,24,2,23,0.9,1.0,1,2,0.0,1
56,40,76,110,209,47,28,29,0.68,33,75,35,29,36,1.0,2.38461538461538,5,1,0.772727272727273,19
1,1,1,1,20,0,1,0,18.0,0,18,0,0,0,1.0,0.0,0,1,0.0,1
482,390,541,778,913,360,106,204,0.07,226,52,156,179,151,0.414019715224535,3.10294117647059,15,4,0.611111111111111,1024
3,3,11,16,53,7,7,4,1.88,4,30,9,4,8,0.60377358490566,2.0,4,3,0.0,1
1,1,5,7,31,3,5,1,2.71,1,19,4,1,4,1.0,2.0,2,1,0.0,1
13,9,23,29,56,18,6,3,0.72,3,21,15,3,14,1.0,2.33333333333333,3,1,0.0,1
2438,1541,2330,3418,3920,1688,279,515,0.07,567,226,966,515,789,0.530612244897959,6.66666666666667,87,6,1.73758865248227,568
9,8,21,31,62,14,14,6,0.55,6,17,16,6,13,1.0,2.33333333333333,4,1,0.0,1
19,14,32,47,87,25,10,6,0.64,6,30,25,6,18,0.839080459770115,3.66666666666667,5,2,0.8,3
208,208,441,705,2443,231,421,209,1.87,209,1317,287,209,233,0.689725747032337,0.0,0,2,0.0,1
22,17,36,46,104,22,14,10,0.96,10,44,18,10,19,0.5,2.5,3,3,2.25,48
49,35,85,129,193,58,33,23,0.24,25,31,60,23,50,0.72020725388601,2.73333333333333,10,2,0.315789473684211,136
108,79,139,186,267,100,34,33,0.25,33,47,60,33,60,0.453183520599251,4.7,13,4,1.69230769230769,80
16,15,37,54,106,24,16,12,0.67,12,36,26,12,22,1.0,1.58333333333333,6,1,0.0,1
31,30,43,48,84,38,8,4,0.58,4,28,13,4,13,1.0,2.5,4,1,0.0,1
0,0,8,10,80,7,7,4,6.3,4,63,9,4,8,1.0,1.75,3,1,0.0,1
4,3,12,18,46,7,7,4,1.17,4,21,10,4,9,0.608695652173913,3.0,9,2,0.0,1
0,0,4,5,24,3,2,2,3.4,2,17,4,2,4,1.0,2.0,2,1,0.4,1
6,3,16,19,42,14,6,1,0.89,1,17,14,1,13,1.0,2.0,2,1,0.0,1
2,1,7,17,39,5,5,1,1.0,1,17,14,1,6,1.0,3.0,3,1,0.0,1
141,116,163,179,258,155,39,6,0.22,6,40,52,6,47,0.802325581395349,5.75,8,3,0.666666666666667,2
29,13,51,82,132,43,16,7,0.41,7,34,55,7,38,0.537878787878788,2.0,4,3,0.625,2
14,9,26,45,78,17,11,8,0.49,10,22,24,8,17,0.615384615384615,1.28571428571429,3,3,0.333333333333333,2
2,1,7,15,37,5,5,1,1.13,1,17,12,1,6,1.0,3.0,3,1,0.0,1
24,24,40,61,111,26,16,13,0.56,19,34,23,13,16,1.0,2.57142857142857,3,1,0.888888888888889,2
4,1,8,13,51,6,6,1,2.46,1,32,8,1,7,0.647058823529412,7.0,7,4,0.0,1
5,5,14,17,48,10,8,3,1.35,3,23,9,3,9,1.0,3.0,5,1,0.0,1
221,178,273,395,487,178,68,98,0.08,106,33,98,93,95,0.468172484599589,2.76190476190476,9,5,0.777777777777778,15
19,15,40,61,104,25,17,13,0.44,14,27,30,13,25,0.855769230769231,8.25,29,2,0.375,2
25,14,41,72,106,24,13,15,0.29,15,21,30,15,27,1.0,0.0666666666666667,1,1,0.0,1
47,42,81,90,147,65,20,15,0.41,15,37,35,15,39,0.557823129251701,5.0,10,2,1.33333333333333,288
813,717,826,1092,1175,673,77,136,0.01,136,6,181,105,109,0.901276595744681,8.57142857142857,16,2,2.66666666666667,41
124,101,165,242,316,105,51,59,0.11,63,26,71,59,64,0.449367088607595,1.78125,5,4,0.771428571428571,7
0,0,25,26,42,22,7,0,0.23,0,6,24,0,25,0.80952380952381,0.0,0,3,0.0,0
14,12,26,35,63,19,7,6,0.6,6,21,17,6,14,0.619047619047619,2.0,2,3,1.75,4
1,1,6,8,41,4,3,1,3.75,1,30,5,1,5,0.585365853658537,0.0,0,2,0.0,1
27,23,39,57,105,22,12,17,0.63,17,36,18,17,16,0.723809523809524,2.0,4,3,1.45454545454545,7
45,26,75,104,174,53,32,21,0.37,22,38,55,21,49,0.752873563218391,2.35,6,3,0.136363636363636,2
191,141,233,331,421,164,48,93,0.13,93,42,91,67,92,0.92874109263658,3.04761904761905,17,2,0.555555555555556,16
207,155,210,249,375,194,69,15,0.23,15,57,68,15,55,0.970666666666667,4.55555555555556,10,1,0.727272727272727,2
16,6,34,41,87,30,13,2,0.8,2,33,31,2,28,1.0,1.0,1,1,1.75,2
40,25,53,76,118,40,18,11,0.34,12,26,31,11,28,0.491525423728814,1.4,6,5,1.28571428571429,7
33,22,43,63,139,30,17,11,0.94,11,59,21,11,21,0.956834532374101,4.2,6,1,1.375,5
22,22,47,65,120,30,26,16,0.45,16,29,26,16,25,1.0,1.6875,8,1,0.0,1
221,129,280,358,484,217,67,55,0.16,60,59,159,55,151,0.766528925619835,3.70588235294118,15,2,1.31578947368421,1009
222,157,272,407,614,176,67,94,0.35,100,142,128,94,115,0.247557003257329,6.13953488372093,27,5,0.844444444444444,15
22,16,38,52,85,30,11,7,0.42,7,22,26,7,22,0.435294117647059,3.25,6,4,0.666666666666667,4
0,0,2,2,9,0,2,0,2.5,0,5,2,0,2,1.0,0.0,0,1,0.0,1
17,9,23,29,74,19,7,3,1.31,3,38,15,3,14,0.567567567567568,2.0,2,3,0.75,2
17,14,30,39,75,23,12,6,0.62,10,24,21,6,16,0.586666666666667,5.0,5,2,2.0,13
9,7,20,31,59,15,7,4,0.68,4,21,18,4,13,1.0,2.33333333333333,3,1,0.6,2
29,22,38,60,101,28,11,10,0.5,10,30,25,10,16,0.584158415841584,2.5,4,2,1.0,5
7,7,16,30,58,9,8,8,0.67,8,20,16,8,9,0.482758620689655,1.33333333333333,2,3,0.0,1
32,24,58,79,133,46,18,10,0.46,10,36,41,10,34,0.729323308270677,3.8,6,2,0.7,8
10,5,28,39,71,20,9,6,0.59,6,23,24,6,23,1.0,0.5,2,1,0.666666666666667,3
0,0,92,148,306,91,68,63,0.61,63,90,147,63,92,0.333333333333333,2.01587301587302,14,6,0.0,1
4,3,16,23,47,12,7,4,0.74,4,17,17,4,13,1.0,1.66666666666667,3,1,0.0,1
88,56,130,160,258,102,32,23,0.42,25,68,75,23,74,1.0,4.6,9,1,1.57142857142857,79
62,55,93,126,192,53,38,39,0.22,41,28,39,39,38,0.46875,1.125,10,6,0.148148148148148,48
2,2,6,9,14,3,4,2,0.11,2,1,4,2,4,1.0,2.0,2,1,0.0,1
8,6,19,28,76,12,17,6,1.11,6,31,15,6,13,1.0,1.16666666666667,3,1,0.0,1
7,4,15,28,51,11,6,3,0.61,3,17,19,3,11,1.0,1.0,2,1,0.75,2
73,47,85,125,175,61,23,20,0.22,26,27,44,20,38,0.634285714285714,3.0,5,3,3.5,37
74,34,50,87,133,46,25,3,0.45,3,39,16,3,16,1.0,0.0,0,1,1.0,4
1,1,5,12,43,4,8,3,1.92,3,23,9,3,4,0.883720930232558,1.33333333333333,3,2,0.5,1
21,20,52,78,127,32,32,21,0.22,21,17,37,21,32,1.0,1.57142857142857,6,1,0.0,1
0,0,9,11,48,7,12,6,2.27,6,25,9,6,9,1.0,1.66666666666667,3,1,0.0,1
38,22,63,73,119,52,10,9,0.51,9,37,41,9,41,0.596638655462185,4.0,7,3,3.0,15
10,4,14,18,49,11,6,2,1.39,2,25,12,2,10,1.0,5.0,5,1,1.0,2
169,104,203,260,357,158,42,45,0.21,50,55,104,45,99,0.725490196078431,6.41666666666667,16,2,2.07142857142857,27
67,43,68,111,154,56,14,11,0.26,11,29,48,11,25,0.636363636363636,7.0,10,3,0.75,4
24,22,47,63,119,33,17,12,0.62,12,39,29,12,25,0.663865546218487,4.625,21,4,1.2,5
59,39,102,140,350,79,44,21,1.19,22,166,72,21,63,0.594285714285714,2.2,10,2,0.307692307692308,4
120,72,165,213,267,125,26,34,0.13,39,28,95,34,93,1.0,2.27272727272727,7,1,0.866666666666667,90
0,0,1,1,22,1,1,0,20.0,0,20,1,0,1,1.0,0.0,0,1,0.0,0
25,25,53,74,132,34,29,18,0.39,18,29,30,18,28,0.901515151515151,2.16666666666667,9,2,0.0,1
20,14,40,61,109,25,20,17,0.48,17,29,31,17,26,0.844036697247706,14.1666666666667,61,2,0.2,2
20,11,31,41,79,24,17,6,0.51,7,21,20,6,20,0.734177215189873,2.33333333333333,5,3,1.2,5
11,7,16,28,47,12,7,8,0.43,8,12,12,6,9,0.957446808510638,1.6,5,1,0.428571428571429,4
29,25,55,85,133,38,21,16,0.32,16,27,41,16,30,0.827067669172932,2.30769230769231,8,2,0.333333333333333,2
0,0,4,6,42,3,2,1,5.67,1,34,5,1,4,0.785714285714286,1.0,1,2,0.0,1
18,18,47,62,101,32,13,14,0.52,14,32,29,14,29,1.0,2.53846153846154,5,1,0.2,2
1,1,6,10,41,3,8,1,2.3,1,23,6,1,5,1.0,0.0,0,1,0.0,1
13,9,23,35,65,16,8,6,0.63,8,22,19,6,14,0.8,2.66666666666667,6,2,0.6,5
1,0,4,6,30,3,4,0,3.33,0,20,5,0,4,0.866666666666667,0.0,0,2,0.0,0
2,2,8,11,37,5,5,2,1.91,2,21,6,2,6,0.621621621621622,5.0,10,2,0.0,1
104,68,148,204,339,113,37,30,0.49,36,100,100,30,80,0.440828402366864,3.0,13,3,0.761904761904762,9
7,6,19,27,62,11,11,7,0.89,7,24,13,7,13,0.516129032258065,1.42857142857143,2,3,0.0,1
9,9,24,32,59,16,10,7,0.53,7,17,15,7,15,1.0,1.85714285714286,5,1,0.4,1
61,53,103,133,198,70,23,28,0.32,33,42,48,28,50,0.309644670050761,4.1,8,5,1.35714285714286,18
17,10,26,34,64,20,9,5,0.62,6,21,15,5,16,0.6875,1.5,3,3,1.5,4
1,0,5,8,33,3,4,1,2.62,1,21,6,1,5,1.0,1.0,1,1,0.0,1
34,24,57,77,118,39,24,17,0.22,18,17,34,17,33,0.830508474576271,3.38461538461538,10,2,0.333333333333333,3
175,112,195,267,429,161,32,51,0.49,52,131,88,35,83,0.862470862470862,4.5625,24,3,0.80952380952381,14
87,55,110,179,238,79,28,34,0.17,34,31,72,26,55,0.65546218487395,3.73333333333333,12,2,0.761904761904762,12
12,12,29,39,105,18,12,10,1.38,10,54,17,10,17,1.0,1.7,5,1,0.0,1
6,6,14,20,45,10,5,3,1.0,3,20,10,3,8,1.0,2.66666666666667,4,1,0.0,1
0,0,19,22,73,19,10,0,1.68,0,37,19,0,19,1.0,0.0,0,1,0.5,0
68,38,88,120,160,70,19,17,0.17,17,21,52,17,50,1.0,3.28571428571429,5,1,1.11111111111111,8
12,11,26,38,71,17,12,8,0.55,8,21,18,8,15,0.802816901408451,2.0,5,2,0.0,1
4,4,14,24,50,9,6,6,0.83,6,20,15,6,10,0.9,1.25,2,2,0.0,1
7,5,17,25,56,10,10,6,0.84,6,21,13,6,12,0.392857142857143,1.5,2,4,0.0,1
39,20,68,87,150,56,24,10,0.45,10,39,49,10,48,1.0,1.4,2,1,0.875,6
2,2,6,9,14,3,4,2,0.11,2,1,4,2,4,1.0,2.0,2,1,0.0,1
3,3,30,36,117,26,22,12,1.64,12,59,29,12,27,0.786324786324786,1.16666666666667,3,3,0.0,1
92,57,122,153,209,97,25,24,0.21,27,32,70,24,65,0.507177033492823,3.25,6,2,1.0,264
70,0,56,73,137,55,5,0,0.81,0,59,72,0,56,0.547445255474453,0.0,0,2,0.0,0
18,14,35,53,85,27,11,7,0.4,7,21,28,7,21,0.705882352941177,3.4,7,3,0.571428571428571,2
3,3,10,16,43,7,6,2,1.31,2,21,10,2,7,1.0,1.5,2,1,0.0,1
13,11,19,22,52,15,6,3,1.09,3,24,8,3,8,1.0,1.0,1,1,1.0,3
8,7,17,23,54,13,6,3,1.09,3,25,12,3,10,1.0,3.66666666666667,7,1,0.0,1
2,2,6,8,28,4,3,1,2.12,1,17,4,1,4,1.0,2.0,2,1,0.0,1
5,5,14,18,49,10,7,3,1.33,3,24,10,3,9,1.0,3.0,5,1,0.0,1
5,5,15,20,53,11,10,3,1.15,3,23,11,3,10,1.0,3.0,5,1,0.0,1
7,5,16,20,49,13,8,2,1.05,2,21,12,2,11,0.857142857142857,2.5,3,2,0.0,1
32,30,66,90,208,43,29,22,0.99,22,89,38,22,36,0.9375,2.86363636363636,11,2,0.0,1
9,8,25,34,87,17,17,6,1.06,6,36,19,6,17,1.0,2.2,3,1,0.375,2
0,0,4,5,37,3,5,1,5.4,1,27,4,1,4,0.918918918918919,1.0,1,2,0.0,1
5,5,13,24,51,7,7,6,0.83,6,20,13,6,8,0.901960784313726,1.0,1,2,0.0,1
21,15,54,89,132,35,21,18,0.25,18,22,55,18,39,1.0,0.466666666666667,1,1,0.157894736842105,2
35,31,67,95,166,41,31,24,0.42,24,40,36,24,36,1.0,1.04166666666667,3,1,0.0,1
12,10,28,47,81,18,12,9,0.47,9,22,26,9,18,0.567901234567901,1.25,3,3,0.3,2
68,40,65,84,121,58,13,6,0.29,6,24,26,6,25,0.578512396694215,7.0,7,2,3.0,13
43,26,57,93,142,42,20,14,0.31,15,29,40,14,31,1.0,3.2,5,1,1.42857142857143,12
18,16,38,55,105,22,16,14,0.62,14,34,24,14,22,1.0,1.90909090909091,5,1,0.428571428571429,3
6,4,12,19,48,8,8,3,1.11,3,21,10,3,8,0.625,2.0,4,2,0.8,2
31,13,26,58,93,17,8,15,0.5,15,29,19,7,13,0.591397849462366,7.5,12,2,1.6,8
0,0,3,4,27,2,3,0,5.0,0,20,3,0,3,0.962962962962963,0.0,0,1,0.0,0
36,25,58,78,129,43,17,13,0.44,13,34,38,13,33,0.666666666666667,2.25,5,2,0.5,5
4,4,14,24,50,9,6,6,0.83,6,20,15,6,10,0.9,1.25,2,2,0.0,1
468,336,558,736,1061,411,111,145,0.29,163,215,212,137,222,0.46559849198869,7.25,29,4,2.0,92160
151,104,171,269,429,115,46,54,0.42,55,114,86,54,67,0.554778554778555,3.27272727272727,11,3,1.03333333333333,288
5,5,14,18,49,10,8,3,1.28,3,23,9,3,9,1.0,2.66666666666667,4,1,0.0,1
5,5,13,25,52,7,7,8,0.8,8,20,14,8,8,0.884615384615385,1.8,3,2,0.0,1
11,6,11,22,66,5,6,8,1.73,9,38,5,5,5,0.924242424242424,3.0,5,2,0.8,2
0,0,5,6,40,4,3,1,5.17,1,31,5,1,5,0.525,1.0,1,3,0.0,1
124,101,165,242,316,105,51,59,0.11,63,26,71,59,64,0.449367088607595,3.375,12,4,0.771428571428571,7
25,17,40,58,98,31,12,8,0.48,9,28,28,8,23,0.693877551020408,3.33333333333333,5,2,1.4,12
7,4,15,28,55,11,7,3,0.71,3,20,19,3,11,1.0,1.0,2,1,0.75,2
16,15,34,48,92,22,16,11,0.58,11,28,20,11,19,1.0,2.4,6,1,0.25,2
51,36,85,128,204,63,27,24,0.39,26,50,62,24,49,0.71078431372549,2.21428571428571,7,3,0.666666666666667,9
41,34,50,83,126,31,13,18,0.4,20,33,29,18,16,1.0,3.33333333333333,5,1,1.4,20
5,4,11,18,46,8,5,2,1.28,3,23,11,2,7,1.0,3.0,3,1,1.0,2
10,6,19,26,52,14,9,4,0.65,4,17,14,4,13,0.942307692307692,2.5,3,2,1.5,3
2,2,6,9,14,3,4,2,0.11,2,1,4,2,4,1.0,2.0,2,1,0.0,1
85,56,107,146,188,91,12,18,0.23,18,33,62,18,51,1.0,8.0,15,1,1.11111111111111,10
59,41,80,117,176,64,16,15,0.37,15,43,51,15,39,0.568181818181818,6.66666666666667,12,2,2.83333333333333,14
0,0,5,7,47,4,6,1,4.86,1,34,6,1,5,0.914893617021277,3.0,3,1,0.0,1
11,10,25,38,131,14,22,10,1.87,10,71,16,10,15,0.656488549618321,0.222222222222222,2,3,0.25,2
95,59,146,198,301,104,40,32,0.32,37,63,95,32,87,0.910299003322259,2.5625,3,2,0.954545454545455,13
148,116,180,244,346,131,42,51,0.25,59,60,71,49,64,0.621387283236994,4.75,20,3,1.0,82
14,14,31,42,157,20,17,10,2.33,10,98,17,10,17,0.420382165605096,2.2,4,3,0.0,1
89,51,112,149,196,86,20,22,0.18,24,27,60,22,61,0.892857142857143,3.8,10,2,2.57142857142857,183
71,48,102,117,163,90,17,12,0.28,12,33,55,12,54,0.638036809815951,3.5,8,2,0.625,4
0,0,2,4,26,1,2,2,5.0,2,20,3,2,2,0.961538461538462,0.0,0,1,0.0,0
42,31,51,67,123,36,18,13,0.57,16,38,20,13,20,0.520325203252033,4.0,6,3,3.0,160
129,80,171,210,306,133,38,30,0.28,32,58,95,30,91,0.944444444444444,3.83333333333333,9,2,2.9,42
20,13,39,51,77,32,9,6,0.33,6,17,31,6,26,1.0,2.66666666666667,5,1,0.8,3
28,12,21,39,86,15,12,6,0.82,8,32,24,6,9,0.976744186046512,26.0,47,1,1.25,3
132,88,171,228,322,127,55,39,0.18,42,40,88,39,83,0.496894409937888,4.91666666666667,21,3,2.0,61
100,69,144,196,279,100,41,41,0.21,51,42,82,41,75,0.372759856630824,4.58823529411765,17,4,0.894736842105263,108
10,8,18,27,75,11,9,6,1.44,6,39,11,6,10,0.626666666666667,6.75,19,4,0.5,3
256,208,302,429,525,205,70,106,0.08,114,36,102,96,94,0.554285714285714,2.82222222222222,10,3,0.6875,23
29,14,48,73,129,37,15,9,0.56,9,41,42,9,34,0.961240310077519,2.28571428571429,5,1,0.2,2
100,47,94,138,181,82,24,11,0.14,11,19,53,11,47,1.0,4.14285714285714,10,1,0.666666666666667,2
17,15,29,40,73,22,10,6,0.57,10,23,21,6,14,0.63013698630137,5.0,5,2,2.0,13
371,247,417,548,743,306,90,105,0.2,118,110,159,105,170,0.261103633916555,4.52380952380952,16,7,2.03703703703704,1949
38,25,50,75,115,37,11,13,0.39,17,29,32,13,25,0.626086956521739,3.66666666666667,5,2,1.6,24
46,34,60,87,139,38,15,21,0.43,23,37,29,21,26,0.410071942446043,3.8,10,3,0.833333333333333,5
44,29,39,62,87,31,5,13,0.32,13,20,12,7,10,1.0,12.0,24,1,1.5,12
0,0,7,8,52,6,6,4,4.75,4,38,7,4,7,0.807692307692308,0.0,0,2,0.0,1
16,12,30,43,76,18,13,11,0.47,11,20,20,11,18,1.0,2.0,3,1,0.8,3
13,10,20,22,66,18,14,1,1.36,1,30,10,1,10,1.0,0.0,0,1,0.0,1
5,4,17,22,51,13,8,3,0.95,3,21,14,3,13,0.980392156862745,1.33333333333333,2,1,0.0,1
109,74,138,164,212,113,25,35,0.14,38,23,57,35,64,0.533018867924528,5.88888888888889,9,3,1.72727272727273,12
10,5,18,24,59,12,7,4,1.17,5,28,14,4,13,1.0,1.0,1,1,2.0,4
171,98,185,272,380,160,40,39,0.28,43,75,106,23,87,0.994736842105263,7.0,18,1,1.0,24
12,9,32,40,118,23,14,7,1.6,7,64,23,7,23,1.0,3.4,7,1,0.428571428571429,3
0,0,5,6,43,4,5,2,5.33,2,32,5,2,5,0.511627906976744,4.5,6,3,0.0,1
9,9,24,35,63,17,11,6,0.49,6,17,19,6,15,0.73015873015873,0.833333333333333,1,2,0.0,1
281,257,484,720,943,261,197,222,0.04,222,26,242,222,227,0.989395546129374,0.356382978723404,13,1,0.130208333333333,12
0,0,2,4,36,1,2,0,7.5,0,30,3,0,2,1.0,0.0,0,1,0.0,0
11,6,17,25,59,12,7,3,1.08,3,27,12,3,11,1.0,4.0,6,1,0.6,2
14,14,33,60,98,18,17,14,0.35,14,21,32,14,19,1.0,1.92857142857143,4,1,0.0,1
726,504,793,1082,1473,563,182,215,0.19,242,209,276,215,289,0.419551934826884,6.92307692307692,28,5,1.74418604651163,12498470
4,4,11,21,48,6,6,4,1.0,4,21,12,4,7,0.75,0.75,2,2,0.0,1
21,21,48,65,155,31,22,16,1.06,16,69,28,16,27,1.0,3.0625,8,1,0.0,1
165,100,184,264,364,133,34,48,0.26,55,69,89,48,84,0.56043956043956,3.125,11,3,2.7,24969
42,28,59,89,150,40,30,18,0.35,22,31,37,18,31,0.986666666666667,2.11111111111111,4,1,1.27272727272727,5
21,20,42,64,116,24,19,16,0.52,16,33,26,16,22,1.0,1.85714285714286,5,1,0.235294117647059,2
5,1,48,65,168,47,25,0,1.25,0,81,54,0,47,1.0,0.0,0,1,0.75,0
34,28,53,64,99,38,13,13,0.34,13,22,22,13,25,1.0,1.83333333333333,4,1,1.22222222222222,8
707,571,759,1091,1262,510,138,292,0.06,328,68,201,247,188,0.547543581616482,7.04545454545455,35,4,0.472527472527473,131072
23,18,38,53,135,25,21,11,1.15,11,61,20,11,20,1.0,3.28571428571429,4,1,0.777777777777778,4
0,0,4,7,62,3,4,1,7.29,1,51,6,1,4,1.0,1.0,1,1,0.0,1
36,27,43,63,98,32,14,10,0.33,14,21,23,10,16,0.642857142857143,3.0,3,2,4.0,24
84,78,170,251,395,116,75,53,0.27,53,69,120,53,92,0.89620253164557,1.27450980392157,3,2,0.113207547169811,3
86,58,108,151,204,88,24,23,0.21,26,31,55,23,50,1.0,9.66666666666667,21,1,2.6,240
47,25,53,87,137,41,23,11,0.33,12,29,36,11,28,1.0,8.0,12,1,2.0,16
18,12,30,39,68,24,8,5,0.54,5,21,21,5,18,1.0,3.0,6,1,0.571428571428571,2
0,0,8,10,40,7,4,2,2.6,2,26,9,2,8,1.0,1.5,2,1,0.0,1
684,498,650,815,1060,578,161,72,0.12,72,99,161,71,152,0.401515151515151,3.71428571428571,19,6,1.09677419354839,36
21,17,38,60,115,24,16,14,0.65,16,39,26,14,21,0.347826086956522,2.75,8,4,0.214285714285714,2
11,10,16,17,36,0,5,6,0.82,6,14,6,6,6,1.0,0.0,0,1,0.666666666666667,2
6,6,7,7,27,0,2,0,2.57,0,18,1,0,1,0.666666666666667,0.0,0,3,3.0,8
8,6,14,23,52,9,6,4,1.0,4,23,12,4,8,0.923076923076923,1.0,2,2,0.75,3
491,483,619,804,1178,415,223,208,0.12,232,100,183,162,136,0.98471986417657,5.0,16,1,1.28571428571429,53
293,142,324,434,703,266,97,52,0.41,67,179,208,52,182,0.409672830725462,5.83333333333333,11,4,2.0,321
0,0,3,4,34,2,1,1,7.25,1,29,3,1,3,0.911764705882353,6.0,6,2,0.0,1
140,78,155,233,337,130,41,39,0.29,43,68,93,23,77,0.99406528189911,6.1,14,1,1.0,24
19,15,40,61,103,25,17,13,0.43,14,26,30,13,25,0.844660194174757,8.58333333333333,31,2,0.2,2
156,101,171,239,316,140,33,28,0.19,28,46,72,28,70,0.60126582278481,13.75,28,4,2.83333333333333,384
19,14,32,52,105,19,17,12,0.69,13,36,22,12,18,0.942857142857143,3.3,11,1,0.25,3
5,5,17,22,59,12,10,4,1.23,5,27,12,4,12,0.76271186440678,2.25,3,2,0.0,1
122,74,151,214,307,109,25,39,0.32,44,68,81,39,77,0.798045602605863,4.2,8,2,1.76923076923077,30
7,4,12,18,51,7,9,4,1.33,4,24,8,4,8,0.411764705882353,2.75,4,3,0.0,1
0,0,7,8,43,6,5,1,3.75,1,30,7,1,7,0.86046511627907,1.0,1,2,0.0,1
0,0,11,18,92,10,8,6,3.67,6,66,17,6,11,1.0,1.0,1,1,0.0,1
4,3,8,12,46,4,4,3,2.5,3,30,5,3,5,0.434782608695652,13.0,26,3,0.75,2
122,78,158,214,334,118,38,33,0.38,38,82,92,33,80,0.389221556886228,2.08333333333333,5,4,1.33333333333333,18
53,34,80,109,168,61,29,17,0.3,23,33,50,17,46,0.767857142857143,4.0,17,3,1.91666666666667,4
12,12,25,38,67,15,12,12,0.45,12,17,16,12,13,1.0,1.66666666666667,3,1,0.0,1
83,58,113,147,247,74,38,30,0.42,32,62,50,30,55,0.700404858299595,3.33333333333333,6,2,1.66666666666667,300
7,6,18,26,56,11,9,6,0.81,6,21,13,6,12,0.660714285714286,1.0,2,2,0.0,1
40,22,44,61,113,34,15,8,0.61,8,37,23,8,22,0.663716814159292,5.5,11,3,2.25,11
0,0,6,10,46,5,4,0,3.2,0,32,9,0,6,1.0,0.0,0,1,0.0,0
18,14,30,44,75,18,9,8,0.5,8,22,21,8,16,0.36,1.0,2,3,1.6,5
14,9,26,45,78,17,11,8,0.49,10,22,24,8,17,0.602564102564103,1.57142857142857,3,3,0.333333333333333,2
2,2,6,9,14,3,4,2,0.11,2,1,4,2,4,1.0,2.0,2,1,0.0,1
329,241,361,529,664,226,88,149,0.09,169,47,138,149,120,0.524096385542169,4.33333333333333,9,4,1.76190476190476,70721
13,10,29,42,92,21,10,7,0.95,7,40,23,7,19,0.521739130434783,3.0,5,3,1.16666666666667,3
0,0,4,7,37,3,3,2,3.86,2,27,6,2,4,0.702702702702703,1.0,1,2,0.0,1
8,7,17,23,54,13,6,3,1.09,3,25,12,3,10,1.0,3.66666666666667,7,1,0.0,1
158,109,181,258,410,131,47,53,0.43,58,111,71,53,72,0.65609756097561,6.58333333333333,13,2,1.625,120
1621,1043,1578,2520,3051,1097,328,432,0.08,458,209,719,432,535,0.373647984267453,5.56338028169014,63,6,1.21052631578947,73728
49,24,46,65,101,41,11,4,0.38,4,25,22,4,22,1.0,6.0,6,1,2.0,5
2,2,6,9,14,3,4,2,0.11,2,1,4,2,4,1.0,2.0,2,1,0.0,1
51,37,72,106,153,49,20,21,0.25,22,27,43,21,35,0.601307189542484,1.8,5,2,0.916666666666667,10
0,0,5,6,27,4,4,2,2.83,2,17,5,2,5,0.777777777777778,1.5,3,2,0.0,1
323,207,351,501,676,256,86,94,0.19,110,94,155,94,144,0.398518518518518,4.32142857142857,29,5,1.05405405405405,2538
48,37,61,92,187,40,14,21,0.88,21,81,24,21,24,0.27807486631016,1.6,2,5,1.16666666666667,3
57,33,74,103,133,49,12,20,0.17,25,18,42,20,41,1.0,3.14285714285714,7,1,2.2,8
93,55,124,161,207,89,23,29,0.14,31,23,69,29,69,0.893719806763285,3.25,7,2,1.90909090909091,72
28,28,59,82,161,38,33,20,0.56,20,46,33,20,31,0.925465838509317,2.2,11,2,0.0,1
11,11,30,35,61,27,5,2,0.6,2,21,21,2,19,0.934426229508197,6.5,13,2,0.0,1
29,29,73,98,146,50,27,23,0.21,23,21,46,23,44,0.815068493150685,2.59090909090909,9,2,0.12,2
7,7,16,30,58,9,8,8,0.67,8,20,16,8,9,0.482758620689655,1.33333333333333,2,3,0.0,1
9,7,17,22,45,13,6,3,0.77,3,17,11,3,10,1.0,2.33333333333333,4,1,0.0,1
0,0,9,10,36,8,9,5,1.7,5,17,9,5,9,1.0,0.4,1,1,0.0,1
0,0,7,10,32,6,5,2,1.7,2,17,9,2,7,1.0,4.5,9,1,0.0,1
6,5,18,26,57,11,13,6,0.69,6,18,14,6,13,1.0,1.83333333333333,3,1,0.0,1
167,87,180,257,335,133,22,45,0.22,49,56,94,45,93,0.994029850746269,5.7,12,1,2.16666666666667,73
92,73,136,181,285,86,42,43,0.34,44,62,59,43,63,0.350877192982456,9.16,40,5,0.888888888888889,8
403,324,439,616,748,309,91,154,0.1,168,59,132,129,115,0.883689839572192,3.7719298245614,16,2,0.508196721311475,191
29,25,50,63,98,39,14,10,0.33,10,21,26,10,25,1.0,3.0,4,1,1.8,12
27,17,37,58,84,29,9,7,0.29,9,17,25,7,20,1.0,2.66666666666667,4,1,0.8,8
30,15,41,54,105,34,14,6,0.69,6,37,29,6,26,0.819047619047619,1.5,2,2,1.5,8
42,28,51,79,139,35,16,15,0.56,15,44,27,15,23,0.611510791366906,9.71428571428571,47,5,0.909090909090909,8
14,9,26,45,78,17,11,8,0.49,10,22,24,8,17,0.615384615384615,1.28571428571429,3,3,0.333333333333333,2
6,6,9,9,29,0,2,0,2.0,0,18,3,0,3,0.620689655172414,0.0,0,2,1.0,4
248,132,274,447,567,194,44,74,0.19,76,84,179,73,142,0.462081128747795,3.26666666666667,11,4,0.674418604651163,162
0,0,4,5,37,3,3,2,5.8,2,29,4,2,4,0.864864864864865,1.0,1,2,0.0,1
6,6,22,37,69,14,11,7,0.57,7,21,23,7,16,0.318840579710145,0.857142857142857,1,4,0.0,1
434,281,478,670,856,358,81,136,0.17,156,114,205,116,197,0.355140186915888,9.95348837209302,57,4,1.18,1254
75,66,112,162,299,75,45,41,0.57,42,92,51,39,46,1.0,3.03225806451613,11,1,0.342857142857143,4
332,193,364,462,581,310,81,48,0.08,48,39,194,48,171,0.7426597582038,4.28571428571429,16,3,0.88,18
124,101,165,242,316,105,51,59,0.11,63,26,71,59,64,0.515822784810127,1.96875,6,3,0.771428571428571,7
65,57,91,128,256,58,25,32,0.8,33,103,35,32,34,1.0,5.73333333333333,12,1,1.0,10
0,0,7,8,53,6,7,4,4.75,4,38,7,4,7,0.60377358490566,15.75,32,2,0.0,1
203,153,218,327,417,154,74,67,0.05,69,16,82,65,65,0.630695443645084,4.69444444444444,26,2,0.578947368421053,28
70,58,107,134,187,84,26,22,0.25,23,34,53,22,49,0.812834224598931,3.66666666666667,12,2,1.27272727272727,37
3,3,9,13,41,6,6,2,1.69,2,22,7,2,6,0.707317073170732,1.5,2,2,0.0,1
9,9,14,14,27,0,5,0,0.57,0,8,5,0,5,1.0,0.0,0,1,0.5,2
36,19,61,76,158,49,24,11,0.76,12,58,44,10,42,0.525316455696203,4.2,9,3,0.75,4
379,230,408,549,688,350,44,99,0.17,102,95,181,71,178,0.560407569141194,8.33333333333333,22,3,2.41666666666667,77
9,9,28,37,70,20,10,6,0.62,6,23,20,6,19,1.0,2.16666666666667,3,1,0.0,1
0,0,4,5,29,3,3,1,4.2,1,21,4,1,4,0.724137931034483,1.0,1,2,0.0,1
18,13,27,39,80,20,10,6,0.79,6,31,15,6,14,1.0,3.0,6,1,0.6,8
186,98,191,245,332,170,41,18,0.19,18,47,100,18,93,0.484939759036145,4.5,7,3,1.75,9
94,57,119,158,226,96,31,21,0.23,21,37,64,21,62,0.539823008849557,9.28571428571429,27,2,1.7,65
259,207,302,439,537,198,73,112,0.08,124,36,103,102,95,0.512104283054004,4.68181818181818,29,4,0.74468085106383,32
234,139,243,371,463,170,36,80,0.15,84,57,118,76,104,1.0,5.66666666666667,15,1,1.53571428571429,12
56,46,99,151,221,70,37,28,0.22,30,33,72,28,53,0.610859728506787,3.0,11,3,0.230769230769231,2
12,11,21,30,62,13,6,7,0.87,7,26,10,7,10,0.516129032258065,8.5,17,2,0.75,6
0,0,5,6,43,4,5,3,5.33,3,32,5,3,5,0.790697674418605,11.3333333333333,22,3,0.0,1
45,35,70,116,163,47,20,19,0.23,20,27,55,19,35,0.43558282208589,2.3,5,3,1.0,8
3,2,11,17,43,8,6,2,1.18,2,20,12,2,9,0.674418604651163,2.0,3,3,0.0,1
89,52,101,150,212,79,30,23,0.22,26,33,60,23,49,0.924528301886792,5.3,11,2,1.08333333333333,22
10,9,27,42,100,16,17,10,0.98,10,41,22,10,18,0.68,3.7,22,2,0.0,1
2,2,10,12,42,8,5,2,2.08,2,25,8,2,8,0.642857142857143,0.0,0,3,0.0,1
0,0,4,5,31,3,3,1,4.6,1,23,4,1,4,0.967741935483871,18.0,18,1,0.0,1
18,9,29,43,83,21,14,7,0.6,7,26,24,7,20,0.650602409638554,1.6,5,3,0.857142857142857,3
159,137,168,192,270,0,47,50,0.17,50,32,33,50,31,1.0,0.0,0,1,1.8695652173913,9
18,13,28,38,94,20,11,6,1.18,7,45,16,6,15,0.978723404255319,18.0,30,1,1.5,12
1,1,4,7,28,2,3,1,2.57,1,18,4,1,3,1.0,0.0,0,1,0.0,1
19,0,35,36,63,34,22,0,0.14,0,5,35,0,35,0.603174603174603,0.0,0,5,0.0,0
2,2,6,9,14,3,4,2,0.11,2,1,4,2,4,1.0,2.0,2,1,0.0,1
12,10,31,45,84,19,18,11,0.56,11,25,23,11,21,0.773809523809524,2.45454545454545,4,2,0.0,1
236,191,273,400,492,177,67,105,0.09,117,34,93,95,82,0.319105691056911,6.26190476190476,57,4,0.644444444444444,32
4,3,12,18,46,7,7,4,1.17,4,21,10,4,9,0.673913043478261,1.5,3,2,0.0,1
103,102,167,172,326,0,87,59,0.39,59,67,69,59,65,1.0,0.0,0,1,0.222222222222222,4
14,10,25,38,79,18,12,6,0.76,6,29,20,6,15,0.759493670886076,2.0,3,3,0.8,3
362,272,455,617,830,340,94,114,0.2,125,126,198,114,183,0.459036144578313,6.44117647058824,37,4,1.46153846153846,1012
46,33,76,117,173,54,25,22,0.26,22,31,54,22,43,0.520231213872832,6.6,35,3,0.136363636363636,4
12,10,22,30,64,16,11,5,0.77,5,23,13,5,12,0.921875,3.25,5,2,0.5,2
4,4,14,24,50,9,6,6,0.83,6,20,15,6,10,0.9,1.25,2,2,0.0,1
274,331,421,419,616,326,91,127,0.32,127,135,82,117,44,1.0,5.09677419354839,12,1,0.875,13
180,113,227,320,536,169,75,56,0.45,58,144,143,56,114,0.626865671641791,4.95652173913043,12,3,1.21212121212121,37
44,29,39,62,88,31,6,13,0.32,13,20,12,7,10,1.0,12.5,25,1,1.5,12
3,3,10,13,39,7,6,2,1.54,2,20,7,2,7,1.0,2.5,3,1,0.0,1
58,50,89,122,170,59,29,28,0.17,28,21,40,28,39,0.617647058823529,3.57894736842105,7,3,0.454545454545455,6
294,238,329,481,594,215,75,128,0.1,144,50,104,113,91,0.895622895622896,3.19148936170213,13,2,0.6,128
257,209,302,434,530,201,70,110,0.08,120,36,101,100,93,0.345283018867925,2.55555555555556,9,4,0.708333333333333,23
28,25,55,86,130,39,20,15,0.28,15,24,44,15,30,1.0,2.53846153846154,7,1,0.266666666666667,2
219,133,241,351,532,188,62,56,0.34,60,119,112,52,108,0.747645951035782,9.09090909090909,24,3,0.84,20
3,3,13,19,50,9,8,3,1.21,3,23,12,3,10,0.68,1.0,2,3,0.0,1
46,33,59,73,146,46,18,12,0.75,12,55,25,12,26,0.76027397260274,4.0,10,3,1.5,80
3,3,10,16,43,7,6,2,1.31,2,21,10,2,7,1.0,2.0,2,1,0.0,1
3,2,14,19,49,11,7,2,1.21,2,23,14,2,12,0.653061224489796,1.5,2,2,0.0,1
2,2,6,9,14,3,4,2,0.11,2,1,4,2,4,1.0,2.0,2,1,0.0,1
1,1,1,1,17,0,1,0,15.0,0,15,0,0,0,0.823529411764706,0.0,0,2,0.0,1
7,7,19,25,63,13,10,5,1.12,5,28,12,5,12,0.857142857142857,2.4,5,2,0.0,1
112,100,149,189,243,113,28,46,0.19,50,35,62,37,49,1.0,6.125,21,1,1.45454545454545,92
0,0,5,6,43,4,5,2,5.33,2,32,5,2,5,0.976744186046512,12.0,13,1,0.0,1
2,2,7,10,42,4,5,2,2.7,2,27,5,2,5,1.0,37.5,54,1,0.8,1
14,12,20,27,58,16,10,3,0.78,3,21,9,3,8,0.637931034482759,2.33333333333333,3,2,0.0,1
48,33,49,70,97,41,7,13,0.29,14,20,18,7,16,1.0,12.5,25,1,1.5,12
180,146,219,321,404,141,59,82,0.09,90,30,82,77,73,0.334158415841584,2.13513513513514,7,4,0.7,11
11,9,21,30,56,15,6,5,0.67,5,20,15,5,12,1.0,2.0,2,1,0.6,3
6,4,15,21,46,9,6,4,0.9,4,19,11,4,11,1.0,2.0,2,1,3.0,4
145,124,252,337,515,159,84,91,0.28,95,95,124,91,128,0.330097087378641,4.83606557377049,56,5,0.461538461538462,10
6,4,12,21,51,8,6,3,1.14,3,24,12,3,8,0.941176470588235,1.0,2,2,0.75,2
12,10,17,20,39,12,2,3,0.85,3,17,6,3,7,1.0,2.0,2,1,2.0,3
7,4,15,28,52,11,7,3,0.61,3,17,19,3,11,1.0,1.0,2,1,0.75,2
50,46,97,130,226,70,33,26,0.48,26,63,58,26,51,0.508849557522124,3.25,13,3,0.230769230769231,3
46,35,60,90,184,40,14,20,0.89,20,80,25,20,25,0.315217391304348,1.6,2,5,1.08333333333333,3
84,79,145,206,269,89,46,61,0.08,61,17,67,61,66,0.654275092936803,1.66666666666667,4,3,0.590909090909091,4
13,7,22,36,72,16,10,5,0.72,6,26,18,5,15,0.972222222222222,3.0,8,1,1.2,3
61,46,68,103,214,43,16,24,0.92,27,95,25,24,22,0.766355140186916,5.0,7,2,1.1,24
3,2,9,12,38,6,5,2,1.75,2,21,7,2,7,0.526315789473684,5.5,6,3,0.0,1
11,10,26,36,67,17,14,8,0.47,8,17,17,8,16,1.0,1.625,4,1,0.0,1
271,222,322,469,579,208,73,123,0.1,135,48,105,113,100,0.545768566493955,2.6875,11,3,0.705882352941177,32
1240,868,944,1544,1604,684,48,502,0.01,512,12,117,272,76,0.956982543640898,5.88888888888889,20,1,1.60526315789474,2233
9,7,25,38,67,18,12,6,0.45,6,17,24,6,18,1.0,1.0,1,1,0.0,1
220,300,371,354,465,284,45,109,0.23,109,83,48,109,39,0.997849462365591,4.27586206896552,11,1,0.433333333333333,19
60,47,103,195,273,64,49,39,0.15,39,29,102,39,56,1.0,3.0,28,1,0.128205128205128,2
3,3,10,13,39,7,6,2,1.54,2,20,7,2,7,1.0,2.5,3,1,0.0,1
2,1,7,15,37,5,5,1,1.13,1,17,12,1,6,1.0,3.0,3,1,0.0,1
2,1,8,11,33,6,5,1,1.55,1,17,8,1,7,1.0,1.0,1,1,0.0,1
14,13,27,40,69,17,12,11,0.42,11,17,17,11,14,1.0,1.55555555555556,3,1,0.0,1
227,132,220,360,495,139,66,75,0.19,92,69,116,75,88,0.993939393939394,6.94117647058824,13,1,1.76190476190476,439
92,88,180,264,541,121,67,64,0.8,64,210,114,62,92,0.473197781885397,2.14754098360656,9,4,0.0461538461538462,4
132,69,174,222,323,145,37,22,0.29,24,64,115,22,105,1.0,2.28571428571429,7,1,1.5,24
44,23,54,81,117,46,8,20,0.36,20,29,33,7,31,0.777777777777778,6.75,14,2,0.833333333333333,12
142,138,196,233,315,169,49,24,0.14,24,33,67,24,58,1.0,3.08333333333333,16,1,0.0,1
17,14,36,48,72,29,7,6,0.35,6,17,28,6,22,1.0,2.0,2,1,1.4,3
122,73,159,257,342,112,43,46,0.16,51,42,116,46,86,0.587719298245614,2.72222222222222,9,4,1.4,40
124,101,165,242,316,105,51,59,0.11,63,26,71,59,64,0.449367088607595,2.5625,9,4,0.771428571428571,7
29,19,53,68,129,43,21,9,0.59,9,40,39,9,34,0.806201550387597,3.16666666666667,8,2,0.5,4
3,3,9,15,48,6,6,2,1.8,2,27,9,2,6,1.0,2.5,4,1,0.0,1
41,24,54,74,106,43,15,10,0.23,11,17,34,10,30,0.905660377358491,1.5,5,2,1.5,7
3,3,10,13,39,7,6,2,1.54,2,20,7,2,7,1.0,2.5,3,1,0.0,1
152,141,176,194,309,0,36,53,0.41,53,79,42,53,35,1.0,0.0,0,1,1.07142857142857,20
0,0,5,6,36,4,5,1,4.17,1,25,5,1,5,0.916666666666667,1.0,1,2,0.0,1
9,4,13,22,50,9,6,2,1.0,2,22,11,2,9,0.68,1.5,3,2,0.0,1
102,71,126,179,252,92,27,36,0.26,39,46,70,36,55,0.753968253968254,3.71428571428571,10,2,2.0,38
201,103,143,237,314,134,38,8,0.16,8,39,50,8,40,0.729299363057325,1.5,2,2,1.0,2
1,1,4,6,28,2,2,1,3.33,1,20,3,1,3,0.75,32.0,32,2,0.0,1
102,86,151,201,317,98,46,46,0.35,55,70,66,46,65,0.924290220820189,2.93333333333333,8,1,1.40909090909091,13
49,29,62,85,122,47,14,19,0.27,25,23,35,19,33,0.680327868852459,3.25,5,2,1.83333333333333,22
4,4,14,24,50,9,6,6,0.83,6,20,15,6,10,0.9,1.25,2,2,0.0,1
9,8,23,32,61,16,12,6,0.53,6,17,16,6,15,1.0,2.6,6,1,0.428571428571429,2
49,31,57,86,127,45,15,12,0.3,12,26,30,12,26,0.78740157480315,5.0,7,2,1.4,24
0,0,2,2,132,2,19,0,43.0,0,86,2,0,2,1.0,0.0,0,1,0.0,0
0,0,4,5,31,3,3,1,4.6,1,23,4,1,4,0.967741935483871,19.0,19,1,0.0,1
0,0,9,12,46,8,5,3,2.42,3,29,11,3,9,1.0,1.33333333333333,2,1,0.0,1
0,0,10,14,37,9,2,3,1.5,3,21,13,3,10,0.459459459459459,1.0,1,3,0.0,1
2,1,8,11,33,6,5,1,1.55,1,17,8,1,7,1.0,0.0,0,1,0.0,1
57,0,50,60,67,49,2,0,0.08,0,5,59,0,50,0.761194029850746,0.0,0,2,0.0,0
3,3,9,17,43,5,6,3,1.18,3,20,10,3,6,0.813953488372093,4.33333333333333,12,2,0.0,1
384,245,321,452,549,292,51,30,0.1,30,47,88,30,76,0.451730418943534,4.33333333333333,8,4,1.81818181818182,18
0,0,5,5,16,1,5,1,1.2,1,6,4,1,5,0.9375,0.0,0,2,0.0,1
15,14,37,51,89,24,17,12,0.41,12,21,24,12,23,0.775280898876405,1.75,5,2,0.0,1
10,10,23,31,95,16,9,6,1.77,6,55,14,6,13,1.0,2.66666666666667,6,1,0.0,1
575,496,704,826,1005,535,115,169,0.07,175,54,241,124,205,1.0,4.06976744186047,11,1,0.75,84
106,57,116,171,240,87,30,29,0.23,35,39,62,29,59,0.658333333333333,4.7,14,2,1.08333333333333,16
0,0,4,5,32,3,5,1,4.4,1,22,4,1,4,0.875,1.0,1,3,0.0,1
16,13,24,35,102,16,8,7,1.69,7,59,13,7,11,0.862745098039216,4.6,7,2,0.571428571428571,2
41,22,31,73,92,27,7,23,0.16,23,12,27,6,9,0.978260869565217,4.6,20,1,0.428571428571429,19
11,9,24,28,81,18,9,6,1.57,6,44,14,6,15,1.0,10.3333333333333,27,1,1.2,3
4,4,10,15,41,5,6,4,1.33,4,20,6,4,6,0.926829268292683,37.75,95,2,0.0,1
7,6,18,28,63,11,11,6,0.86,6,24,15,6,12,0.714285714285714,1.66666666666667,3,3,0.0,1
14,10,28,43,79,19,14,8,0.51,8,22,24,8,18,0.746835443037975,1.0,3,2,0.0,1
22,24,43,58,100,29,17,13,0.43,13,25,23,13,19,1.0,2.55555555555556,4,1,0.666666666666667,3
1,1,1,1,1,0,0,0,0.0,0,0,0,0,0,1.0,0.0,0,1,0.0,1
19,19,43,64,115,28,25,14,0.41,14,26,30,14,24,1.0,1.78571428571429,7,1,0.0,1
224,142,290,397,587,199,78,79,0.28,87,113,158,79,148,0.304940374787053,2.53125,7,6,0.974358974358974,6805
25,15,37,55,84,28,7,8,0.4,10,22,27,8,22,0.988095238095238,4.66666666666667,6,1,0.8,4
23,15,34,53,95,26,12,7,0.57,7,30,28,7,19,0.578947368421053,3.33333333333333,6,3,1.4,4
14451,13294,15708,19992,23054,12200,3017,3311,0.0,3312,45,2221,2988,2414,0.342109829096903,5.16043613707165,17,6,1.39191290824261,520
0,0,13,16,49,12,8,10,1.56,10,25,15,10,13,0.836734693877551,1.1,2,3,0.0,1
31,15,48,57,87,37,9,7,0.37,7,21,31,7,33,1.0,3.0,3,1,4.0,16
23,19,31,42,75,23,13,6,0.5,6,21,14,6,12,0.666666666666667,3.75,9,4,0.714285714285714,2
0,0,94,181,846,93,76,67,3.25,67,589,180,67,94,0.306146572104019,0.641791044776119,2,7,0.0,1
13,13,31,42,132,20,19,10,1.69,10,71,18,10,18,0.492424242424242,3.2,8,3,0.0,1
130,111,232,321,510,150,95,81,0.3,87,97,126,81,121,0.464705882352941,3.92647058823529,13,6,0.157142857142857,58
7,6,14,21,46,10,5,3,0.95,3,20,10,3,8,1.0,2.66666666666667,4,1,0.0,1
51,38,72,105,162,47,24,25,0.31,30,33,40,25,34,0.567901234567901,2.44444444444444,4,3,2.09090909090909,8
1,1,7,9,42,5,5,2,3.11,2,28,6,2,6,0.976190476190476,1.0,1,1,0.0,1
22,15,31,46,82,24,9,6,0.59,6,27,19,6,16,0.975609756097561,2.66666666666667,4,1,0.8,4
425,237,389,623,911,279,101,109,0.3,128,187,180,106,152,0.358946212952799,6.8,24,4,1.75,1399
561,451,603,866,1013,406,116,230,0.07,258,58,166,195,152,0.544916090819348,6.52777777777778,35,4,0.533333333333333,10240
57,47,112,151,198,83,22,26,0.17,35,25,70,26,65,1.0,2.66666666666667,4,1,1.0,4
3,3,13,19,42,9,6,5,0.89,5,17,12,5,10,1.0,1.0,1,1,0.0,1
186,97,206,309,389,183,39,60,0.13,61,41,127,38,109,0.943444730077121,8.0,18,1,1.4,24
0,0,3,5,26,2,1,1,4.0,1,20,4,1,3,1.0,1.0,1,1,0.0,1
9,9,22,29,58,15,9,6,0.69,6,20,13,6,13,1.0,2.66666666666667,5,1,0.0,1
42,33,58,76,110,46,11,11,0.3,12,23,25,11,25,0.581818181818182,5.66666666666667,8,3,2.8,8
116,47,97,184,250,85,13,20,0.29,20,53,84,11,50,0.384,8.6,14,4,1.28571428571429,11
79,66,103,292,374,73,34,29,0.16,29,48,193,29,37,0.342245989304813,8.70588235294118,41,4,0.684210526315789,13
7,7,16,22,50,10,8,5,0.91,5,20,9,5,9,0.96,2.0,3,1,0.0,1
2057,1667,1910,2300,2788,0,305,645,0.13,645,305,243,645,243,0.37661406025825,0.0,0,4,0.99163179916318,18433
92,73,136,179,265,99,31,32,0.32,38,57,65,32,63,0.471698113207547,3.66666666666667,14,3,1.28571428571429,86
253,206,297,434,541,192,70,114,0.11,126,47,99,104,91,0.530499075785582,2.66666666666667,10,3,0.795918367346939,32
57,47,76,102,201,54,18,22,0.8,32,82,33,22,29,0.557213930348259,5.0,6,2,1.875,98
