Added_lines,Del_lines,COMM,OWN_COMMIT,ADEV,AvgLine,CountClassCoupled,OWN_LINE,CountLineCodeExe,CountStmt,CountSemicolon,CountOutput_Max,CountOutput_Mean,CountStmtDecl,CountLine,CountLineCode,RatioCommentToCode,CountLineCodeDecl,AvgLineCode,CountStmtExe
76,17,5,0.8,5,11,15,0.960674157303371,58,83,66,24,5.25,50,178,124,0.27,68,10,33
66,0,2,0.5,2,14,2,0.742424242424242,13,23,20,7,6.0,15,66,29,1.07,18,8,8
99,0,1,1.0,1,53,7,1.0,25,44,37,19,19.0,27,99,49,0.69,28,29,17
12,6,3,0.666666666666667,3,15,5,0.920634920634921,36,44,33,7,4.2,28,126,66,0.67,32,10,16
25,8,7,0.571428571428571,7,21,17,0.924657534246575,67,85,75,36,11.25,47,146,108,0.21,53,19,38
99,55,12,0.5,12,24,19,0.548523206751055,183,187,133,41,7.5625,69,474,298,0.49,97,16,118
264,1,2,1.0,2,18,19,1.0,100,141,117,38,8.0,73,261,177,0.29,84,14,68
10,4,4,0.5,4,21,17,0.838150289017341,59,86,80,27,10.25,43,173,108,0.37,50,14,43
97,49,15,0.8,15,17,22,0.694029850746269,110,129,107,26,8.7,77,268,182,0.27,92,13,52
52,32,14,0.571428571428571,14,22,22,0.919137466307278,168,192,164,23,8.8,118,371,263,0.22,144,17,74
62,61,7,0.285714285714286,7,22,26,0.410488245931284,275,290,239,60,8.90476190476191,108,553,375,0.27,104,15,182
1323,639,61,0.295081967213115,61,15,78,0.571347678369196,702,815,573,50,5.58510638297872,302,1766,1210,0.32,389,11,513
43,5,4,0.75,4,15,25,0.417633410672854,192,235,190,25,8.2,118,431,322,0.16,142,13,117
112,39,10,0.8,10,10,22,0.962616822429907,191,241,189,34,3.95,146,535,375,0.27,202,7,95
8,6,2,1.0,2,6,0,0.6875,0,6,5,1,1.0,6,47,6,6.5,6,1,0
10,10,3,0.666666666666667,3,24,10,0.96218487394958,110,135,123,20,10.5714285714286,65,238,157,0.28,69,18,70
3,0,1,1.0,1,0,0,1.0,0,2,2,1,1.0,2,29,6,3.17,5,0,0
34,16,4,0.75,4,13,7,0.84070796460177,52,65,59,19,4.6,25,113,82,0.23,32,13,40
235,1215,4,0.75,4,17,26,0.804003336113428,656,684,589,31,4.93421052631579,275,1199,914,0.13,316,14,409
403,174,15,0.466666666666667,15,16,14,0.80276134122288,277,311,273,19,8.28,119,507,399,0.1,141,13,192
20,14,3,0.333333333333333,3,25,14,0.891608391608392,125,149,118,18,9.5,70,286,206,0.28,81,20,79
603,253,11,0.454545454545455,11,13,9,0.398479913137894,301,358,259,34,4.37254901960784,138,921,488,0.72,156,8,220
50,41,10,0.4,10,18,21,0.722433460076046,215,247,181,23,6.91304347826087,95,526,348,0.41,104,13,152
260,120,15,0.533333333333333,15,20,21,0.824304538799414,618,660,468,39,6.37037037037037,259,1366,952,0.32,300,15,401
45,23,5,0.4,5,22,20,0.853960396039604,348,394,290,32,7.31034482758621,144,808,564,0.35,152,17,250
89,632,9,0.444444444444444,9,9,20,0.384984025559105,1,82,81,1,0.708333333333333,82,626,131,3.36,130,1,0
295,208,6,0.666666666666667,6,19,22,0.470588235294118,204,254,222,16,6.10526315789474,98,459,310,0.29,115,13,156
26,15,6,0.666666666666667,6,17,18,0.493288590604027,128,143,124,19,5.75,76,298,199,0.27,94,12,67
16,5,5,0.6,5,16,21,0.948012232415902,110,154,110,17,5.73333333333333,77,327,206,0.51,93,11,77
251,47,8,0.5,8,19,14,0.5,125,150,128,15,6.90909090909091,75,302,198,0.4,92,14,75
8,2,5,0.6,5,56,37,0.986973947895792,628,483,432,32,12.2,173,998,772,0.19,346,45,310
6,1,2,0.5,2,17,8,0.911764705882353,34,45,41,18,6.66666666666667,23,102,60,0.48,30,12,22
1289,734,25,0.36,25,18,46,0.578804347826087,766,808,523,42,5.17647058823529,306,1840,1291,0.31,390,14,502
65,30,6,0.5,6,14,3,0.755555555555556,74,82,51,7,3.90909090909091,27,225,129,0.61,33,10,55
290,2,2,0.5,2,26,14,1.0,117,153,131,25,8.14285714285714,88,288,196,0.32,102,19,65
5,0,1,1.0,1,34,21,0.98046875,122,160,140,22,13.0,70,256,182,0.2,72,26,90
5,0,1,1.0,1,8,2,1.0,8,14,7,3,1.6,8,75,22,2.09,8,3,6
99,2,7,0.285714285714286,7,20,9,0.561926605504587,253,253,214,11,5.61111111111111,127,436,329,0.21,148,16,126
596,324,17,0.588235294117647,17,17,14,0.532258064516129,220,267,239,25,6.36,119,558,320,0.5,140,10,148
130,106,6,0.666666666666667,6,15,16,0.462897526501767,134,157,134,38,6.69230769230769,93,283,214,0.15,108,13,64
168,7,2,0.5,2,19,5,0.75968992248062,50,68,59,17,11.0,40,129,81,0.3,43,15,28
100,56,11,0.636363636363636,11,27,20,0.736526946107784,153,173,149,56,9.77777777777778,97,334,221,0.24,113,19,76
37,9,6,0.666666666666667,6,8,15,0.705547652916074,218,281,183,30,3.20689655172414,135,703,457,0.36,184,6,146
25,9,6,0.5,6,20,15,0.47008547008547,95,122,93,24,7.875,54,234,156,0.33,56,15,68
5,0,1,1.0,1,12,3,0.714285714285714,39,52,44,5,4.33333333333333,34,112,70,0.4,37,10,18
87,20,5,1.0,5,25,9,0.993197278911565,29,41,30,16,8.0,22,146,61,1.3,28,12,19
108,11,7,0.571428571428571,7,19,10,0.4625,84,84,77,14,9.0,29,160,109,0.26,34,16,55
17,3,4,0.75,4,19,20,0.972451790633609,160,194,164,21,8.78571428571429,105,363,256,0.32,131,15,89
342,337,15,0.466666666666667,15,119,28,0.75219512195122,461,474,417,77,24.625,163,1025,557,0.59,168,65,311
18,14,9,0.666666666666667,9,12,16,0.693333333333333,55,77,66,34,7.0,45,150,108,0.2,56,11,32
40,18,5,0.4,5,16,5,1.0,80,102,74,12,4.88888888888889,50,256,142,0.7,55,12,52
208,2,2,0.5,2,19,11,0.985436893203884,71,81,68,12,7.85714285714286,37,206,118,0.47,52,12,44
36,3,5,0.8,5,20,20,0.954954954954955,162,186,156,29,11.75,93,333,234,0.29,101,16,93
800,483,44,0.454545454545455,44,20,52,0.420120898100173,941,977,697,61,7.34408602150538,389,2316,1454,0.46,446,14,588
547,203,12,0.833333333333333,12,14,11,0.726363636363636,379,459,309,21,4.67241379310345,180,1100,682,0.51,212,9,279
1386,541,52,0.403846153846154,52,19,45,0.737559241706161,1408,1409,919,41,5.65771812080537,467,3376,2174,0.45,550,13,942
2476,1973,22,0.318181818181818,22,35,67,0.699615595826469,2267,2374,2054,31,13.1789473684211,1014,3642,2802,0.14,1010,28,1360
169,169,2,0.5,2,0,0,0.0,0,0,0,0,0.0,0,0,0,0.0,0,0,0
66,6,3,0.666666666666667,3,8,1,0.866666666666667,16,19,12,4,2.0,11,60,30,0.77,13,7,8
142,0,1,1.0,1,15,7,1.0,49,78,62,14,6.6,44,141,93,0.39,45,12,34
108,12,4,1.0,4,43,20,0.435612082670906,347,339,280,35,16.1666666666667,152,629,457,0.21,174,33,187
49,5,2,0.5,2,8,30,0.87808526551982,563,722,535,20,3.75,353,1337,1003,0.17,396,7,369
13,7,4,0.75,4,31,18,0.918072289156627,255,284,238,45,8.0,80,415,333,0.13,84,27,204
4,2,3,0.666666666666667,3,16,17,0.992753623188406,119,162,136,26,10.2727272727273,95,276,190,0.32,98,13,67
34,4,7,0.428571428571429,7,12,13,0.690526315789474,0,42,41,1,0.67741935483871,42,475,52,7.44,51,1,0
380,120,18,0.666666666666667,18,20,10,0.785714285714286,397,408,289,14,4.96,139,1176,642,0.73,189,12,269
839,621,29,0.379310344827586,29,15,24,0.78143972246314,527,567,403,21,4.96491228070175,189,1153,834,0.3,206,12,378
66,31,8,0.5,8,21,21,0.464426877470356,141,148,108,36,7.07142857142857,61,506,229,0.95,79,13,87
12,0,3,0.666666666666667,3,12,13,0.981132075471698,102,145,110,33,3.71428571428571,87,265,189,0.2,95,9,58
172,101,11,1.0,11,15,28,0.990421455938697,200,219,173,23,6.55555555555556,112,522,338,0.43,140,11,107
268,0,3,0.666666666666667,3,3,2,1.0,32,55,38,5,1.6,31,133,85,0.34,40,3,24
4,330,2,0.5,2,10,7,1.0,121,166,119,13,5.14285714285714,74,330,235,0.23,88,8,92
302,16,8,0.5,8,7,18,0.91340782122905,275,380,288,43,2.97014925373134,170,716,556,0.09,240,6,210
220,23,6,0.5,6,26,26,0.945887445887446,193,235,190,30,12.0,102,462,291,0.46,118,17,133
248,10,2,0.5,2,22,13,0.966386554621849,105,135,123,19,9.71428571428571,68,238,165,0.28,75,16,67
81,58,15,0.6,15,26,30,0.945072697899838,313,358,305,55,10.5,177,619,461,0.14,201,21,181
96,0,1,1.0,1,5,2,1.0,2,17,8,1,0.25,15,96,39,1.15,28,2,2
523,235,20,0.35,20,5,22,0.367375886524823,168,271,213,7,1.88732394366197,176,705,384,0.6,211,3,95
11,5,4,0.75,4,19,10,0.951388888888889,36,53,43,16,6.5,34,144,80,0.61,46,12,19
56,25,9,0.444444444444444,9,25,21,0.46583850931677,439,508,420,44,10.2692307692308,220,805,621,0.2,242,20,288
110,74,6,0.833333333333333,6,23,13,0.961538461538462,74,95,69,34,10.6,51,182,121,0.38,50,18,44
5,1,2,1.0,2,8,15,0.67379679144385,171,188,152,13,3.0,101,374,285,0.12,126,7,87
58,25,7,0.714285714285714,7,17,18,0.895,167,209,164,18,6.25,120,400,284,0.24,126,13,89
260,35,10,0.4,10,29,16,0.878378378378378,123,139,133,35,12.2,71,222,174,0.12,80,25,68
42,26,4,0.5,4,11,9,0.75,120,140,102,16,4.71428571428571,67,344,223,0.35,79,8,73
91,7,4,0.5,4,18,25,0.83584229390681,714,741,594,33,8.40625,316,1395,1040,0.13,391,15,425
444,136,14,0.428571428571429,14,21,10,0.477425552353506,348,395,260,10,4.27906976744186,185,1041,582,0.69,216,12,210
147,24,12,0.416666666666667,12,21,28,0.52484076433121,368,435,377,30,8.96666666666667,182,785,519,0.26,193,15,253
6,10,3,0.333333333333333,3,26,9,0.96039603960396,29,47,37,24,14.5,29,101,60,0.43,30,18,18
10,0,2,0.5,2,28,20,0.975975975975976,159,197,168,35,9.22222222222222,84,333,237,0.28,89,22,113
414,24,6,0.5,6,22,17,0.986876640419947,155,172,124,22,6.76923076923077,66,381,244,0.47,71,16,106
199,61,8,0.375,8,19,8,0.950782997762864,404,435,313,19,3.92307692307692,184,1341,641,0.82,220,10,251
67,46,10,0.5,10,8,11,0.502551020408163,0,53,52,1,0.75,53,392,90,2.97,89,1,0
288,384,17,0.588235294117647,17,17,22,0.726890756302521,171,201,153,34,6.71428571428571,80,476,285,0.42,101,11,121
160,67,13,0.615384615384615,13,13,18,0.398058252427184,116,157,137,14,5.875,86,309,208,0.32,108,9,71
3,0,1,1.0,1,3,0,1.0,3,7,4,1,1.0,5,39,11,2.18,6,3,2
19,25,3,0.333333333333333,3,28,16,0.880758807588076,203,220,157,29,15.5,77,369,323,0.09,95,27,143
73,41,11,0.636363636363636,11,18,15,0.915134370579915,193,215,145,11,3.86666666666667,87,707,342,0.95,107,10,128
905,406,9,0.666666666666667,9,12,12,0.875,81,86,60,15,4.30769230769231,41,224,154,0.3,61,9,45
101,62,5,0.8,5,13,7,0.622837370242215,105,115,81,14,4.71428571428571,53,288,185,0.4,70,10,62
25,20,7,0.428571428571429,7,17,5,0.78021978021978,115,123,74,11,3.65,48,273,185,0.32,37,14,75
583,2469,10,0.5,10,18,5,0.614213197969543,87,87,73,18,5.28571428571429,46,197,128,0.33,49,14,41
4,5,2,0.5,2,17,7,0.904376012965964,212,275,182,25,5.66666666666667,112,617,384,0.5,121,12,163
114,12,6,0.333333333333333,6,15,12,0.689614935822637,306,345,242,15,4.73913043478261,144,857,512,0.57,161,10,201
259,61,14,0.357142857142857,14,12,7,0.935377875136911,326,371,246,19,3.51063829787234,180,913,559,0.44,217,9,191
10,3,5,0.4,5,18,7,0.594059405940594,43,46,36,23,10.3333333333333,19,101,69,0.36,22,17,27
1882,428,18,0.444444444444444,18,17,50,0.550346129641284,1523,1641,1136,36,5.59748427672956,597,3178,2256,0.29,602,13,1044
40,225,4,1.0,4,11,3,0.626485568760611,230,202,133,7,2.21052631578947,74,589,386,0.4,109,8,128
513,233,17,0.705882352941177,17,12,35,0.488250652741514,180,215,181,31,6.73684210526316,134,383,313,0.1,163,11,81
90,14,7,0.571428571428571,7,24,26,0.495652173913044,261,245,204,39,9.125,111,460,359,0.11,117,20,134
294,37,41,0.439024390243902,41,0,3,0.456086286594761,145,151,148,1,1.0,151,649,195,1.61,188,0,0
525,361,15,0.533333333333333,15,40,29,0.372844827586207,584,549,473,39,14.15,241,928,732,0.18,268,33,308
540,285,18,0.444444444444444,18,17,30,0.457005411906194,473,554,354,25,4.59090909090909,217,1663,869,0.8,283,9,337
2,0,1,1.0,1,20,0,0.892307692307692,28,46,35,9,5.75,29,129,57,1.12,31,10,17
25,13,7,0.571428571428571,7,16,12,0.967032967032967,28,43,33,19,9.33333333333333,24,91,58,0.43,29,13,19
12,12,3,0.666666666666667,3,22,14,0.838461538461538,154,195,166,23,6.07142857142857,88,390,236,0.42,98,14,107
51,4,4,0.5,4,20,17,0.774311926605505,281,346,287,20,9.09090909090909,155,545,384,0.22,150,15,191
94,31,13,0.538461538461538,13,15,7,0.768052516411379,131,161,118,13,3.65,69,457,242,0.7,77,9,92
1708,1199,14,0.571428571428571,14,18,12,0.550799623706491,738,686,497,23,3.93406593406593,266,2126,1147,0.63,346,11,420
17,5,5,0.4,5,19,19,0.955968688845401,421,453,335,55,6.39024390243902,213,1022,629,0.48,224,13,240
261,0,1,1.0,1,25,15,0.954022988505747,117,140,110,19,10.0,67,261,194,0.27,79,21,73
277,15,6,0.833333333333333,6,19,13,0.99236641221374,91,124,101,21,10.3333333333333,62,262,156,0.46,72,12,62
7,0,2,0.5,2,21,11,0.935,100,131,122,9,5.5,49,200,151,0.22,59,18,82
96,96,2,1.0,2,9,4,1.0,16,31,26,7,3.5,23,96,45,0.93,29,5,8
672,189,27,0.333333333333333,27,16,21,0.776946107784431,226,254,182,21,4.78125,114,668,385,0.59,140,10,140
293,15,4,0.5,4,11,63,0.321626617375231,221,337,296,14,2.9375,170,541,390,0.22,188,8,167
30,19,3,0.666666666666667,3,20,12,0.52962962962963,244,273,240,11,6.27272727272727,152,540,346,0.25,188,14,121
164,1151,7,0.714285714285714,7,10,42,0.923954372623574,373,415,249,20,4.10526315789474,205,1052,778,0.21,341,8,210
21,13,3,0.333333333333333,3,22,12,0.979779411764706,52,83,70,20,4.45454545454545,53,544,104,3.91,60,6,30
18,3,3,0.666666666666667,3,33,3,0.875,43,53,42,13,8.0,22,112,62,0.69,20,25,31
68,34,4,0.75,4,9,11,0.825396825396825,104,151,121,24,3.85714285714286,78,315,213,0.25,106,7,73
17,7,3,0.666666666666667,3,6,5,0.833333333333333,45,74,48,8,3.15384615384615,39,150,100,0.29,41,6,35
22,11,2,0.5,2,25,15,0.805970149253731,109,137,107,17,9.0,70,268,192,0.27,83,19,67
880,151,19,0.684210526315789,19,23,36,0.975397973950796,256,281,237,27,8.45833333333333,125,691,426,0.52,187,14,156
31,19,9,0.666666666666667,9,21,9,0.962216624685139,173,202,170,24,5.78571428571429,77,397,254,0.31,83,15,125
20,147,5,0.4,5,5,3,0.985507246376812,115,160,126,7,2.77272727272727,114,276,210,0.18,128,5,46
135,32,12,0.5,12,20,15,0.7625,56,68,59,22,9.8,47,160,95,0.42,55,14,21
46,8,6,0.5,6,18,17,0.430493273542601,112,140,122,17,7.125,80,223,170,0.16,81,16,60
196,1,3,0.666666666666667,3,9,1,0.923076923076923,75,70,48,10,3.81818181818182,35,195,123,0.31,35,8,35
91,23,5,0.8,5,8,2,0.87962962962963,104,147,98,6,2.76,75,324,234,0.23,103,7,72
661,489,23,0.391304347826087,23,12,19,0.326542161856254,604,679,470,33,3.97169811320755,285,1767,1062,0.47,345,8,394
60,46,5,0.6,5,20,8,0.689138576779026,88,106,61,13,5.5,43,267,163,0.5,46,14,63
2,0,1,1.0,1,15,2,0.897590361445783,55,76,53,17,6.66666666666667,36,166,102,0.41,38,12,40
319,180,24,0.375,24,25,38,0.61628664495114,906,891,733,38,8.83333333333333,325,1535,1194,0.15,378,21,566
26,12,4,0.5,4,20,13,0.742924528301887,184,174,124,22,7.05882352941176,69,424,283,0.4,81,15,105
96,48,5,0.4,5,11,7,0.53125,81,114,78,10,2.83333333333333,65,416,212,0.81,111,7,49
165,123,8,0.5,8,26,8,0.94758064516129,85,92,66,20,6.28571428571429,33,248,142,0.63,39,17,59
127,42,4,0.75,4,12,12,0.327354260089686,77,101,66,10,3.23076923076923,39,223,139,0.47,40,8,62
2,0,1,1.0,1,4,2,1.0,4,12,9,3,2.5,8,47,16,1.56,9,4,4
10,6,3,0.333333333333333,3,14,6,0.952136752136752,187,244,170,14,4.76666666666667,110,585,356,0.53,152,10,134
3,5,3,0.666666666666667,3,10,6,0.644444444444444,138,178,125,10,3.62962962962963,91,450,274,0.44,108,7,87
636,12,4,0.5,4,20,6,0.998392282958199,135,171,121,20,4.26923076923077,93,622,250,1.26,114,8,78
58,2,3,0.666666666666667,3,7,2,0.979661016949153,76,113,72,6,3.45833333333333,52,295,150,0.74,60,5,61
43,33,8,0.375,8,35,16,0.514018691588785,177,202,157,24,9.25,107,428,275,0.42,105,25,95
1298,586,55,0.309090909090909,55,16,51,0.5562435500516,684,802,591,29,5.41584158415842,376,1938,1124,0.56,449,10,426
658,611,14,0.428571428571429,14,17,20,0.756028368794326,303,308,227,27,6.6875,98,705,482,0.31,149,13,210
198,4,3,0.333333333333333,3,12,0,0.967032967032967,28,51,37,8,2.8,28,182,73,1.26,34,5,23
847,312,10,0.4,10,10,12,0.516429840142096,675,758,514,11,3.05487804878049,360,2252,1161,0.77,458,6,398
104,84,10,0.5,10,18,6,0.635542168674699,134,128,92,26,4.84615384615385,58,332,217,0.42,68,13,70
33,0,4,0.75,4,15,8,0.536912751677852,63,76,68,14,6.66666666666667,47,149,101,0.31,60,12,29
274,2,3,0.666666666666667,3,24,6,0.970588235294118,118,131,105,15,8.625,51,272,189,0.31,65,18,80
851,315,12,0.75,12,28,22,0.561314791403287,455,468,374,35,10.2173913043478,237,791,656,0.09,270,24,231
2613,1617,87,0.298850574712644,87,23,75,0.342349457058243,2096,2208,1499,51,7.17112299465241,814,5065,3161,0.46,891,15,1394
240,202,17,0.470588235294118,17,25,31,0.818181818181818,259,315,256,34,11.3125,151,484,394,0.12,159,21,164
155,0,3,0.666666666666667,3,13,12,0.936708860759494,48,81,70,16,4.66666666666667,51,158,96,0.38,57,9,30
2916,2185,80,0.425,80,17,132,0.510707508809976,1633,1784,1254,53,6.68235294117647,687,3690,2610,0.29,822,13,1097
9,6,3,0.333333333333333,3,11,4,0.897058823529412,15,22,13,6,4.33333333333333,11,68,32,0.84,12,8,11
63,104,8,0.375,8,12,8,0.494661921708185,124,130,90,19,4.11764705882353,59,281,201,0.26,63,11,71
29,8,7,0.714285714285714,7,13,11,0.619926199261993,292,338,247,22,4.23913043478261,114,813,468,0.57,137,9,224
647,118,29,0.275862068965517,29,41,51,0.428692340245451,2941,2852,2619,40,10.9626168224299,824,4727,3474,0.16,941,31,2028
53,9,4,0.5,4,16,3,0.436363636363636,117,131,83,11,3.94444444444444,49,385,203,0.78,56,10,82
92,0,1,1.0,1,6,2,1.0,0,14,13,1,0.125,14,92,17,3.65,16,1,0
12,8,3,1.0,3,10,9,0.966244725738397,94,131,104,13,3.8,53,237,169,0.18,62,8,78
129,16,4,0.75,4,10,4,0.524495677233429,113,163,116,25,3.8695652173913,72,347,206,0.54,66,7,91
4,1,2,1.0,2,13,6,0.62200956937799,37,68,51,13,3.0,42,209,98,0.92,58,7,26
4,0,1,1.0,1,7,4,0.792207792207792,11,19,12,5,3.0,13,77,29,1.38,15,5,6
3,0,1,1.0,1,4,1,0.781818181818182,0,9,6,1,0.666666666666667,9,110,24,3.29,21,0,0
4,0,1,1.0,1,9,2,0.571428571428571,34,57,41,6,2.21428571428571,29,196,88,1.02,39,4,28
0,0,0,0.0,0,5,3,0.696145124716553,184,235,152,11,2.85483870967742,94,441,392,0.03,147,5,141
75,83,4,0.5,4,28,14,0.714285714285714,61,84,64,23,10.0,42,182,107,0.63,41,20,42
0,0,0,0.0,0,0,0,1.0,0,7,6,0,0.0,7,38,9,2.89,9,0,0
15,1,3,0.666666666666667,3,5,4,0.844036697247706,34,44,28,7,3.1,23,109,70,0.34,27,5,21
2,0,1,1.0,1,5,1,0.989473684210526,11,26,19,4,1.6,19,95,39,1.0,26,4,7
3,0,1,1.0,1,9,2,1.0,54,80,48,7,2.5625,42,234,115,0.82,43,5,38
87,28,5,0.4,5,3,0,1.0,2,5,3,1,1.0,4,28,7,2.71,4,3,1
77,0,2,0.5,2,17,3,1.0,19,22,14,3,1.75,10,72,33,0.97,7,12,12
0,0,0,0.0,0,5,2,0.609271523178808,39,71,48,8,3.0,31,151,88,0.49,36,4,40
17,3,2,1.0,2,9,4,0.696428571428571,43,47,36,9,1.66666666666667,32,112,71,0.3,30,7,15
5,0,1,1.0,1,4,4,0.930434782608696,35,53,42,7,3.3,33,115,75,0.25,39,4,20
14,0,2,1.0,2,50,16,0.988326848249027,145,179,149,32,23.25,97,257,200,0.09,98,43,82
0,0,0,0.0,0,0,0,1.0,0,2,1,0,0.0,2,37,3,10.67,2,0,0
5,0,1,1.0,1,6,4,0.958333333333333,27,36,31,3,1.5,19,72,44,0.43,22,6,17
5,0,1,1.0,1,16,9,0.894736842105263,246,257,186,16,6.19047619047619,142,513,373,0.27,151,12,115
438,212,3,0.666666666666667,3,8,4,0.351785714285714,247,314,207,16,3.06382978723404,113,560,453,0.09,120,8,201
2,0,1,1.0,1,8,3,0.938461538461538,39,64,48,6,2.35714285714286,33,195,90,0.93,43,4,31
39,0,1,1.0,1,5,2,1.0,3,11,9,3,3.0,9,39,15,1.33,11,5,2
2,0,1,1.0,1,12,13,0.882926829268293,306,333,254,13,4.79411764705882,138,615,456,0.23,139,12,195
5,0,1,1.0,1,4,5,0.935483870967742,42,55,44,13,4.0,36,124,84,0.23,43,4,19
27,13,9,0.666666666666667,9,21,15,0.906077348066298,287,270,208,28,7.10526315789474,134,543,439,0.07,158,19,136
6,2,2,0.5,2,7,2,0.911111111111111,0,5,4,0,0.0,5,45,6,5.67,5,1,0
16,3,3,1.0,3,14,5,0.962962962962963,21,26,22,14,5.33333333333333,17,81,40,0.8,21,9,9
3,0,1,1.0,1,4,1,1.0,5,10,7,3,2.5,7,37,14,1.36,7,4,3
7,2,2,1.0,2,23,3,0.403973509933775,60,79,63,29,10.25,50,151,102,0.32,51,19,29
157,152,3,0.666666666666667,3,15,15,0.913696060037523,326,367,329,21,8.03703703703704,141,533,451,0.06,174,14,226
870,290,4,0.5,4,40,2,1.0,140,143,122,17,9.8,80,290,196,0.25,95,30,63
4,0,1,1.0,1,18,5,0.51271186440678,89,125,89,15,5.88888888888889,64,236,152,0.43,61,14,61
104,40,1,1.0,1,6,3,1.0,146,201,127,9,2.27027027027027,84,385,294,0.11,93,6,117
5,0,1,1.0,1,33,4,0.973684210526316,46,62,59,14,13.0,22,114,70,0.37,27,24,40
8,13,2,0.5,2,10,2,0.849557522123894,25,35,24,9,2.83333333333333,17,113,51,1.06,18,6,18
3,0,1,1.0,1,6,1,0.787878787878788,0,3,2,0,0.0,3,32,3,9.0,3,1,0
209,26,11,0.545454545454545,11,22,11,0.499176276771005,242,251,219,26,6.15384615384615,107,607,355,0.49,149,17,144
1107,389,7,0.714285714285714,7,24,8,1.0,168,177,140,24,8.54545454545454,109,346,259,0.19,124,20,68
146,1,3,0.666666666666667,3,9,1,0.986486486486487,23,43,35,6,5.33333333333333,27,74,48,0.33,28,9,16
283,3,4,0.5,4,7,8,1.0,48,81,63,9,4.22222222222222,53,144,106,0.21,58,7,28
0,0,0,0.0,0,0,0,1.0,0,2,1,0,0.0,2,34,3,9.67,2,0,0
8,0,2,1.0,2,24,12,0.681159420289855,50,71,60,12,8.33333333333333,37,138,90,0.27,44,18,34
17,2,3,0.666666666666667,3,20,13,0.926701570680628,73,94,78,15,7.16666666666667,47,190,120,0.5,52,15,47
47,23,7,0.571428571428571,7,14,22,0.882352941176471,88,129,105,30,7.55555555555556,84,221,168,0.16,92,13,45
46,0,1,1.0,1,5,0,1.0,0,5,4,1,1.0,5,43,6,5.33,5,1,0
5,0,1,1.0,1,9,1,0.722222222222222,0,5,4,1,1.0,5,54,10,3.9,9,1,0
16,1,3,0.333333333333333,3,46,9,0.927835051546392,26,40,38,19,19.0,24,97,50,0.64,28,27,16
5,0,1,1.0,1,7,0,1.0,4,9,7,3,3.0,7,43,13,2.08,8,4,2
12,0,2,1.0,2,14,33,0.995535714285714,364,399,345,11,5.75675675675676,184,672,553,0.05,264,13,215
744,431,2,0.5,2,12,3,0.396959459459459,663,711,492,28,3.625,165,1184,1001,0.07,191,11,546
0,199,1,1.0,1,8,2,1.0,80,115,70,6,2.2,52,199,149,0.17,50,7,63
68,35,4,0.5,4,1,0,0.939393939393939,1,7,4,1,0.5,7,33,8,2.75,7,1,0
16,2,3,0.666666666666667,3,4,1,0.760416666666667,16,33,23,6,2.22222222222222,21,96,45,0.87,22,3,12
4,0,1,1.0,1,5,0,0.976190476190476,3,8,5,2,2.0,6,42,11,2.45,6,3,2
5,0,1,1.0,1,4,1,1.0,11,21,13,4,2.2,11,60,29,0.79,14,4,10
5,0,1,1.0,1,14,2,0.89873417721519,23,31,27,10,8.0,20,79,44,0.55,26,13,11
65,0,2,1.0,2,6,7,1.0,14,21,17,18,6.66666666666667,15,58,33,0.52,19,6,6
256,127,2,0.5,2,6,3,0.494818652849741,145,201,128,9,2.23684210526316,84,386,295,0.11,94,6,117
31,0,3,0.333333333333333,3,9,6,0.572519083969466,52,67,58,7,6.25,33,131,79,0.28,36,8,34
0,0,0,0.0,0,14,11,0.58695652173913,97,119,102,12,4.30769230769231,46,276,151,0.63,62,10,73
0,0,0,0.0,0,17,3,0.987951807228916,22,37,29,10,7.5,24,82,46,0.61,25,14,13
18,7,2,1.0,2,15,14,0.816901408450704,47,70,56,15,6.6,47,142,102,0.23,63,13,23
45,0,2,0.5,2,13,4,0.879396984924623,225,240,210,10,7.81818181818182,127,398,314,0.11,159,12,113
2,0,1,1.0,1,4,0,1.0,4,13,9,4,2.5,9,42,16,1.31,9,4,4
7,177,2,0.5,2,23,10,0.960227272727273,83,113,99,16,10.5714285714286,68,176,134,0.19,67,21,45
5,0,1,1.0,1,5,0,0.975609756097561,3,7,4,2,2.0,5,40,9,3.0,5,3,2
0,39,1,1.0,1,3,0,1.0,4,10,6,3,2.33333333333333,7,39,14,1.43,7,3,3
48,0,2,0.5,2,3,0,1.0,4,11,7,2,2.0,8,46,16,1.5,8,3,3
16,2,3,0.666666666666667,3,4,2,0.532608695652174,22,39,26,6,2.33333333333333,23,92,53,0.47,25,4,16
2,0,1,1.0,1,7,4,0.95959595959596,31,60,42,12,3.33333333333333,33,198,85,1.07,41,4,27
0,108,1,1.0,1,12,9,1.0,31,48,35,8,4.75,28,108,72,0.31,36,11,20
2,0,1,1.0,1,11,13,0.997167138810198,122,169,111,29,6.14285714285714,83,353,221,0.46,81,8,86
2,0,1,1.0,1,4,3,1.0,0,9,8,1,1.0,9,49,9,3.89,9,1,0
91,0,2,0.5,2,12,9,1.0,17,33,24,8,4.33333333333333,23,89,46,0.7,25,8,10
10,10,6,0.333333333333333,6,33,14,0.985677083333333,290,352,247,42,6.15789473684211,161,768,449,0.59,169,20,191
2,0,1,1.0,1,3,1,0.990950226244344,16,46,34,3,1.78571428571429,32,125,67,0.57,38,3,14
16,2,3,0.666666666666667,3,3,3,0.59375,17,34,23,6,2.2,21,96,52,0.56,27,3,13
18,14,3,0.666666666666667,3,6,1,0.645161290322581,8,20,11,2,1.125,12,92,35,1.31,19,3,8
8,5,4,1.0,4,23,8,0.522727272727273,27,41,30,9,5.66666666666667,21,132,61,1.05,26,13,20
5,0,1,1.0,1,7,6,0.950617283950617,78,85,74,14,4.3,45,162,121,0.16,52,7,40
680,71,7,0.428571428571429,7,19,6,1.0,117,130,104,16,5.44444444444444,64,305,190,0.37,72,15,66
4,0,1,1.0,1,7,2,0.867469879518072,0,15,13,1,0.818181818181818,15,166,22,5.95,20,0,0
2,0,1,1.0,1,4,1,0.611111111111111,0,5,4,1,1.0,5,36,6,4.5,5,1,0
5,0,1,1.0,1,2,1,0.650793650793651,8,23,16,4,2.16666666666667,16,63,28,0.93,17,2,7
0,138,1,1.0,1,8,2,1.0,30,45,31,5,2.9,24,138,70,0.74,32,5,21
2,0,1,1.0,1,19,1,0.858447488584475,61,78,54,7,3.55555555555556,36,218,113,0.83,43,11,42
5,0,1,1.0,1,10,0,1.0,12,19,12,4,2.75,11,75,26,1.65,12,5,8
50,41,8,0.375,8,12,10,0.289893617021277,122,145,98,21,4.45454545454545,58,376,224,0.46,76,8,87
126,43,4,0.5,4,13,2,1.0,7,18,14,4,4.0,10,43,21,0.81,11,12,8
0,0,0,0.0,0,8,3,0.981132075471698,17,40,31,7,2.6,29,105,59,0.56,39,6,11
693,0,1,1.0,1,9,3,1.0,219,295,212,22,3.04,120,693,383,0.62,126,6,175
12,0,2,0.5,2,18,13,0.928,118,146,106,25,12.2222222222222,58,250,207,0.12,67,18,88
516,0,3,0.333333333333333,3,4,2,1.0,76,121,75,6,2.36111111111111,63,260,198,0.11,88,4,58
25,0,3,0.333333333333333,3,4,2,0.63768115942029,7,19,12,3,1.33333333333333,13,69,35,0.71,21,3,6
524,0,4,0.75,4,82,33,0.63031914893617,205,153,151,15,15.0,121,376,291,0.32,226,58,32
5,0,1,1.0,1,9,11,0.947368421052632,72,96,85,12,6.8,52,171,132,0.14,69,9,44
5,0,1,1.0,1,5,4,0.767857142857143,38,50,40,10,4.0,34,112,74,0.26,41,5,16
197,166,5,0.4,5,17,15,0.763157894736842,77,96,75,20,7.57142857142857,50,190,142,0.25,59,15,46
130,9,6,0.833333333333333,6,12,11,0.778723404255319,80,103,74,21,4.53846153846154,45,235,147,0.48,50,9,58
38,30,3,1.0,3,15,14,0.575268817204301,55,80,68,10,5.11111111111111,56,186,114,0.44,66,10,24
7,4,2,0.5,2,5,3,0.886363636363636,3,9,6,2,2.0,7,44,17,1.41,11,5,2
5,0,1,1.0,1,25,4,0.32258064516129,21,27,25,7,7.0,11,62,32,0.72,14,22,16
54,0,3,0.666666666666667,3,9,4,0.847560975609756,68,91,59,9,4.07692307692308,45,164,121,0.18,42,8,46
59,12,3,0.333333333333333,3,16,8,0.365714285714286,56,73,54,24,5.28571428571429,36,175,100,0.61,39,11,37
4,0,1,1.0,1,2,0,1.0,1,13,6,1,0.166666666666667,12,58,26,0.85,18,2,1
6,1,2,1.0,2,3,0,1.0,41,70,46,3,2.22727272727273,41,175,114,0.32,60,3,29
15,4,1,1.0,1,4,4,0.818181818181818,6,18,13,2,2.0,12,54,21,1.29,12,4,6
777,156,16,0.625,16,17,12,0.708356702187325,806,909,655,37,6.21518987341772,321,1783,1286,0.29,373,13,588
3,0,1,1.0,1,8,0,0.60655737704918,0,5,4,1,1.0,5,60,5,10.2,5,1,0
606,220,4,0.5,4,9,3,0.363247863247863,348,404,272,16,3.05263157894737,118,702,576,0.08,134,8,286
327,63,2,1.0,2,0,0,1.0,0,1,1,0,0.0,1,264,1,247.0,1,0,0
37,28,3,1.0,3,21,19,0.98314606741573,66,71,63,50,11.0,45,178,108,0.53,51,13,26
118,0,1,1.0,1,3,5,1.0,17,51,38,11,2.09090909090909,36,118,78,0.23,49,3,15
5,0,1,1.0,1,33,4,0.929824561403509,46,62,59,14,13.0,22,114,70,0.37,27,24,40
107,85,7,0.285714285714286,7,10,27,0.94359756097561,313,387,271,19,4.12765957446809,167,656,540,0.1,188,10,220
5,0,1,1.0,1,23,7,0.548936170212766,109,145,128,12,6.42857142857143,58,235,161,0.19,59,18,87
75,12,3,0.666666666666667,3,9,5,0.596330275229358,97,133,92,14,2.5,51,327,192,0.54,60,6,82
3,149,2,0.5,2,9,12,0.97972972972973,49,84,72,12,5.33333333333333,58,148,111,0.2,67,8,26
0,0,0,0.0,0,0,0,1.0,0,7,6,0,0.0,7,38,10,2.5,10,0,0
12,0,2,0.5,2,14,11,0.832402234636871,65,91,65,12,5.5,41,179,127,0.31,48,12,50
16,17,3,0.666666666666667,3,7,10,0.653333333333333,56,68,50,12,4.27272727272727,32,150,112,0.23,42,7,36
10,0,2,0.5,2,4,1,0.519553072625698,54,85,60,8,2.33333333333333,36,179,129,0.19,54,4,49
2,0,1,1.0,1,12,3,1.0,225,238,165,13,3.34615384615385,66,401,338,0.09,72,12,172
1601,507,8,0.625,8,35,7,1.0,290,240,185,18,5.9375,74,546,397,0.23,98,28,166
20,8,4,0.5,4,7,5,0.933333333333333,9,20,15,6,4.0,13,60,32,0.69,19,6,7
0,0,0,0.0,0,3,2,1.0,2,6,3,1,1.0,4,36,9,2.67,4,3,2
2,0,1,1.0,1,8,4,1.0,54,80,59,18,3.4,35,208,115,0.61,45,5,45
326,18,2,0.5,2,15,11,0.716346153846154,334,366,185,7,5.0,112,624,554,0.05,106,15,254
333,33,5,0.8,5,18,15,0.9625,66,76,68,19,7.2,41,160,101,0.31,46,14,35
284,86,8,0.75,8,27,19,0.507936507936508,208,268,221,16,7.8,129,441,319,0.22,130,23,139
5,0,1,1.0,1,25,2,0.859154929577465,17,24,19,4,4.0,12,71,35,0.83,15,20,12
0,0,0,0.0,0,50,8,1.0,33,52,47,22,22.0,32,89,54,0.39,31,37,20
6,2,2,0.5,2,6,3,0.979591836734694,0,15,14,1,0.714285714285714,15,98,16,4.44,15,1,0
2,0,1,1.0,1,8,0,1.0,43,64,44,6,2.7,26,148,89,0.46,36,6,38
7,2,3,0.666666666666667,3,8,12,0.973913043478261,79,100,73,21,2.82352941176471,59,230,159,0.23,71,7,41
4,0,1,1.0,1,7,3,0.647482014388489,42,63,46,10,4.0,32,138,89,0.4,42,7,31
13,1,3,0.666666666666667,3,15,11,0.669642857142857,87,111,81,13,5.9,51,224,162,0.28,63,13,60
174,5,2,0.5,2,8,9,0.780177890724269,203,293,204,40,2.57142857142857,122,787,424,0.68,157,5,171
2,0,1,1.0,1,4,13,1.0,17,31,28,6,4.0,28,88,52,0.48,44,4,3
3,0,1,1.0,1,5,0,0.685714285714286,0,4,3,0,0.0,4,34,4,6.5,4,1,0
43,0,2,0.5,2,5,0,1.0,3,8,5,1,1.0,6,40,11,2.27,6,3,2
5,346,2,1.0,2,17,10,0.968208092485549,164,204,164,16,6.21428571428571,96,346,251,0.2,98,14,108
268,134,2,1.0,2,11,5,1.0,511,571,376,27,3.63768115942029,149,965,820,0.07,158,10,422
5,8,2,0.5,2,5,6,0.970873786407767,34,50,42,4,3.14285714285714,37,103,68,0.32,46,5,13
2,0,1,1.0,1,6,2,0.970338983050847,53,82,58,7,2.52380952380952,52,236,112,0.85,55,4,30
167,317,13,0.461538461538462,13,12,11,0.679245283018868,41,66,52,17,4.83333333333333,41,159,91,0.57,47,10,25
2,77,3,0.666666666666667,3,4,1,0.893333333333333,8,24,15,3,1.42857142857143,16,75,34,0.91,18,3,8
4,0,1,1.0,1,0,0,1.0,0,4,3,0,0.0,4,43,5,7.2,5,0,0
2,0,1,1.0,1,6,1,1.0,9,18,12,2,1.6,11,77,23,2.04,11,3,7
207,83,7,0.285714285714286,7,23,15,0.48458904109589,372,265,241,14,9.15,138,584,461,0.24,181,20,127
0,0,0,0.0,0,17,1,1.0,3,15,12,3,3.0,13,60,25,1.2,21,8,2
9,1,3,0.666666666666667,3,25,9,0.842592592592593,41,53,42,51,26.5,31,108,76,0.3,33,23,22
3,0,2,0.5,2,9,4,0.990196078431373,14,34,28,11,4.0,22,102,48,0.88,29,5,12
0,0,0,0.0,0,13,3,0.518518518518518,9,7,4,3,2.5,5,54,30,0.63,16,13,2
4,0,1,1.0,1,3,2,0.662337662337662,5,19,13,2,1.0,15,77,32,1.09,23,3,4
43,9,1,1.0,1,23,10,0.870748299319728,138,160,122,16,6.8,70,294,216,0.27,74,20,90
5,0,1,1.0,1,4,4,0.928571428571429,30,49,38,7,3.4,31,112,71,0.27,38,4,18
69,10,3,0.666666666666667,3,9,15,1.0,133,172,129,8,5.20833333333333,94,343,265,0.17,113,8,78
26,22,5,1.0,5,10,5,0.945652173913043,21,39,32,10,5.25,25,91,55,0.49,31,10,14
7,2,3,0.666666666666667,3,9,14,0.973094170403587,76,96,73,23,2.6,60,223,148,0.28,73,7,36
32,0,1,1.0,1,3,1,1.0,0,4,2,0,0.0,4,32,7,3.0,5,2,0
5,0,1,1.0,1,8,0,1.0,1,4,2,2,2.0,3,37,7,3.86,4,3,1
87,0,1,1.0,1,7,4,1.0,25,44,38,7,3.4,33,86,57,0.35,41,7,11
37,0,1,1.0,1,11,0,1.0,6,10,3,4,4.0,5,37,14,1.57,3,11,5
2,0,1,1.0,1,5,1,1.0,0,5,4,1,1.0,5,38,6,4.67,5,1,0
10,4,4,0.5,4,9,8,0.966942148760331,33,56,47,18,4.66666666666667,35,121,73,0.38,43,7,21
25,3,3,0.666666666666667,3,8,7,0.568862275449102,48,51,36,8,3.09090909090909,25,167,95,0.59,37,6,26
5,0,1,1.0,1,8,0,0.97979797979798,17,30,22,4,2.42857142857143,16,99,38,1.34,17,4,14
105,0,1,1.0,1,9,1,1.0,29,46,34,4,3.0,25,105,60,0.58,27,7,21
4,0,1,1.0,1,14,2,0.995614035087719,107,148,109,9,3.80769230769231,78,456,209,1.03,93,7,70
2,0,1,1.0,1,3,1,1.0,6,15,10,3,2.0,10,48,21,0.95,11,3,5
4,0,1,1.0,1,7,0,0.981818181818182,14,28,18,3,1.5,16,110,39,1.54,17,4,12
6,0,2,1.0,2,7,2,0.961038961038961,16,34,30,8,3.33333333333333,23,77,44,0.5,29,6,11
3,1,2,1.0,2,15,9,0.805084745762712,42,52,41,12,6.5,29,118,80,0.38,35,14,23
5,4,2,1.0,2,37,19,0.968660968660969,232,261,248,24,12.7142857142857,79,351,287,0.1,88,33,182
3,0,1,1.0,1,9,1,0.957746478873239,9,16,12,2,2.0,11,71,22,1.91,14,9,5
42,0,3,0.666666666666667,3,7,0,0.227272727272727,0,9,8,1,0.666666666666667,9,66,10,5.1,9,1,0
5,0,1,1.0,1,6,0,0.938775510204082,4,10,6,1,1.0,7,49,14,2.21,7,3,3
150,75,1,1.0,1,9,3,1.0,352,406,275,16,3.03389830508475,120,707,583,0.08,135,8,286
5,0,1,1.0,1,22,11,0.94047619047619,152,151,132,15,5.07692307692308,71,336,198,0.49,76,14,80
6,5,2,1.0,2,0,0,1.0,56,61,60,0,0.0,61,262,65,2.34,65,0,0
1,0,1,1.0,1,18,9,0.647272727272727,68,81,57,14,5.16666666666667,38,275,135,0.92,56,9,43
2,0,1,1.0,1,43,4,1.0,33,45,43,18,18.0,21,85,52,0.37,25,34,24
10,4,3,1.0,3,17,23,0.939814814814815,97,124,111,37,10.375,70,216,165,0.19,88,14,54
5,0,1,1.0,1,5,4,0.920792079207921,32,45,37,13,4.57142857142857,29,101,64,0.3,34,5,16
4,0,1,1.0,1,4,1,0.630434782608696,2,8,4,2,1.66666666666667,6,46,12,2.33,7,2,2
0,0,0,0.0,0,5,3,0.553793884484711,428,529,372,31,2.96638655462185,181,883,792,0.04,236,5,348
45,15,3,0.666666666666667,3,0,0,1.0,0,3,2,0,0.0,3,28,4,5.25,3,0,0
24,0,3,0.666666666666667,3,9,6,0.532,74,96,66,11,3.15789473684211,48,250,150,0.47,62,6,48
0,295,1,1.0,1,14,3,1.0,100,107,67,9,3.6875,34,295,174,0.51,42,9,73
5,0,1,1.0,1,22,6,0.845188284518828,91,123,114,14,6.28571428571429,62,239,145,0.4,75,14,61
77,1,2,0.5,2,18,2,0.682203389830508,75,101,69,11,4.625,55,236,122,0.75,50,12,46
0,0,0,0.0,0,11,3,1.0,5,15,11,1,1.0,12,75,27,1.52,19,4,3
4,0,1,1.0,1,2,1,0.96551724137931,0,5,4,1,1.0,5,29,6,3.33,5,1,0
3,0,1,1.0,1,2,0,1.0,15,35,19,2,1.25,20,97,51,0.53,20,2,15
18,0,3,0.666666666666667,3,8,2,0.812080536912752,9,25,13,3,1.0,16,149,45,1.98,24,2,9
44,8,2,0.5,2,25,7,0.98015873015873,113,114,92,8,3.85714285714286,55,252,175,0.19,63,19,59
46,20,8,0.375,8,16,16,0.490585774058577,303,372,263,21,6.17073170731707,148,956,509,0.69,161,10,224
5,0,1,1.0,1,3,0,0.941176470588235,1,5,3,1,1.0,4,33,7,3.43,5,3,1
22,5,5,0.6,5,3,12,0.811320754716981,24,68,45,3,1.09090909090909,48,159,112,0.2,69,2,20
5,0,1,1.0,1,14,4,0.965116279069767,29,35,31,10,7.33333333333333,26,86,52,0.52,39,12,9
233,0,1,1.0,1,29,4,1.0,74,81,64,18,5.16666666666667,42,233,115,0.88,50,16,39
3,0,1,1.0,1,3,0,1.0,13,29,19,5,1.875,16,75,44,0.43,21,3,13
4,0,1,1.0,1,0,0,1.0,0,5,4,0,0.0,5,37,7,3.86,6,0,0
401,208,3,0.666666666666667,3,8,4,0.389799635701275,239,306,198,16,2.85416666666667,108,549,445,0.08,115,7,198
7,2,2,1.0,2,9,4,0.92,23,40,29,9,3.5,27,100,55,0.67,29,6,13
8,4,4,0.75,4,7,12,0.836935166994106,87,148,88,8,2.19148936170213,75,509,259,0.77,118,4,73
5,0,1,1.0,1,17,4,0.908256880733945,37,46,40,12,7.75,22,109,60,0.52,27,12,24
195,0,3,0.333333333333333,3,14,0,1.0,28,24,21,16,9.0,20,96,47,0.77,32,13,4
342,301,3,0.666666666666667,3,57,11,0.958874458874459,260,276,261,20,16.1428571428571,68,462,298,0.32,70,39,208
9,3,4,0.75,4,10,10,0.977401129943503,61,81,64,18,4.8,34,177,112,0.36,39,9,47
105,0,2,1.0,2,21,2,1.0,42,47,39,10,5.66666666666667,28,98,62,0.31,34,17,19
3,0,1,1.0,1,7,0,1.0,5,14,12,3,3.0,12,42,18,1.11,13,7,2
3,1,2,0.5,2,22,20,1.0,139,160,93,27,11.6153846153846,58,336,211,0.43,45,15,102
2,0,1,1.0,1,14,29,1.0,346,364,283,58,6.40540540540541,128,740,552,0.25,168,12,236
35,11,3,0.333333333333333,3,11,5,0.857723577235772,113,133,113,11,4.8,73,246,180,0.21,93,9,60
41,28,5,0.8,5,18,12,0.547770700636943,49,66,50,18,10.5,36,157,89,0.64,37,11,30
3,0,1,1.0,1,6,0,1.0,0,3,2,1,1.0,3,36,3,10.0,3,1,0
5,0,1,1.0,1,3,0,0.696969696969697,2,6,4,1,1.0,5,32,7,3.14,5,3,1
54,0,1,1.0,1,3,3,1.0,8,16,9,3,2.6,9,54,26,0.77,12,3,7
26,2,2,0.5,2,7,2,0.603305785123967,18,35,26,9,3.66666666666667,23,121,48,1.23,26,4,12
0,114,1,1.0,1,6,2,1.0,38,51,37,7,2.9,27,114,78,0.28,31,6,24
0,0,0,0.0,0,18,0,1.0,72,108,77,10,3.9,46,271,138,0.79,44,10,62
22,0,3,0.333333333333333,3,6,1,0.730769230769231,0,7,6,1,1.0,7,52,8,4.88,7,1,0
155,0,1,1.0,1,14,5,1.0,45,61,49,10,3.42857142857143,29,155,84,0.51,33,9,32
5,0,1,1.0,1,4,5,0.941176470588235,48,61,48,12,3.75,36,136,93,0.2,43,4,25
61,27,4,0.5,4,4,4,0.514492753623188,26,53,33,3,1.5625,31,138,82,0.43,41,3,22
132,87,6,0.5,6,13,14,0.7703081232493,152,183,135,23,4.78947368421053,95,357,252,0.27,96,10,88
2,0,1,1.0,1,14,3,0.923566878980892,304,389,276,13,2.86885245901639,163,1099,498,1.02,161,7,226
9,2,2,0.5,2,10,4,0.549923195084485,178,236,161,10,2.8,105,651,340,0.69,134,6,131
4,0,1,1.0,1,6,1,0.766129032258065,14,29,16,5,1.1,17,124,48,1.29,24,3,12
3,0,1,1.0,1,7,1,1.0,23,45,33,6,3.14285714285714,28,114,56,0.77,27,5,17
20,325,2,0.5,2,25,12,0.936708860759494,177,189,175,20,7.55555555555556,73,316,243,0.12,82,21,116
14,0,3,0.666666666666667,3,4,2,0.81981981981982,25,41,28,5,2.36363636363636,22,111,59,0.63,24,4,19
3,0,1,1.0,1,1,0,1.0,1,5,4,2,1.33333333333333,4,32,10,2.0,7,1,1
93,89,6,0.5,6,78,14,0.658783783783784,164,206,158,37,25.0,99,296,240,0.08,93,70,107
4,0,1,1.0,1,6,1,1.0,0,15,14,1,1.0,15,113,16,5.19,16,1,0
5,0,1,1.0,1,6,6,0.929577464788732,29,62,47,8,3.44444444444444,45,142,86,0.4,53,5,17
31,25,3,0.666666666666667,3,6,3,1.0,34,41,33,9,4.25,31,98,58,0.48,41,5,10
590,217,9,0.555555555555556,9,15,14,0.948717948717949,67,89,71,16,6.875,59,196,134,0.31,73,11,30
13,8,3,0.666666666666667,3,11,14,0.909375,123,171,140,32,4.10526315789474,75,320,222,0.21,94,8,96
0,0,0,0.0,0,20,8,0.989010989010989,24,36,26,9,7.5,18,90,51,0.63,20,17,18
9,4,2,1.0,2,3,0,0.828571428571429,1,5,3,1,1.0,4,34,7,3.57,5,3,1
2,0,1,1.0,1,20,16,0.924939467312349,221,271,197,16,9.0,104,413,338,0.12,93,19,167
2,0,1,1.0,1,4,0,1.0,4,13,9,4,2.5,9,44,17,1.12,9,4,4
382,38,10,0.6,10,28,17,0.736842105263158,69,104,91,38,14.6666666666667,69,171,129,0.17,76,26,35
7,3,2,1.0,2,16,13,0.883838383838384,75,85,75,19,8.28571428571429,56,199,138,0.22,73,13,29
6,3,3,0.666666666666667,3,13,3,0.993464052287582,54,80,61,16,6.28571428571429,39,153,91,0.57,38,10,41
123,6,3,0.666666666666667,3,10,4,0.866666666666667,11,22,19,11,6.5,11,60,30,0.67,16,8,11
2,0,1,1.0,1,12,0,0.992753623188406,30,41,29,9,3.14285714285714,22,138,64,1.0,29,6,19
268,0,1,1.0,1,8,7,1.0,92,144,104,14,3.63157894736842,77,268,196,0.21,93,7,67
4,0,1,1.0,1,4,0,0.861111111111111,3,8,5,2,2.0,6,36,11,2.0,6,3,2
226,0,2,1.0,2,13,9,1.0,44,74,66,21,6.5,38,115,81,0.22,40,12,36
55,20,7,0.285714285714286,7,7,21,0.635097493036212,128,192,148,28,3.375,101,359,270,0.15,129,6,91
5,0,1,1.0,1,24,0,1.0,28,32,17,5,4.0,7,78,41,0.8,7,19,25
3,0,1,1.0,1,3,1,1.0,1,6,4,3,3.0,5,32,8,2.38,5,3,1
14,2,3,1.0,3,45,18,0.470198675496689,139,146,127,36,17.4,63,302,193,0.4,67,31,83
208,4,5,0.4,5,43,29,0.711083437110834,428,508,422,36,13.8125,173,803,596,0.2,169,33,335
378,13,5,1.0,5,17,15,0.964383561643836,194,250,187,27,6.3125,111,364,289,0.17,104,15,139
2,0,1,1.0,1,7,14,0.545064377682403,43,90,59,9,2.0,57,233,139,0.52,70,5,33
5,0,1,1.0,1,9,4,0.980769230769231,45,58,51,8,5.16666666666667,40,104,75,0.23,50,9,18
10,7,3,0.333333333333333,3,9,6,0.438423645320197,54,77,52,7,2.35714285714286,31,203,109,0.63,39,6,46
34,34,3,0.666666666666667,3,19,9,0.702702702702703,62,68,53,15,5.83333333333333,28,185,107,0.55,36,14,40
231,5,3,0.666666666666667,3,8,1,0.991150442477876,77,93,65,12,3.66666666666667,49,226,141,0.43,54,7,44
5,0,1,1.0,1,13,3,0.73469387755102,27,40,32,7,3.75,25,98,51,0.67,27,9,15
5,1,2,0.5,2,1,0,1.0,0,15,14,1,0.727272727272727,15,44,17,1.41,16,1,0
58,16,6,0.333333333333333,6,137,12,0.760115606936416,167,198,172,13,7.5,43,346,230,0.34,48,97,155
31,8,5,0.8,5,11,3,1.0,74,111,74,11,3.23529411764706,42,263,147,0.64,45,7,69
216,18,5,0.6,5,6,4,0.683673469387755,20,30,20,5,2.25,18,98,52,0.69,23,4,12
15,6,2,0.5,2,3,19,0.661764705882353,17,84,41,1,0.404761904761905,67,272,206,0.1,159,3,17
2,0,1,1.0,1,11,2,1.0,63,92,62,9,3.2,46,241,133,0.66,53,6,46
82,73,7,0.428571428571429,7,7,5,0.460966542750929,1,35,34,1,0.347826086956522,35,269,48,3.98,47,1,0
153,6,4,0.5,4,58,35,0.592980295566502,1013,704,609,21,10.12,214,1624,1194,0.22,505,44,490
120,1,3,1.0,3,5,1,1.0,7,20,14,3,2.0,15,61,27,0.96,17,4,5
4,0,1,1.0,1,4,1,0.770833333333333,3,8,4,2,1.66666666666667,6,48,13,2.23,7,2,2
4,0,1,1.0,1,5,0,0.94,3,9,5,2,0.666666666666667,6,50,15,2.0,8,3,3
0,164,1,1.0,1,13,5,1.0,62,74,50,10,6.0,36,164,116,0.31,45,11,38
124,21,3,1.0,3,16,15,1.0,31,55,51,27,10.6666666666667,42,103,65,0.43,47,12,13
11,4,4,0.75,4,15,10,0.945945945945946,135,171,148,12,6.53846153846154,100,259,205,0.17,111,13,71
0,47,1,1.0,1,7,1,1.0,6,15,8,4,2.5,10,47,24,0.71,12,7,5
3,3,2,1.0,2,9,5,1.0,32,50,36,7,4.33333333333333,28,121,71,0.54,32,8,22
0,0,0,0.0,0,6,5,0.501797268152408,681,800,534,19,3.22413793103448,273,1393,1265,0.03,390,6,527
15,7,3,0.666666666666667,3,17,6,0.890243902439024,22,36,32,8,7.5,19,82,47,0.4,24,12,17
16,2,3,0.666666666666667,3,4,2,0.65979381443299,21,39,26,6,2.33333333333333,23,97,55,0.51,25,4,16
0,0,0,0.0,0,4,2,0.960264900662252,41,75,42,3,1.5,40,151,102,0.25,39,4,35
83,3,3,0.666666666666667,3,18,2,0.974358974358974,27,25,17,7,5.5,12,77,43,0.63,16,16,13
70,0,2,1.0,2,15,2,1.0,16,30,21,8,7.5,16,63,35,0.49,16,13,14
4,0,1,1.0,1,5,1,0.8,4,11,7,3,1.66666666666667,8,49,14,2.14,8,3,3
19,7,4,0.5,4,10,8,0.972602739726027,17,28,21,8,6.33333333333333,18,73,42,0.57,23,9,10
20,1,2,0.5,2,12,3,0.888888888888889,1,16,15,1,1.0,16,144,21,5.29,20,1,0
5,0,1,1.0,1,5,2,0.927272727272727,44,53,45,11,5.0,29,110,74,0.26,34,5,24
166,0,1,1.0,1,10,0,1.0,34,55,38,4,2.27272727272727,30,166,70,1.09,29,5,25
3,0,1,1.0,1,6,2,0.365384615384615,0,6,5,0,0.0,6,52,8,4.88,7,1,0
4,8,3,1.0,3,2,3,0.928571428571429,0,13,12,1,0.75,13,56,24,1.0,23,1,0
146,0,2,1.0,2,44,18,1.0,60,78,70,33,22.5,44,146,96,0.33,50,33,34
86,62,11,0.272727272727273,11,13,12,0.897435897435897,73,100,79,13,3.81818181818182,56,273,147,0.58,73,9,44
5,0,1,1.0,1,5,0,0.886363636363636,3,7,4,2,2.0,5,43,9,3.33,5,3,2
3,0,1,1.0,1,6,0,0.939393939393939,0,3,2,1,1.0,3,33,4,6.75,3,1,0
4,0,1,1.0,1,3,2,0.811320754716981,18,40,27,5,1.83333333333333,23,106,58,0.52,27,3,17
38,766,5,0.8,5,20,15,0.97289972899729,381,398,286,32,7.32142857142857,142,737,588,0.17,171,18,256
21,22,3,0.333333333333333,3,4,5,0.868421052631579,22,38,26,9,2.0,20,114,57,0.77,26,3,18
641,1,3,0.666666666666667,3,12,11,0.996875,119,147,106,19,4.94117647058824,67,320,207,0.31,72,9,80
215,0,2,0.5,2,8,3,0.516431924882629,69,86,52,9,2.4375,38,213,129,0.43,40,6,48
8,3,2,0.5,2,28,7,0.515384615384615,51,66,53,8,7.33333333333333,33,130,79,0.33,36,21,33
2,0,1,1.0,1,7,2,0.900826446280992,25,38,27,13,3.2,22,121,56,0.93,25,4,16
2,0,1,1.0,1,7,2,0.619047619047619,0,11,10,1,0.714285714285714,11,105,15,5.4,14,1,0
0,0,0,0.0,0,3,0,0.607142857142857,1,4,2,1,1.0,3,28,8,2.12,5,3,1
0,0,0,0.0,0,6,6,0.991404011461318,120,165,112,7,2.86111111111111,93,349,255,0.16,108,6,72
8,7,2,0.5,2,23,29,0.456487341772152,535,590,329,25,5.87755102040816,197,1264,886,0.35,208,17,393
0,118,1,1.0,1,10,2,1.0,42,53,38,9,3.42857142857143,24,118,75,0.44,27,8,29
0,0,0,0.0,0,5,3,0.647985989492119,254,318,212,16,2.77215189873418,119,571,504,0.04,170,5,199
8,2,2,0.5,2,16,2,0.590604026845638,169,189,158,7,4.6,82,298,234,0.15,86,14,107
1376,494,5,0.4,5,17,2,1.0,147,184,124,8,2.80952380952381,65,439,256,0.56,71,11,119
144,66,1,1.0,1,8,3,1.0,287,342,227,14,2.96153846153846,109,608,493,0.09,121,8,233
253,0,1,1.0,1,9,10,1.0,90,122,82,16,3.82352941176471,53,253,163,0.31,54,7,69
21,17,6,0.333333333333333,6,11,13,0.535087719298246,136,176,111,12,4.06666666666667,80,456,272,0.56,96,8,96
3,1,2,0.5,2,11,7,1.0,79,106,80,15,4.06666666666667,50,277,160,0.44,67,7,56
13,1,2,0.5,2,14,10,0.9,55,76,61,27,8.0,42,150,111,0.22,55,13,34
41,6,2,0.5,2,9,5,0.821782178217822,33,54,35,7,2.16666666666667,28,202,79,1.35,29,5,26
6,0,1,1.0,1,3,0,0.911764705882353,1,5,3,1,1.0,4,34,7,3.29,4,3,1
292,99,8,0.625,8,10,4,1.0,33,41,32,12,4.85714285714286,19,95,65,0.31,27,9,22
39,1,3,0.333333333333333,3,7,2,0.314516129032258,0,17,16,1,0.818181818181818,17,124,20,4.5,19,1,0
4,3,2,0.5,2,4,0,0.808823529411765,13,28,21,5,2.16666666666667,18,68,36,0.64,19,4,10
356,12,4,1.0,4,17,14,1.0,69,97,82,24,7.6,65,174,127,0.21,71,15,32
91,108,3,0.666666666666667,3,28,6,0.784313725490196,216,200,137,20,5.06451612903226,89,1020,384,1.54,160,11,111
0,0,0,0.0,0,6,9,0.553494124922696,814,934,622,27,3.32142857142857,301,1621,1488,0.02,432,6,633
154,0,1,1.0,1,12,1,1.0,48,67,49,15,5.375,36,154,94,0.38,35,9,31
5,0,1,1.0,1,9,2,0.945378151260504,89,138,107,7,3.88235294117647,78,238,176,0.2,89,8,60
34,14,5,0.6,5,6,3,0.891891891891892,32,54,36,8,1.82352941176471,32,259,103,1.48,58,3,22
4,0,1,1.0,1,11,4,0.926470588235294,0,9,8,1,0.5,9,68,12,4.17,11,1,0
4,0,1,1.0,1,5,1,1.0,4,11,7,3,1.66666666666667,8,49,14,2.14,8,3,3
28,22,8,0.625,8,7,5,0.97027027027027,133,184,126,10,3.24324324324324,100,370,278,0.14,115,6,84
5,0,1,1.0,1,7,9,0.766233766233766,19,33,29,11,6.0,22,77,47,0.4,30,6,11
3,0,1,1.0,1,6,0,1.0,2,7,4,1,1.0,5,40,10,2.6,5,3,2
3,0,1,1.0,1,5,0,1.0,6,17,11,2,1.2,12,82,25,1.84,15,2,5
5,0,2,0.5,2,16,11,0.973684210526316,38,60,51,26,11.6666666666667,39,114,79,0.3,42,15,21
5,0,1,1.0,1,6,1,0.992424242424242,32,50,35,9,2.83333333333333,26,132,72,0.53,32,4,24
10,9,5,0.6,5,9,17,0.967289719626168,85,128,102,16,6.63636363636364,73,214,173,0.14,88,9,55
364,10,5,0.4,5,11,9,0.943502824858757,98,100,75,13,3.44444444444444,60,354,173,0.82,75,7,40
3,0,1,1.0,1,5,1,1.0,44,66,40,5,2.57142857142857,25,144,106,0.19,38,5,41
4,0,1,1.0,1,6,1,0.773913043478261,19,36,21,6,2.2,22,115,53,0.89,21,3,14
5,0,1,1.0,1,6,0,0.98,4,10,6,1,1.0,7,50,14,2.29,7,3,3
3,0,1,1.0,1,9,0,1.0,0,3,2,1,1.0,3,36,4,7.5,3,1,0
6,1,4,1.0,4,5,6,0.953271028037383,26,44,33,9,3.33333333333333,22,107,66,0.48,31,4,22
0,156,1,1.0,1,4,0,1.0,48,75,51,9,2.26315789473684,37,156,112,0.18,44,4,38
3,0,1,1.0,1,12,1,1.0,28,39,25,6,2.6,18,120,58,0.93,19,8,21
216,0,1,1.0,1,8,2,1.0,75,108,77,8,3.33333333333333,45,216,142,0.32,49,7,63
6,3,2,1.0,2,13,13,0.934579439252336,78,104,77,11,4.36842105263158,52,321,166,0.8,78,7,52
5,0,1,1.0,1,3,2,0.901234567901235,16,32,24,4,2.57142857142857,22,81,46,0.41,27,3,10
2,0,1,1.0,1,6,1,1.0,16,36,24,3,1.72727272727273,24,142,55,1.27,30,3,12
99,0,1,1.0,1,14,0,1.0,24,31,23,4,3.75,17,99,45,1.04,19,9,14
14,9,2,0.5,2,26,3,0.735294117647059,54,71,55,9,6.5,35,136,88,0.34,35,20,36
3,0,1,1.0,1,5,0,0.723404255319149,0,3,2,1,1.0,3,47,4,10.25,3,1,0
3,0,1,1.0,1,11,3,1.0,23,38,28,9,4.33333333333333,27,81,54,0.35,31,11,11
0,0,0,0.0,0,0,0,1.0,0,1,1,0,0.0,1,200,0,0.0,0,0,0
239,118,3,1.0,3,9,6,1.0,35,58,45,8,4.85714285714286,25,121,75,0.41,30,7,33
276,42,6,0.833333333333333,6,15,10,0.978165938864629,93,129,99,21,6.11111111111111,64,229,179,0.12,72,14,65
5,0,1,1.0,1,19,20,0.96969696969697,149,200,179,24,8.27272727272727,88,330,239,0.18,105,15,112
23,11,8,0.5,8,26,24,0.822683706070288,305,341,294,31,11.5,191,626,433,0.34,218,20,150
5,0,1,1.0,1,25,19,0.786324786324786,191,229,202,24,13.0,100,351,274,0.15,115,21,129
2,0,1,1.0,1,19,17,0.413366336633663,154,179,134,16,6.23529411764706,84,404,251,0.51,91,13,95
0,0,0,0.0,0,9,5,0.925465838509317,46,71,55,14,3.66666666666667,39,161,99,0.43,48,7,32
2,0,1,1.0,1,16,0,1.0,31,50,39,8,6.66666666666667,30,95,65,0.37,33,16,20
5,0,1,1.0,1,10,2,0.938271604938272,18,39,30,6,3.0,20,81,44,0.55,21,8,19
4,0,1,1.0,1,10,6,0.938650306748466,32,60,46,9,4.0,41,163,84,0.81,50,6,19
808,386,8,0.625,8,13,3,1.0,79,84,60,7,3.66666666666667,44,221,134,0.47,43,9,40
3,1,1,1.0,1,28,6,0.945736434108527,58,78,67,21,9.66666666666667,46,129,88,0.31,46,24,32
6,4,3,0.666666666666667,3,10,7,0.904977375565611,72,96,69,12,5.0,55,221,135,0.44,59,8,41
71,0,1,1.0,1,8,0,1.0,1,8,7,1,0.75,8,71,10,5.3,9,1,0
19,7,2,0.5,2,9,11,0.803493449781659,79,107,78,17,3.94117647058824,55,229,157,0.31,59,7,52
5,0,1,1.0,1,22,5,1.0,31,50,34,7,5.25,31,137,59,1.1,27,11,19
2,0,1,1.0,1,11,2,1.0,29,46,39,10,4.25,28,123,61,0.8,35,7,18
4,0,1,1.0,1,20,6,1.0,81,93,73,9,5.28571428571429,33,188,119,0.46,32,15,60
2,5,2,0.5,2,6,2,0.947916666666667,0,16,15,1,0.375,16,96,22,2.82,21,1,0
0,0,0,0.0,0,5,1,0.934782608695652,2,8,5,2,2.0,6,46,11,2.82,6,3,2
4,0,1,1.0,1,21,1,1.0,29,41,30,8,3.0,23,166,63,1.46,24,13,18
207,1,3,0.666666666666667,3,11,2,0.99009900990099,20,29,22,5,3.6,20,101,40,1.23,23,6,9
5,0,1,1.0,1,4,0,0.971428571428571,3,7,4,2,2.0,5,35,10,2.2,5,3,2
5,0,1,1.0,1,5,1,0.92,0,7,6,1,0.666666666666667,7,49,7,5.29,7,1,0
38,0,1,1.0,1,3,1,1.0,0,5,2,0,0.0,5,38,9,2.89,6,2,0
5,0,1,1.0,1,8,6,0.970588235294118,21,38,32,6,3.2,29,102,51,0.67,34,5,9
46,25,5,0.8,5,10,13,0.798165137614679,26,48,44,12,7.33333333333333,37,109,69,0.35,51,8,11
3,0,1,1.0,1,3,0,1.0,5,17,11,3,2.0,12,55,27,0.7,16,3,5
72,0,2,0.5,2,27,7,1.0,13,25,19,11,11.0,18,68,33,0.88,20,18,7
3,0,1,1.0,1,6,0,1.0,0,5,4,1,1.0,5,34,6,4.33,5,1,0
4,0,1,1.0,1,5,2,1.0,19,38,23,3,1.36363636363636,21,117,59,0.71,28,3,17
14,0,3,0.666666666666667,3,4,2,0.705357142857143,30,48,33,5,2.46153846153846,26,112,68,0.4,28,4,22
2,0,1,1.0,1,10,9,1.0,32,54,37,20,6.5,31,149,70,0.93,32,8,23
4,0,1,1.0,1,12,4,0.990384615384615,17,24,15,12,4.2,13,104,38,1.47,17,6,11
17,6,3,0.666666666666667,3,16,18,0.648717948717949,173,202,155,25,6.88235294117647,87,390,280,0.27,94,14,115
47,8,6,0.666666666666667,6,12,4,0.693304535637149,144,192,137,20,3.67857142857143,81,463,250,0.72,83,7,111
36,9,2,0.5,2,9,6,0.780898876404494,93,92,81,30,6.0,33,178,137,0.14,42,9,59
5,0,1,1.0,1,6,0,0.886792452830189,4,10,6,1,1.0,7,52,13,2.54,7,3,3
2,0,1,1.0,1,10,5,0.953488372093023,35,55,38,8,3.57142857142857,30,129,78,0.53,34,8,25
0,0,0,0.0,0,6,7,0.503585657370518,599,690,444,17,3.32911392405063,226,1258,1152,0.02,354,6,464
5,0,1,1.0,1,7,2,0.785714285714286,16,24,19,4,1.75,12,70,35,0.91,17,5,12
5,0,1,1.0,1,8,3,0.9375,5,15,13,6,6.0,13,48,21,0.9,17,6,2
138,0,2,1.0,2,6,1,1.0,45,61,40,7,2.45454545454545,29,138,85,0.42,33,6,32
4,0,1,1.0,1,4,2,0.981132075471698,20,38,21,5,1.36363636363636,19,105,61,0.56,30,3,19
2,0,1,1.0,1,5,0,0.872093023255814,23,39,29,6,3.0,21,86,53,0.43,23,5,18
5,0,1,1.0,1,15,2,0.862068965517241,13,18,15,6,6.0,13,58,28,0.82,17,15,5
4,0,1,1.0,1,5,2,0.891304347826087,5,10,6,2,1.5,6,45,17,1.41,9,5,4
2,0,1,1.0,1,10,1,1.0,14,27,20,6,3.0,18,82,36,1.06,19,5,9
0,0,0,0.0,0,11,1,0.926829268292683,5,7,5,3,3.0,5,41,12,2.25,6,7,2
3,0,1,1.0,1,7,1,0.985915492957746,0,9,8,1,0.6,9,70,9,6.0,9,1,0
5,0,1,1.0,1,9,7,0.935483870967742,11,21,18,9,6.5,17,62,32,0.69,24,8,4
0,0,0,0.0,0,33,9,0.950867052023121,162,203,166,45,9.5,69,346,231,0.26,63,25,134
2,0,1,1.0,1,8,0,1.0,38,59,44,7,2.85714285714286,26,110,76,0.32,30,8,33
186,6,2,0.5,2,6,1,1.0,48,74,47,6,2.0,34,183,118,0.36,47,4,40
5,0,1,1.0,1,11,4,0.976923076923077,45,70,60,11,5.33333333333333,36,130,88,0.23,40,9,34
3,0,1,1.0,1,5,3,0.823529411764706,0,10,9,1,0.8,10,68,11,4.36,10,1,0
4,0,1,1.0,1,9,0,1.0,10,21,14,4,2.14285714285714,14,110,30,2.3,15,3,7
5,0,1,1.0,1,16,11,0.97667638483965,106,148,128,16,5.82352941176471,82,343,193,0.6,99,9,66
0,0,0,0.0,0,0,0,0.885714285714286,0,1,1,0,0.0,1,35,1,32.0,1,0,0
73,19,5,0.4,5,5,2,0.715596330275229,43,62,40,7,2.05263157894737,32,218,106,0.67,48,4,30
10,6,4,0.5,4,49,2,0.963562753036437,114,129,97,20,13.5,62,247,164,0.37,63,35,67
364,0,3,0.333333333333333,3,7,1,1.0,61,90,68,8,2.2,48,181,118,0.28,50,6,42
2,0,1,1.0,1,20,0,0.558333333333333,30,32,23,7,3.0,18,120,48,1.25,19,10,14
3,0,1,1.0,1,14,0,0.96875,32,41,29,15,5.75,17,96,54,0.56,19,11,24
323,0,3,0.666666666666667,3,6,6,1.0,29,53,36,7,3.0,30,126,71,0.59,32,5,23
107,42,2,0.5,2,8,6,0.804832713754647,189,242,177,22,2.56818181818182,98,538,331,0.37,104,6,144
112,1,3,0.666666666666667,3,10,2,1.0,37,57,36,7,4.66666666666667,25,107,74,0.27,22,10,32
4,0,1,1.0,1,4,0,0.84375,0,4,3,1,1.0,4,32,5,5.0,4,1,0
19,17,3,0.333333333333333,3,25,14,0.8883439871061443,148,170,129,21,11.305269858900616,72,310,241,0.2228331211348138,85,22,98
135,20,9,0.5828236217201896,9,27,25,0.4994248225344393,362,407,349,31,11.017518226184446,173,740,501,0.2457579752811266,187,20,234
11,8,3,0.9877043508818224,3,10,9,0.9660949701991958,94,131,104,13,4.049777329229266,53,237,168,0.1836886947354532,62,8,77
484,162,13,0.5866049124367085,13,18,10,0.5746198589817695,360,419,279,14,4.432645304076072,183,1064,621,0.6197215801163813,214,10,236
574,227,11,0.644954175465478,11,13,10,0.5633001828616524,340,408,284,27,4.523284751049357,159,1010,585,0.6144374051219391,184,8,249
7,5,1,1.0,1,5,0,0.7035871097656217,0,6,5,1,1.077218126874984,6,47,6,6.2456949688250525,6,1,0
549,386,20,0.430880222456794,20,14,19,0.4652418882214769,607,673,469,34,4.640079656528422,277,1655,1031,0.4282030303645082,332,9,395
32,0,4,0.733618908208331,4,15,8,0.5724821757778463,63,76,68,16,7.087114689319507,47,148,101,0.3008265885966653,59,12,29
6,0,1,0.6197809453334862,1,24,13,0.945892579716264,105,137,126,12,7.296714180002294,54,213,158,0.2152087621866605,62,19,83
88,68,6,0.4096596581394149,6,36,21,0.8392151296672394,364,405,308,38,9.81914957409674,146,839,562,0.3847747693018935,154,23,258
264,294,17,0.5306526164379339,17,20,26,0.7715734185280128,214,256,203,34,8.964894388776292,114,479,338,0.2731641719167311,129,15,142
72,40,10,0.6367984710875573,10,17,15,0.9121268963569892,193,215,145,11,3.857199265125848,87,706,343,0.9415337679252545,108,9,128
841,546,24,0.4690377299568491,24,18,23,0.728157322508997,509,543,395,24,6.236302516878855,200,1065,790,0.2491683929825849,221,14,342
141,28,6,0.3469943521914215,6,16,10,0.7752426594857371,338,374,265,16,4.471575496879714,157,1015,554,0.6519661131485304,180,10,217
27,13,6,0.6139964972627286,6,15,10,0.9369195643598176,33,48,39,19,8.204999512555927,24,96,63,0.3823239230657435,29,13,24
254,11,2,0.5792125146641331,2,21,13,0.9725603441732582,101,132,117,19,9.861394670090522,66,243,162,0.3227747579186319,74,15,65
543,283,16,0.5551949286547752,16,16,14,0.6057764327719464,235,278,248,23,6.881824610665229,119,544,341,0.3912865394447439,140,10,159
109,6,1,0.6838915663596266,1,25,15,0.8604214862818175,111,138,108,17,9.367783132719254,68,265,192,0.27,81,19,69
260,204,12,0.5426851312561612,12,22,27,0.6903736844309234,238,292,243,27,9.397829374439594,131,474,363,0.1825080087990914,142,18,161
70,5,5,0.3642436334083798,5,21,11,0.651361313569272,200,210,174,13,6.853038202421411,106,374,278,0.2319882173543463,124,17,104
226,66,10,0.5892957806791266,10,14,19,0.8285952329968341,474,553,403,16,4.3982873677304575,238,1250,809,0.4700338230818647,285,9,315
43,32,8,0.3927354905464016,8,33,16,0.5505967726028413,176,201,157,23,9.209369603475515,107,422,273,0.4019420459891183,108,24,93
40,6,5,0.5274495840684603,5,17,16,0.5211821100520551,110,140,120,19,6.563263868884722,81,229,173,0.1665879001764305,83,14,59
805,379,11,0.6415074458845699,11,13,12,0.7650552196669453,125,144,117,18,4.9660317025727645,66,331,207,0.3641560129943472,86,9,78
55,21,6,0.7209470896571374,6,16,19,0.8059622948440418,171,213,168,19,6.613711095279716,119,405,291,0.2250785191680116,128,13,94
852,308,12,0.7473174248977129,12,27,22,0.5781990917871088,446,460,368,34,10.145665466576649,232,786,646,0.1075333108685484,266,23,227
611,207,24,0.3401517842801957,24,11,21,0.6093880400071722,202,260,194,15,3.59732442846069,139,683,384,0.5940910705681176,169,7,121
539,262,17,0.6679487484520336,17,13,28,0.5024402106407314,192,231,199,29,6.6153347805679354,129,439,315,0.228974255263087,155,10,102
1377,537,51,0.4037823545041238,51,18,44,0.7338911850220972,1395,1398,912,40,5.614542654964053,465,3357,2157,0.4553081052569139,548,12,932
657,370,16,0.403243413811939,16,21,33,0.5209553261005082,598,654,470,43,7.78443772450608,261,1309,947,0.2536697635870791,314,17,392
276,111,10,0.3907288732776345,10,18,12,0.8389444606788912,419,461,322,20,4.074338087632187,191,1413,692,0.8154700844960412,234,9,270
36,28,7,0.5241895233566926,7,22,19,0.7918514398862712,229,260,201,30,7.298725227815815,89,486,342,0.3106483813146459,96,17,170
23,9,7,0.588034898000475,7,19,16,0.8843223593908999,64,83,73,35,10.508942676728786,46,146,108,0.20825633570995,53,17,36
20,11,3,0.8145626428614796,3,11,7,0.9766772071526596,89,122,94,12,4.136534462955093,52,242,160,0.3407123761867176,59,9,69
49,18,5,0.5138098282735839,5,12,12,0.9561897657508291,188,242,177,21,4.45083280052123,123,565,363,0.4294488099618603,171,8,118
67,5,2,0.6877566704210888,2,7,1,0.8751026681684357,14,18,12,3,1.8813687288813772,11,62,29,0.9522176324382046,13,6,7
493,254,16,0.43489437887875,16,17,26,0.5249101717113325,463,537,348,24,4.499068180657744,212,1618,837,0.8027504188829199,274,9,325
128,55,9,0.6612973934106114,9,11,15,0.5438090601729642,111,154,131,17,5.186776827345015,83,311,209,0.2961253554264819,107,8,71
1268,636,57,0.304639657809411,57,15,71,0.5951875623971689,682,786,553,46,5.514730774340706,289,1696,1167,0.3177305295751882,368,11,497
9,5,2,0.3458843969535725,2,14,6,0.9485400636814586,188,246,170,14,4.8344424102159635,110,587,358,0.5277408085483569,149,10,136
141,3,2,0.9386696766904904,2,15,7,0.970868096427983,49,76,61,14,6.99251406918086,44,143,93,0.3936798193985705,46,12,32
2,0,1,1.0,1,3,0,1.0,3,8,5,1,1.3869124415727334,5,41,12,2.020076190816604,6,3,2
41,11,5,0.6680031907931642,5,13,14,0.924761056494862,107,151,105,13,4.722352563541623,76,325,215,0.4147955328895701,96,9,75
173,6,2,0.4695370333668692,2,17,4,0.7975876279674792,45,64,54,15,9.501222041649967,37,138,79,0.4754666878068329,41,13,27
51,4,5,0.5434860910997505,5,26,13,0.7596589781158449,254,270,227,29,6.937424161043159,100,424,331,0.165583935072043,112,22,169
27,8,4,0.7648252891780032,4,13,12,0.7142543400531747,102,135,112,14,5.363911826966278,65,230,169,0.1705930115671201,70,11,69
541,265,16,0.538498113127953,16,16,25,0.5221503155641044,450,531,343,24,4.610621189853955,208,1526,823,0.729862835638869,265,9,322
2,0,1,0.9767243080485252,1,19,0,0.8978083152346858,28,46,35,9,5.819827075854424,29,130,59,1.0725175884189917,32,10,17
268,142,15,0.5264810505302215,15,30,21,0.8168928270442448,601,640,462,42,8.246658640694594,249,1330,911,0.3477517453526018,286,20,391
3,0,1,0.9336120381088868,1,3,0,0.9897489176491664,4,8,4,1,1.331939809455565,5,41,13,2.046560196598863,6,3,2
73,46,5,0.6637233984157854,5,14,6,0.6805807471138047,108,117,78,12,4.323800836669404,51,282,185,0.3706481165818615,57,11,66
276,205,9,0.6001902370492747,9,21,25,0.5884328150704041,222,274,233,22,7.870671576414782,115,467,338,0.2323649355217208,129,15,158
43,21,4,0.4164784701458712,4,26,19,0.7462758838619042,223,228,173,32,13.273788961844287,88,400,335,0.0969841914922532,102,24,139
190,128,12,0.854917712343068,12,17,28,0.9432201613379771,216,245,195,26,7.859169166485323,122,511,353,0.3450462604497742,145,13,122
7,1,2,0.5171482900079039,2,18,7,0.9079819948511978,34,45,41,17,6.8038529867299,22,103,60,0.5016068454099588,28,13,22
32,0,4,0.7298368614759138,4,15,9,0.5806944015502311,63,77,68,16,7.184187222118215,47,148,101,0.2987086424265117,59,12,30
95,11,6,0.4171902682447144,6,14,11,0.6742747407273534,302,343,243,16,4.6290682077114225,137,847,502,0.57,155,9,206
48,22,5,0.4357968353845712,5,15,4,0.9124966246154927,77,94,65,10,4.538152218959253,41,244,137,0.6677828481538859,47,11,53
517,191,11,0.7947691827106024,11,14,10,0.7452462735759783,381,456,309,20,4.609364615089919,180,1120,678,0.5360833891484651,212,9,276
535,237,18,0.3668975473826187,18,6,19,0.3724031903494583,189,285,220,11,2.2890076769227896,169,739,400,0.6193954456913536,202,3,115
80,41,4,0.6405783245891683,4,20,8,0.7160099908731705,90,109,65,13,5.956506151628143,45,266,166,0.4766674633612282,49,14,64
17,9,4,0.666666666666667,4,16,17,0.6898635131454146,124,150,128,21,7.530014025630502,83,289,195,0.2896785470170205,95,12,67
98,0,1,0.9977007370958426,1,52,7,0.9985349829283244,25,44,37,19,18.867562456720535,26,99,49,0.6857693562563503,28,28,17
438,377,16,0.4558430354276235,16,108,29,0.734600892582007,491,507,427,73,22.65152771411283,177,1107,631,0.561587967997511,190,59,330
667,331,22,0.3653807838944708,22,16,20,0.7699073256200012,251,272,197,23,5.422699752637769,108,680,417,0.4957804953502556,143,11,163
172,100,10,0.9974692080768908,10,15,27,0.9901960433128144,199,219,173,23,6.5831130676071945,111,521,337,0.4301518475153865,139,11,107
524,261,17,0.4418919356917854,17,17,26,0.4602891349011979,452,528,338,22,4.540762816946974,211,1562,822,0.7823111143440752,272,9,316
44,20,5,0.5,5,20,16,0.6172479487408344,164,162,116,28,7.064511758957561,65,461,258,0.6481964158483776,80,14,96
652,804,21,0.4935216077518463,21,15,24,0.7883916801862004,566,603,460,24,4.9554529227361765,215,1167,858,0.2476221836077578,239,12,387
135,17,6,0.5465686613930426,6,24,26,0.652351490898519,237,241,199,35,10.125611378930024,107,460,335,0.2318135591740898,117,18,133
370,23,6,0.5,6,22,19,0.9776840220667984,163,186,138,23,7.942331772562928,74,399,254,0.4677573069053944,81,16,112
167,45,6,0.410977597331558,6,18,12,0.9177006748801524,493,523,393,23,5.213427288910684,221,1356,755,0.6214036627297996,269,11,301
659,1979,9,0.5395415145828001,9,16,6,0.6760846287824775,85,86,69,17,5.05367946387676,44,203,134,0.322882527375096,51,12,41
637,517,14,0.4805260022271102,14,17,18,0.6832135793251932,275,294,230,26,6.58093159885284,104,657,429,0.3718259426502608,146,12,189
261,26,7,0.5521051569291855,7,26,16,0.9092105047829429,117,139,128,35,11.1352639014957,71,231,174,0.1630964611299359,81,22,68
79,41,6,0.7101855567099107,6,15,14,0.7942597434282997,121,158,130,35,5.931538550085541,84,321,215,0.2464963289904721,108,11,74
4,0,1,1.0,1,6,1,1.0,6,12,6,2,1.5095340462965068,7,68,19,2.252838716666288,7,2,5
434,176,18,0.5905806427334097,18,18,16,0.673168605135922,423,457,311,17,4.833628031158127,165,1342,719,0.753967097538976,221,10,292
568,245,14,0.4094140812577995,14,9,14,0.3850525724474067,243,320,239,22,3.2996987355470586,154,827,443,0.6681970324002566,179,5,166
71,15,4,0.7953162616085954,4,11,14,0.9209784060168944,58,82,66,23,5.382705921089798,49,175,121,0.2737469907131237,67,10,32
564,152,14,0.405157370458915,14,10,16,0.5994105874829917,155,234,179,11,2.7631887248387472,145,674,334,0.8426924300192261,175,4,88
4,1,1,0.9115992107727584,1,18,1,0.899820140329934,30,45,34,8,5.3389363300933255,28,128,59,1.0006589345432235,31,10,16
564,224,11,0.4482080612109333,11,14,9,0.4177418314964449,312,367,259,28,4.349741050208519,149,950,510,0.7126803106986275,170,8,217
859,319,11,0.3975464140684042,11,10,13,0.5175043900858006,675,759,516,11,3.118599144850045,360,2243,1160,0.7643322164980135,457,6,398
147,12,6,0.6011503792222068,6,15,13,0.8682277539781484,51,75,65,18,6.684568319956039,49,158,95,0.3957239089866704,56,10,26
7,5,1,1.0,1,5,0,0.7212354515071521,0,6,4,1,1.0,5,46,6,6.03364111836513,6,1,0
279,196,14,0.4248431153911586,14,20,20,0.4144574671989214,499,571,438,39,7.946314220902957,243,1159,783,0.299592570980739,279,15,327
82,28,5,0.8068396232152784,5,13,14,0.9608515027627128,61,85,66,26,6.347759526052181,50,178,123,0.2925707566104187,64,11,35
55,26,5,0.5005274186210384,5,13,14,0.7407301570175595,95,134,94,13,4.2909809033383866,71,371,208,0.6592088720684424,101,9,63
419,347,15,0.4948730743582428,15,85,28,0.5916934860395358,513,505,440,60,20.193068191461112,196,983,631,0.4165305926968072,210,51,309
979,613,24,0.3754179451978079,24,15,32,0.4545607577545195,686,744,496,37,4.5830988272581825,295,1804,1178,0.3888028310110182,367,11,448
165,5,2,0.5325404979663408,2,17,6,0.7942516288870249,49,70,61,16,9.763461077279052,42,134,83,0.3156194390238435,45,13,28
1177,595,56,0.3393407208152297,56,16,70,0.5293750053897155,768,859,607,53,6.073307460949877,326,1918,1277,0.3588567038633892,404,11,533
21,8,3,0.8596138187795721,3,12,11,0.8158205248242641,99,133,109,14,4.733568105115845,60,233,169,0.1743845527511829,67,10,72
241,202,16,0.475356071849305,16,24,30,0.809729744288532,257,313,255,33,11.185881003746738,149,483,391,0.1241337142933471,157,20,163
480,159,13,0.5720707373709084,13,18,10,0.565680999738886,358,417,277,13,4.418521121778296,183,1061,617,0.6261850132632902,214,10,234
231,71,9,0.4266572814937227,9,19,8,0.9215475660230938,402,430,308,18,4.106727073723614,176,1311,641,0.8040600388533655,214,10,254
94,47,5,0.4059541415647086,5,10,7,0.5295412221274752,76,110,76,9,2.709288717401902,64,414,204,0.9386094577977052,109,6,46
94,31,12,0.5320824183542039,12,14,7,0.7571426875109386,128,158,116,12,3.6123750045521126,68,455,240,0.7050678565297154,78,8,90
62,28,5,0.4914864390220448,5,14,3,0.7763664823905574,74,83,52,7,3.992506607561784,28,227,130,0.6176622048801597,34,10,54
712,486,30,0.4147135936920441,30,14,31,0.3611811452358501,728,789,554,43,5.220016838100252,323,1970,1207,0.4662984129974455,382,10,465
142,0,1,0.9922716917355664,1,15,6,0.9962856192837606,49,77,61,14,6.668009112727017,43,140,92,0.3886089045124019,44,12,33
13,12,3,0.6547197604312879,3,21,13,0.8316133082472231,156,193,162,22,6.142206461310438,86,392,239,0.4185663712517545,96,14,106
267,129,17,0.375,17,22,25,0.759512680895076,691,695,553,29,6.730839374288056,264,1451,957,0.4368833793726006,310,16,431
29,18,3,0.6555516063478901,3,19,11,0.5437182060849685,242,272,237,11,6.222507409286979,150,541,346,0.2593366506677725,186,13,121
94,47,5,0.4036380022910747,5,11,7,0.5288189732714039,83,115,79,10,2.987515335193163,64,419,212,0.8150932032075047,109,7,50
85,20,7,0.5294312729906739,7,23,26,0.4831338817644666,263,251,209,42,9.092627082454122,110,473,361,0.1335184871252223,115,19,141
103,77,8,0.5883346676208757,8,16,6,0.6318012548522867,125,124,88,22,4.807325420825991,56,319,207,0.4141110221586083,68,12,67
30,12,5,0.4614902271398075,5,18,11,0.6741543519087125,89,114,85,19,6.72505539375814,52,242,150,0.4724861595827123,55,13,61
63,25,5,0.5248105547471906,5,12,2,0.7889166404698573,74,86,54,6,3.841989636024645,30,235,132,0.6293522327028086,37,9,55
74,4,5,0.3536261439620596,5,21,10,0.6392693747350094,207,216,180,12,6.685124573029607,108,382,285,0.2290153203093766,127,16,107
92,52,14,0.5689263297742164,14,25,29,0.8738464332340837,322,371,317,50,10.240111121747992,177,647,470,0.1603391296023311,199,19,193
631,193,7,0.5738664562569418,7,17,14,0.9372930546254254,122,133,95,18,5.678280030666709,54,311,204,0.3946562146179195,66,12,78
100,61,5,0.8,5,13,7,0.6273826702380505,105,115,82,14,4.968754542987741,54,286,184,0.3917001206409015,71,10,61
5,0,1,0.8480148983374864,1,13,4,0.7743134435137656,37,49,43,8,5.042597141091728,30,108,66,0.4243176162660022,34,10,19
49,3,2,0.8099796099702119,2,31,5,0.9547570499929078,31,44,34,12,10.5630946826774,27,114,58,0.6785987765982127,30,18,16
2392,1492,80,0.3151583541270488,80,32,70,0.3821768217596918,1937,2039,1393,53,8.86722956473833,750,4672,2907,0.4726329441901999,820,19,1288
35,13,7,0.6987493977750694,7,18,15,0.7525560228294699,180,214,177,24,6.715196838397722,92,410,280,0.2522510840048754,105,14,121
66,5,2,0.6699820499652458,2,7,1,0.8679928199860986,15,18,12,3,1.9813509689454936,11,60,29,0.7986449116997218,13,6,7
63,94,7,0.4275315057136965,7,11,8,0.5409925949957548,121,132,94,19,4.081154584266116,61,285,202,0.2585991598476347,69,10,71
128,30,9,0.4830229155740502,9,34,22,0.9621216495933558,482,429,342,25,8.014592128198936,176,957,669,0.3104175869090658,283,27,252
41,7,5,0.5204378213453408,5,17,16,0.4980164183004371,110,140,120,18,6.706754584611419,80,228,172,0.1649050771228817,82,15,59
38,173,4,0.3621368202495325,4,18,14,0.8255897816452062,38,82,72,15,3.4834097081776787,60,565,110,3.767422739764812,78,4,22
13,5,3,0.666666666666667,3,20,4,0.9068082580216096,38,46,35,8,5.351340184217982,26,121,64,0.6760596851800946,28,14,20
223,52,9,0.5343287595399488,9,17,15,0.4696707075909188,122,152,130,14,6.601432405032125,78,304,200,0.3761987267189687,96,12,73
29,3,3,0.8398727878049388,3,12,21,0.5097218793265639,184,218,176,20,6.330646013657272,111,410,308,0.1456203539512097,136,10,106
19,10,4,0.7645306147548313,4,21,18,0.6363207120901606,126,147,128,19,7.878540870917577,74,285,194,0.2494485709014854,87,16,73
122,45,4,0.7595319422260743,4,12,11,0.3836848187847792,82,103,68,10,3.5135850990153905,41,235,147,0.4566552808834959,45,8,62
1010,480,10,0.4325519894835689,10,11,12,0.5229562016687503,686,744,510,13,3.2218240517565317,342,2228,1158,0.7434158752550853,436,6,402
3,0,1,0.966768079645026,1,19,1,0.9001612187847436,29,46,36,9,5.849695761064922,29,130,60,1.052206882475853,32,10,17
35,4,5,0.7884320736741962,5,20,19,0.9555849734082632,162,187,157,28,11.23254186703324,91,338,235,0.2917351889488705,99,15,95
267,18,6,0.5363579730295835,6,26,10,0.9255291878122964,120,134,118,24,10.371950924072149,60,247,181,0.2171550557835782,72,21,74
130,84,1,0.7507581473435998,1,3,1,0.5015162946871996,0,7,6,0,0.0626895368358999,7,46,8,1.8305344756082784,8,0,0
40,26,5,0.6532196785977853,5,21,15,0.6134264993645662,257,290,253,19,7.125388561640448,157,555,369,0.2278124696863452,190,15,133
1564,984,28,0.4796009272949458,28,17,25,0.5527051942854684,719,726,529,25,4.452740858093526,304,2060,1138,0.6054974751544436,382,10,422
49,170,6,0.891624319002801,6,13,6,0.7125124725426405,218,205,136,8,2.7041109962609244,77,624,372,0.5639182175082631,108,8,128
129,27,10,0.5145862378974213,10,19,13,0.7012378008308303,61,71,62,20,9.63663413554888,43,160,97,0.3873268271097762,50,14,27
100,60,6,0.8,6,13,8,0.6306681628004179,105,116,83,15,5.1526929947556965,55,285,184,0.3857006944362836,72,10,60
72,40,8,0.5,8,24,17,0.6355390264631953,157,170,124,32,8.048368037974083,69,404,262,0.4156410654926621,92,17,100
266,138,6,0.6040695078933429,6,21,23,0.6491025161961946,199,246,209,21,8.319225826088093,99,460,302,0.3538491019487905,116,14,147
165,6,1,0.5469909699204345,1,18,5,0.7822747297292009,49,68,59,16,10.586479464700176,40,130,82,0.3084583745856782,43,14,28
50,58,5,0.4472850176245218,5,11,8,0.6423188616244679,121,135,96,17,4.462671344627967,63,317,213,0.3120452126896556,72,9,72
664,600,13,0.4401243022918104,13,17,20,0.7490299200837941,308,313,232,27,6.814372319733607,102,708,488,0.3020926997647167,153,13,210
276,1,2,0.7672009909337699,2,21,16,1.0,107,146,123,31,8.06651400259035,79,273,185,0.3039679405439738,92,16,66
43,16,9,0.695461630790303,9,20,20,0.9385736343506396,164,188,159,26,10.40080167238735,104,350,247,0.2579851244295303,120,16,84
21,14,5,0.4967955362210204,5,15,7,0.8377894408692321,111,129,84,17,3.668420509065388,59,270,186,0.2856150497446059,53,12,70
36,15,4,0.8311904969802825,4,13,16,0.804491004403407,168,200,159,15,4.920208096849285,112,389,284,0.1908999912682812,126,10,88
24,12,6,0.5661999571533054,6,16,11,0.9556571801989924,28,43,33,19,9.36383358327238,23,91,58,0.4278649825042665,28,13,19
93,47,4,0.4037348188749214,4,11,7,0.5394199162888906,82,114,78,10,2.903583497885424,65,413,212,0.7928198331753614,109,7,49
255,39,7,0.5295665732233903,7,19,12,0.5834820891013374,123,146,123,15,7.213492219777178,70,296,196,0.3840340504593693,87,14,75
442,195,15,0.5528299181415182,15,14,21,0.6894775346080789,242,276,239,23,7.724168968095883,124,462,368,0.1,148,12,152
139,28,10,0.5,10,19,13,0.762142950109796,55,68,59,21,9.952472615182264,46,156,93,0.4047527384817738,53,14,21
73,27,4,0.4522243260054804,4,13,4,0.4816962361197996,99,122,80,10,3.4136036222831123,56,399,207,0.7943327021983559,82,8,66
30,8,4,0.7089274201961804,4,29,19,0.8209129393497752,256,275,230,43,8.258757252764063,87,425,338,0.1253998710619722,91,25,187
115,36,4,0.7607910513748422,4,11,12,0.4640380110405386,72,97,66,13,3.666561690137856,41,213,135,0.4268357945006313,46,8,55
31,4,4,0.5,4,19,14,0.6207475651030645,107,136,122,13,6.512197023205875,68,214,162,0.1826265714508599,72,16,68
69,46,9,0.4914652535006232,9,8,10,0.5050004055642342,6,58,54,1,0.9278072187370164,54,394,100,2.7856494756134613,90,1,4
23,13,3,0.3419469535281009,3,21,12,0.95314510578377,56,86,71,20,4.5897904781230405,53,542,110,3.7570221053409214,60,6,32
29,17,5,0.5742579868380555,5,26,18,0.7576092420303917,167,197,160,22,9.003299635343362,105,393,264,0.3668645368431852,118,19,91
93,13,6,0.6764262579176897,6,15,12,0.6913437111866507,72,83,71,18,7.277381706037899,38,168,115,0.2645936487838989,49,13,44
15,9,4,0.606238316916368,4,22,11,0.7837643446178958,104,130,112,21,9.593784198682682,61,236,156,0.2981285049250897,64,16,69
15,5,4,0.601450317553015,4,13,10,0.9261004566405264,105,138,100,26,3.696677300025025,76,267,187,0.2328690399532806,79,10,62
26,12,4,0.4969815099328168,4,20,13,0.737396928346377,183,174,124,22,7.111735884707089,69,424,282,0.4004829584107493,81,15,104
32,12,5,0.473127797127844,5,26,20,0.7292226610344075,294,347,289,39,9.728659891735942,149,561,422,0.2413040278640956,163,21,197
99,64,8,0.5968869418823738,8,14,4,0.7143717941538876,124,134,93,19,4.172416957987188,63,329,222,0.3586382701411632,79,11,70
6,1,1,0.948796548692176,1,13,4,0.7628477177086107,38,52,43,7,4.77709657800114,34,118,72,0.4430108990985723,38,10,18
108,69,9,0.6445706742806687,9,23,18,0.6624192743843517,147,168,144,51,8.942132968328131,95,320,219,0.2156250973864133,111,17,72
60,2,1,0.8536761930981214,1,36,6,0.9651609983566958,29,44,35,13,12.503222973556586,27,110,56,0.6812205715858872,29,20,16
92,0,1,1.0,1,5,2,1.0,0,14,12,1,0.1348070476677832,14,92,18,3.453859046644335,16,1,0
288,37,40,0.4440270868380832,40,0,3,0.4677234967872261,146,152,147,1,1.0726721311243117,149,650,198,1.593268509345798,185,0,3
35,5,7,0.4312393989515772,7,11,12,0.6835051405055967,0,42,41,1,0.6801303569991831,42,471,53,7.273038413610326,52,1,0
161,0,3,0.666666666666667,3,12,10,0.9344729519836136,52,79,66,15,4.527498284070965,48,164,100,0.3685186084358544,53,8,30
20,6,4,0.6377118291517808,4,27,5,0.9029803958677504,38,49,39,14,8.405367725208402,22,105,60,0.6109532935843615,22,21,27
9,4,2,0.7955235277928651,2,14,9,0.9534671031502632,96,131,111,11,4.495220005504259,51,221,161,0.1963581177765708,60,12,79
3,1,1,0.8844704532861027,1,5,2,0.9821608788162364,5,13,9,3,2.817706253463217,8,50,18,1.435228089548991,9,4,5
291,285,13,0.4562375304885945,13,103,26,0.7840728561306843,454,470,404,73,21.77240868226901,170,1024,568,0.5727919253061805,176,56,299
614,369,20,0.4281450985869799,20,16,28,0.5381927940439966,486,557,366,23,4.684500733045608,209,1535,860,0.6748785509177024,263,9,347
313,189,16,0.468820496724338,16,20,23,0.8112306783512151,267,313,263,27,9.94552986072131,136,494,396,0.1109845332941224,150,17,176
93,56,6,0.5,6,17,4,0.8103602990729184,77,84,55,10,4.587388910985569,28,231,132,0.6157080815459988,34,11,56
65,17,5,0.4905231849327927,5,25,22,0.6265124182792235,241,236,188,35,11.291241723424465,99,429,346,0.1032039475343546,109,22,137
19,7,3,0.9200188865868734,3,10,15,0.7357190676319192,169,193,155,14,3.9097851650743145,106,381,284,0.1535920676335131,126,8,87
133,31,11,0.5032239085240575,11,19,14,0.7489595841989583,57,68,59,21,9.763892224530556,46,160,95,0.412778444906111,54,14,22
24,15,3,0.579298972231923,3,18,10,0.6403700491567453,229,265,221,11,5.8779841442357466,140,551,348,0.3233888633251848,178,12,124
36,15,3,0.7038038289573835,3,10,12,0.9117292923947072,102,147,114,28,3.7779494210697986,82,287,199,0.2222822973744299,99,8,64
274,1,2,0.8058603731171761,2,21,17,1.0,106,145,122,32,8.055468464823663,78,271,184,0.3016483776129694,90,15,66
421,222,12,0.6894274485322439,12,14,29,0.4808395012779609,190,231,198,24,6.471831539519293,118,414,311,0.17972401186128,142,11,112
11,6,5,0.541288498250193,5,18,16,0.8022746412891965,58,83,76,28,9.44487428412124,43,167,108,0.3278857317848032,51,13,40
177,42,11,0.4842759566611646,11,12,8,0.8230856970906868,313,359,246,20,3.7699615952246703,156,877,526,0.486276448224664,188,9,202
6,7,2,0.3736923149226049,2,23,8,0.9486197729899676,30,46,37,22,12.603127865304224,27,101,60,0.4421076944767815,30,16,18
63,102,7,0.3803975582361584,7,11,8,0.4994223507838908,123,130,90,19,4.1138974945586355,59,281,201,0.2598560651137024,63,10,71
83,22,5,0.7845236479324112,5,9,3,0.8347860050937427,106,146,101,7,3.1070571951156793,75,320,229,0.2346429056202766,101,7,71
328,322,14,0.4656443857328502,14,114,27,0.7390219612096356,459,475,417,75,23.964596687130033,165,1014,559,0.5720589696115164,171,62,309
32,15,3,0.7601822005797425,3,12,6,0.835558937759928,51,64,58,18,4.589138986048274,25,112,81,0.2369238963942249,32,12,39
26,6,6,0.5972391814266055,6,20,15,0.8686131298213129,66,83,73,32,10.587527676717116,47,146,106,0.2244539415988992,54,17,36
33,26,6,0.4614331243474932,6,31,15,0.6101647793398959,170,199,159,23,8.308055338743646,101,416,263,0.42,102,21,98
138,16,6,0.7370869145436626,6,17,11,0.8751162844082397,52,72,60,18,8.28264374692056,45,150,94,0.4057747851273802,50,13,27
475,326,14,0.5202887785798662,14,37,28,0.4298942611080713,568,539,459,40,13.390830775338632,238,937,721,0.2093502481953004,263,31,301
17,8,6,0.4871515642656856,6,16,9,0.7836732434010988,35,44,34,20,9.824949208450148,21,95,63,0.3955868887418217,25,14,22
14,3,3,0.5404075277918493,3,25,4,0.741982559446549,43,49,39,17,9.104767465154636,20,106,65,0.5337543156424133,20,21,29
31,1,4,0.7190710946589258,4,16,9,0.6040708730666071,63,77,69,17,7.460508570420905,47,148,102,0.2926798130089985,58,13,30
65,35,7,0.5,7,24,17,0.6602169873471146,150,165,121,30,8.186161745779586,69,384,252,0.3945526371676459,90,17,95
94,57,1,1.0,1,7,3,1.0,9,24,20,4,2.1550465214088645,19,94,33,2.0139328775608556,23,3,4
412,346,15,0.4922766601298523,15,88,28,0.6064677435670374,508,502,438,62,20.60102977709697,192,987,624,0.4324985402014087,206,52,309
40,18,5,0.5,5,20,15,0.6412989672950153,168,164,118,27,7.063423189274774,66,453,263,0.6006984920227959,80,14,98
32,0,3,0.7462246658523296,3,14,7,0.5503417926058071,62,75,67,13,6.50752181182641,46,149,100,0.3090939198045591,59,11,29
843,506,22,0.5181753657667091,22,19,23,0.6989781464943368,500,529,392,26,6.932557181020491,206,1017,767,0.221331350928441,229,16,322
438,588,9,0.5517246972170816,9,11,21,0.5950809716998824,327,379,255,28,4.272546664778107,163,970,596,0.5291885570142606,225,8,216
372,1805,8,0.6078149125528758,8,13,23,0.7700552137131736,230,252,161,19,4.691786521826517,125,627,455,0.2696236489703895,195,10,126
67,49,10,0.4861060952870066,10,17,22,0.7608924599219183,212,242,179,23,6.861740329700174,97,525,346,0.4128702031762335,109,12,145
118,55,14,0.7369895935296513,14,15,20,0.5930128593800458,112,138,117,21,7.735809509323519,80,281,190,0.2870653184190527,97,11,58
112,14,7,0.5597903980656118,7,19,10,0.5113803281244289,79,81,74,15,9.130347541665143,31,160,106,0.2860695083330287,37,15,49
92,2,6,0.3184783470073427,6,20,9,0.5870593602919811,253,255,215,13,5.779692007678803,123,434,329,0.2043545002079656,143,16,131
23,10,2,0.8393951804484211,2,12,5,0.7955018050829729,47,60,53,13,4.5046451408550165,28,112,77,0.2907887227049264,33,11,32
94,0,1,0.9886380097678764,1,5,2,0.9991260007513753,2,17,8,1,0.4908110707530647,15,95,39,1.1309118564100322,28,2,2
63,26,8,0.5414224418726536,8,22,22,0.8450452078361952,294,350,294,34,9.67458895366012,164,575,415,0.186862046501877,171,17,186
756,228,28,0.2783915101591316,28,40,51,0.4448853578238929,2900,2823,2585,39,11.095086364086288,835,4662,3433,0.1588046048284991,945,30,1988
48,43,5,0.4474384084282369,5,21,20,0.4610668397948297,261,282,239,39,7.787395238738246,126,547,362,0.2615094835575176,139,14,156
264,18,4,0.5,4,16,48,0.5639458971124397,210,297,254,20,6.455289956246604,143,510,351,0.3131607822895653,160,11,153
43,3,2,0.7855705938525491,2,6,1,0.9142282375410198,11,16,10,3,2.1783558907788234,9,55,25,1.051802307430541,11,5,6
203,2,2,0.4236245182514137,2,15,5,0.9770032408396688,51,67,53,10,5.5396925252286175,32,195,97,0.8320197834882981,43,8,34
58,195,6,0.5,6,14,6,0.8011456882312407,128,145,104,20,4.9809708427304376,65,331,225,0.3336671899700276,77,10,79
98,61,5,0.788292961755305,5,13,7,0.6267183240451943,104,114,79,13,4.760277650247012,52,286,183,0.4058535191223475,68,10,62
268,83,11,0.4876132693585592,11,19,8,0.8870495326225316,401,424,303,17,4.323435658273416,166,1277,641,0.7852507625979303,208,10,257
52,31,13,0.5769727765965832,13,21,21,0.9182007048491732,167,192,164,22,8.701035937750982,118,372,263,0.2207761887235217,143,16,74
24,12,6,0.580442796004184,6,17,11,0.958322105784418,29,43,33,18,9.207134189274749,23,92,58,0.4546088330914234,28,14,20
4,1,2,0.731930378263099,2,19,17,0.9903483539261054,119,161,136,25,10.80670309487992,90,272,188,0.2965050638252844,92,15,71
27,144,5,0.4184963469000441,5,5,3,0.9492583563562732,116,159,126,9,3.0445944695141947,112,276,210,0.177919160973745,126,5,47
7,1,1,0.9748054996556432,1,12,3,0.7270262960022028,40,53,45,6,4.360207467033978,33,112,71,0.3828677397658375,36,10,20
238,200,16,0.4802350841684678,16,24,30,0.82132033883131,257,313,254,33,11.225819787699225,150,484,392,0.1256487659519804,158,20,162
111,9,6,0.6119041260382546,6,18,9,0.5132630914063115,80,83,75,14,8.773336894185771,30,158,107,0.2722775848982707,35,15,53
157,14,5,0.5,5,19,8,0.7605806980204384,51,68,59,18,10.619608128099628,42,138,85,0.3380391871900371,46,14,25
39,10,1,0.5355943242301144,1,25,15,0.8165098307807815,109,137,107,17,9.071188648460229,69,267,192,0.27,82,19,67
2000,1495,56,0.4170256092426559,56,18,96,0.6201968148642,1223,1340,946,46,6.882667048963385,513,2770,1957,0.3091385378176257,608,14,826
269,3,2,0.6408125518282427,2,23,7,0.9699364508864264,115,131,107,15,8.793975107693987,53,266,185,0.3053462593290836,66,17,77
31,19,8,0.6598790187437178,8,21,9,0.9517861911891908,173,202,169,24,5.866334920227687,77,397,254,0.3125599129309408,83,15,124
253,10,2,0.5618438391370213,2,21,13,0.971206637022996,102,132,118,19,9.829138558397316,66,242,163,0.3133956731339916,74,15,66
185,61,11,0.5828629106030689,11,14,16,0.4267910207293268,118,155,134,14,6.166463460277039,82,307,205,0.342548381981872,103,10,72
104,11,6,0.5984376748849496,6,18,10,0.5213666634233167,80,83,75,15,8.556881896418789,31,162,110,0.2611816482762166,38,15,52
204,1,2,0.5505438057726416,2,15,7,0.9665254318953748,72,77,61,11,6.63227608348378,36,202,119,0.4214779464582641,46,10,41
57,53,8,0.3281208175108706,8,20,24,0.5262377490524789,252,274,217,46,8.165720535408386,103,542,364,0.3219480014508162,104,14,170
372,272,14,0.4030631996618237,14,18,32,0.901411733001092,569,616,447,54,6.426035434786068,271,1348,871,0.45671968257014,297,13,345
98,52,12,0.8,12,15,18,0.6751689011973178,108,125,100,22,7.644068874589772,70,273,182,0.3044407643054949,86,12,54
6,2,2,0.467246821730808,2,18,8,0.9213216903394672,33,45,40,19,8.206066045318689,24,101,60,0.4701740465192424,30,13,21
624,379,21,0.4260743764991865,21,16,28,0.5485071040115888,488,557,367,23,4.696390920682568,209,1519,859,0.6589827137143468,261,9,348
714,429,40,0.4404309453811588,40,20,49,0.4549284587266172,934,961,703,56,7.60833738509131,377,2177,1407,0.4049937414282859,433,15,584
361,903,15,0.5662307133800757,15,17,17,0.6987906354331496,150,172,133,30,6.358021073772653,71,406,245,0.3975553276476772,88,11,101
695,553,13,0.4906602623783798,13,19,20,0.7184164698493822,332,338,255,28,7.36935237416256,124,721,515,0.2675036426387981,172,15,214
670,189,26,0.3334915809666551,26,15,21,0.7730572966928182,225,254,182,20,4.753772583034519,114,668,384,0.5900949485799932,140,9,139
553,271,18,0.4483000936171339,18,9,18,0.435409187771692,189,269,223,14,3.732829147605528,152,644,357,0.5587382323088573,181,5,116
