COMM,ADEV,CountClassCoupled,Del_lines,MAJOR_COMMIT,Added_lines,CountLineCodeExe,CountSemicolon,CountLineCode,DDEV,CountStmt,CountLine,CountStmtExe,CountLineComment,AvgLine,CountOutput_Max,CountLineCodeDecl,CountOutput_Mean,CountStmtDecl,CountLineBlank
5,5,15,17,2,76,58,66,124,2,83,178,33,34,11,24,68,5.25,50,20
2,2,2,0,2,66,13,20,29,2,23,66,8,31,14,7,18,6.0,15,6
3,3,6,7,3,10,54,52,109,3,77,203,46,69,9,7,39,2.35714285714286,31,26
1,1,0,1,1,1,0,1,1,1,1,164,0,148,0,0,1,0.0,1,15
1,1,0,0,1,4,3,5,11,1,8,42,2,27,5,2,6,2.0,6,4
1,1,7,0,1,99,25,37,49,1,44,99,17,34,53,19,28,19.0,27,16
8,8,24,11,3,23,305,294,433,3,341,626,150,148,26,31,218,11.5,191,45
4,4,9,9,2,19,123,122,227,2,160,318,78,43,10,22,100,4.6,82,49
1,1,1,0,1,2,16,24,55,1,36,142,12,70,6,3,30,1.72727272727273,24,17
3,3,2,0,3,516,76,75,198,3,121,260,58,21,4,6,88,2.36111111111111,63,41
3,3,5,6,2,12,36,33,66,2,44,126,16,44,15,7,32,4.2,28,16
7,7,17,8,2,25,67,75,108,2,85,146,38,23,21,36,53,11.25,47,16
1,1,1,0,1,105,29,34,60,1,46,105,21,35,9,4,27,3.0,25,10
12,12,19,55,3,99,183,133,298,3,187,474,118,146,24,41,97,7.5625,69,33
3,3,2,1,2,112,37,36,74,2,57,107,32,20,10,7,22,4.66666666666667,25,13
3,3,5,11,3,35,113,113,180,3,133,246,60,38,11,11,93,4.8,73,30
4,4,8,3,2,283,48,63,106,2,81,144,28,22,7,9,58,4.22222222222222,53,16
1,1,1,0,1,4,2,4,12,1,8,46,2,28,4,2,7,1.66666666666667,6,6
1,1,2,118,1,0,42,38,75,1,53,118,29,33,10,9,27,3.42857142857143,24,10
1,1,0,0,1,3,22,22,42,1,32,69,17,20,7,5,15,2.4,15,8
3,3,7,8,1,157,47,40,109,1,66,150,28,20,6,8,45,3.35294117647059,38,21
1,1,7,0,1,268,92,104,196,1,144,268,67,41,8,14,93,3.63157894736842,77,31
0,0,0,0,0,0,0,1,0,0,1,200,0,179,0,0,0,0.0,1,21
1,1,9,0,1,5,19,29,47,1,33,77,11,19,7,11,30,6.0,22,11
3,3,12,2,2,7,79,73,159,2,100,230,41,37,8,21,71,2.82352941176471,59,34
0,0,0,0,0,0,1,2,8,0,4,28,1,17,3,1,5,1.0,3,3
2,2,19,1,1,264,100,117,177,1,141,261,68,51,18,38,84,8.0,73,33
3,3,0,5,1,31,49,49,104,1,77,200,41,72,6,7,39,3.21052631578947,36,24
1,1,0,0,1,4,1,3,7,1,5,29,1,19,3,1,4,1.0,4,3
5,5,12,28,2,41,49,50,89,2,66,157,30,57,18,18,37,10.5,36,11
1,1,0,0,1,3,13,19,44,1,29,75,13,19,3,5,21,1.875,16,12
4,4,17,4,2,10,59,80,108,2,86,173,43,40,21,27,50,10.25,43,25
2,2,11,0,2,12,65,65,127,2,91,179,50,40,14,12,48,5.5,41,12
2,2,2,2,2,8,169,158,234,2,189,298,107,36,16,7,86,4.6,82,31
3,3,7,4,2,6,72,69,135,2,96,221,41,59,10,12,59,5.0,55,27
1,1,2,0,1,5,20,17,38,1,22,75,6,37,18,8,28,8.0,16,9
1,1,0,0,1,3,1,4,10,1,5,32,1,20,1,2,7,1.33333333333333,4,2
2,2,10,346,1,5,164,164,251,1,204,346,108,51,17,16,98,6.21428571428571,96,45
1,1,13,0,1,2,122,111,221,1,169,353,86,102,11,29,81,6.14285714285714,83,30
7,7,22,23,3,47,88,105,168,3,129,221,45,27,14,30,92,7.55555555555556,84,27
1,1,2,0,1,2,36,44,88,1,62,129,32,25,5,6,38,3.25,30,16
1,1,0,0,1,3,5,12,18,1,14,42,2,20,7,3,13,3.0,12,4
2,2,8,3,1,5,49,64,82,1,72,121,37,19,23,22,38,11.6666666666667,35,20
15,15,22,49,3,97,110,107,182,3,129,268,52,49,17,26,92,8.7,77,38
0,0,3,0,0,0,36,47,70,0,56,148,20,62,24,10,40,7.66666666666667,36,16
0,0,0,0,0,0,0,1,1,0,1,367,0,344,0,0,1,0.0,1,22
2,2,2,5,2,2,0,15,22,2,16,96,0,62,6,1,21,0.375,16,12
14,14,22,32,4,52,168,164,263,4,192,371,74,59,22,23,144,8.8,118,52
0,0,2,0,0,0,17,18,29,0,26,67,9,33,15,10,16,7.0,17,5
0,0,3,0,0,0,17,31,59,0,40,105,11,33,8,7,39,2.6,29,13
0,0,6,0,0,0,40,52,83,0,65,188,27,94,15,9,43,3.0,38,11
7,7,26,61,4,62,275,239,375,4,290,553,182,103,22,60,104,8.90476190476191,108,77
1,1,0,0,1,3,0,4,5,1,5,60,0,51,8,1,5,1.0,5,4
61,61,78,639,4,1323,702,573,1210,8,815,1766,513,393,15,50,389,5.58510638297872,302,168
1,1,11,0,1,5,152,132,198,1,151,336,80,98,22,15,76,5.07692307692308,71,40
1,1,3,75,1,150,352,275,583,1,406,707,286,44,9,16,135,3.03389830508475,120,92
1,1,1,0,1,2,16,34,67,1,46,125,14,38,3,3,38,1.78571428571429,32,20
1,1,0,0,1,99,24,23,45,1,31,99,14,47,14,4,19,3.75,17,7
4,4,10,4,2,11,135,148,205,2,171,259,71,35,15,12,111,6.53846153846154,100,19
1,1,1,0,1,4,0,5,7,1,6,49,0,35,6,1,6,0.5,6,7
3,3,6,118,1,239,35,45,75,1,58,121,33,31,9,8,30,4.85714285714286,25,16
1,1,0,0,1,5,12,12,26,1,19,75,8,43,10,4,12,2.75,11,6
1,1,5,0,1,5,31,34,59,1,50,137,19,65,22,7,27,5.25,31,13
5,5,15,33,2,333,66,68,101,2,76,160,35,31,18,19,46,7.2,41,28
4,4,25,5,2,43,192,190,322,2,235,431,117,52,15,25,142,8.2,118,57
3,3,4,2,3,6,21,21,48,3,33,84,13,31,40,14,25,14.0,20,5
7,7,13,66,3,147,72,94,214,3,133,362,51,88,5,14,115,2.5,82,60
3,3,15,152,2,157,326,329,451,2,367,533,226,26,15,21,174,8.03703703703704,141,59
0,0,2,0,0,0,39,48,88,0,71,151,40,43,5,8,36,3.0,31,20
1,1,5,0,1,118,17,38,78,1,51,118,15,18,3,11,49,2.09090909090909,36,22
5,5,3,14,2,34,32,36,103,2,54,259,22,152,6,8,58,1.82352941176471,32,28
1,1,7,0,1,5,23,30,38,1,32,86,14,39,33,7,22,7.0,18,9
3,3,14,20,2,16,77,57,128,2,76,266,37,107,17,17,57,4.6,39,31
1,1,4,0,1,2,31,42,85,1,60,198,27,91,7,12,41,3.33333333333333,33,22
10,10,22,39,3,112,191,189,375,3,241,535,95,100,10,34,202,3.95,146,60
2,2,0,6,1,8,0,5,6,1,6,47,0,39,6,1,6,1.0,6,2
1,1,13,0,1,2,17,28,52,1,31,88,3,25,4,6,44,4.0,28,11
1,1,0,0,1,5,7,8,18,1,13,62,5,39,7,3,8,1.75,8,5
3,3,10,10,2,10,110,123,157,2,135,238,70,44,24,20,69,10.5714285714286,65,37
1,1,0,0,1,3,0,2,6,1,2,29,0,19,0,1,5,1.0,2,4
3,3,1,2,2,16,16,23,45,2,33,96,12,39,4,6,22,2.22222222222222,21,12
0,0,5,0,0,0,19,25,39,0,30,79,8,30,20,14,26,7.5,22,10
1,1,2,138,1,0,30,31,70,1,45,138,21,52,8,5,32,2.9,24,16
1,1,4,0,1,5,32,37,64,1,45,101,16,19,5,13,34,4.57142857142857,29,18
1,1,4,0,1,4,17,15,38,1,24,104,11,56,12,12,17,4.2,13,10
10,10,17,38,4,382,69,91,129,4,104,171,35,22,28,38,76,14.6666666666667,69,20
1,1,3,0,1,2,0,8,9,1,9,49,0,35,4,1,9,1.0,9,5
3,3,3,2,2,16,17,23,52,2,34,96,13,29,3,6,27,2.2,21,15
4,4,7,16,2,34,52,59,82,2,65,113,40,19,13,19,32,4.6,25,12
4,4,26,1215,2,235,656,589,914,2,684,1199,409,117,17,31,316,4.93421052631579,275,168
1,1,5,0,1,2,34,40,79,1,58,159,25,62,7,18,37,4.09090909090909,33,18
15,15,14,174,4,403,277,273,399,4,311,507,192,38,16,19,141,8.28,119,71
1,1,9,0,1,5,246,186,373,1,257,513,115,99,16,16,151,6.19047619047619,142,41
2,2,0,5,1,6,56,60,65,1,61,262,0,152,0,0,65,0.0,61,45
3,3,14,14,3,20,125,118,206,3,149,286,79,58,25,18,81,9.5,70,22
11,11,9,253,5,603,301,259,488,5,358,921,220,350,13,34,156,4.37254901960784,138,83
10,10,21,41,5,50,215,181,348,5,247,526,152,142,18,23,104,6.91304347826087,95,36
15,15,21,120,5,260,618,468,952,5,660,1366,401,301,20,39,300,6.37037037037037,259,121
5,5,20,23,4,45,348,290,564,4,394,808,250,197,22,32,152,7.31034482758621,144,47
1,1,0,0,1,2,38,44,76,1,59,110,33,24,8,7,30,2.85714285714286,26,10
0,0,8,0,0,0,24,26,51,0,36,90,18,32,20,9,20,7.5,18,7
1,1,0,39,1,0,4,6,14,1,10,39,3,20,3,3,7,2.33333333333333,7,5
1,1,4,0,1,5,35,42,75,1,53,115,20,19,4,7,39,3.3,33,21
1,1,0,0,1,46,0,4,6,1,5,43,0,32,5,1,5,1.0,5,5
1,1,4,0,1,233,74,64,115,1,81,233,39,101,29,18,50,5.16666666666667,42,23
1,1,8,0,1,188,65,65,109,1,83,188,41,60,20,12,48,5.57142857142857,42,19
9,9,20,632,5,89,1,81,131,5,82,626,0,440,9,1,130,0.708333333333333,82,55
6,6,22,208,2,295,204,222,310,2,254,459,156,89,19,16,115,6.10526315789474,98,60
3,3,1,1,2,146,23,35,48,2,43,74,16,16,9,6,28,5.33333333333333,27,10
2,2,11,18,2,326,334,185,554,2,366,624,254,29,15,7,106,5.0,112,41
8,8,16,20,4,46,303,263,509,4,372,956,224,349,16,21,161,6.17073170731707,148,99
1,1,2,114,1,0,38,37,78,1,51,114,24,22,6,7,31,2.9,27,14
4,4,2,356,2,979,136,152,226,2,188,313,103,50,14,11,90,3.93333333333333,85,37
1,1,4,0,1,5,21,25,32,1,27,62,16,23,25,7,14,7.0,11,7
1,1,4,0,1,5,45,42,84,1,52,136,27,34,42,17,32,10.5,25,20
6,6,18,15,3,26,128,124,199,3,143,298,67,53,17,19,94,5.75,76,46
1,1,1,0,1,3,1,4,8,1,6,32,1,19,3,3,5,3.0,5,5
1,1,2,0,1,4,107,109,209,1,148,456,70,216,14,9,93,3.80769230769231,78,33
5,5,21,5,3,16,110,110,206,3,154,327,77,105,16,17,93,5.73333333333333,77,20
8,8,14,47,3,251,125,128,198,3,150,302,75,79,19,15,92,6.90909090909091,75,25
1,1,0,0,1,2,4,9,16,1,13,42,4,21,4,4,9,2.5,9,5
3,3,3,2,2,18,27,31,68,2,43,115,19,33,6,6,27,2.4,24,14
1,1,16,0,1,2,221,197,338,1,271,413,167,41,20,16,93,9.0,104,34
2,2,4,2,2,9,178,161,340,2,236,651,131,233,10,10,134,2.8,105,78
1,1,0,0,1,3,0,2,4,1,3,36,0,30,9,1,3,1.0,3,2
1,1,2,0,1,5,48,50,72,1,58,111,37,23,33,13,27,9.5,21,16
0,0,3,0,0,0,411,327,732,0,475,805,300,22,6,19,236,3.15463917525773,175,51
1,1,0,1,1,2,9,11,25,1,15,50,6,18,4,2,11,1.2,9,7
1,1,3,0,1,2,15,20,34,1,27,61,9,19,7,7,18,4.33333333333333,18,8
1,1,0,0,1,3,0,4,7,1,5,44,0,33,5,1,6,1.0,5,4
2,2,15,111,1,873,293,279,487,1,353,806,175,231,15,27,204,5.11111111111111,178,95
2,2,4,0,2,45,225,210,314,2,240,398,113,36,13,10,159,7.81818181818182,127,49
2,2,0,1,1,3,6,10,20,1,14,52,4,23,6,4,13,2.5,10,9
1,1,7,0,1,5,11,18,32,1,21,62,4,22,9,9,24,6.5,17,8
1,1,4,0,1,87,25,38,57,1,44,86,11,20,7,7,41,3.4,33,9
2,2,0,1,2,82,59,65,118,2,95,196,45,49,4,13,49,2.79166666666667,50,29
1,1,1,0,1,49,0,5,7,1,6,49,0,38,5,1,6,0.5,6,4
3,3,2,2,2,16,21,26,55,2,39,97,16,28,4,6,25,2.33333333333333,23,15
2,2,0,63,1,327,0,1,1,1,1,264,0,247,0,0,1,0.0,1,16
5,5,37,2,2,8,628,432,772,2,483,998,310,143,56,32,346,12.2,173,86
1,1,1,0,1,2,11,19,39,1,26,95,7,39,5,4,26,1.6,19,17
0,0,2,0,0,0,2,3,9,0,6,36,2,24,3,1,4,1.0,4,3
2,2,8,1,2,6,34,41,60,2,45,102,22,29,17,18,30,6.66666666666667,23,13
2,2,17,0,1,6,100,109,155,1,125,250,73,61,24,15,63,7.28571428571429,52,34
2,2,2,0,2,410,86,77,140,2,97,205,39,30,10,8,64,2.83333333333333,58,35
3,3,6,108,2,91,216,137,384,2,200,1020,111,590,28,20,160,5.06451612903226,89,46
25,25,46,734,5,1289,766,523,1291,6,808,1840,502,406,18,42,390,5.17647058823529,306,145
1,1,0,0,1,37,6,3,14,1,10,37,5,22,11,4,3,4.0,5,1
2,2,1,6,2,186,48,47,118,2,74,183,40,43,6,6,47,2.0,34,23
6,6,12,16,4,58,167,172,230,4,198,346,155,79,137,13,48,7.5,43,37
5,5,29,4,3,208,428,422,596,3,508,803,335,122,43,36,169,13.8125,173,87
3,3,5,3,1,16,21,22,40,1,26,81,9,32,14,14,21,5.33333333333333,17,9
1,1,0,0,1,4,10,14,30,1,21,110,7,69,9,4,15,2.14285714285714,14,11
1,1,2,0,1,39,3,9,15,1,11,39,2,20,5,3,11,3.0,9,4
3,3,23,5,3,101,348,352,471,3,388,611,170,39,21,23,244,11.6363636363636,218,102
1,1,0,0,1,4,9,13,22,1,17,67,5,39,14,5,12,3.5,12,6
15,15,27,121,6,310,303,310,422,6,369,620,209,132,20,41,154,8.64,160,72
2,2,18,0,1,146,60,70,96,1,78,146,34,32,44,33,50,22.5,44,18
4,4,6,19,2,374,43,37,92,2,57,180,28,66,8,6,34,2.83333333333333,29,22
3,3,2,1,3,39,0,16,20,3,17,124,0,90,7,1,19,0.818181818181818,17,14
1,1,4,0,1,5,24,33,70,1,44,115,13,31,4,4,42,1.77777777777778,31,14
2,2,11,1,2,4,44,44,89,2,65,127,31,26,12,28,33,5.66666666666667,34,12
1,1,0,0,1,5,0,2,4,1,3,36,0,30,6,1,3,1.0,3,2
1,1,0,0,1,2,3,5,10,1,8,41,2,26,5,2,6,2.0,6,5
6,6,3,30,2,65,74,51,129,2,82,225,55,79,14,7,33,3.90909090909091,27,17
1,1,4,0,1,5,38,40,74,1,50,112,16,19,5,10,41,4.0,34,19
5,5,15,166,4,197,77,75,142,4,96,190,46,35,17,20,59,7.57142857142857,50,13
3,3,5,12,2,75,97,92,192,2,133,327,82,104,9,14,60,2.5,51,31
2,2,14,2,2,290,117,131,196,2,153,288,65,63,26,25,102,8.14285714285714,88,32
0,0,6,0,0,0,46,58,85,0,71,154,29,61,16,11,45,8.25,42,8
0,0,0,0,0,0,0,1,3,0,2,37,0,32,0,0,2,0.0,2,2
1,1,4,4,1,15,6,13,21,1,18,54,6,27,4,2,12,2.0,12,6
4,4,10,3,2,9,61,64,112,2,81,177,47,40,10,18,39,4.8,34,26
2,2,3,127,2,256,145,128,295,2,201,387,117,33,6,9,94,2.23684210526316,84,62
3,3,14,11,2,49,443,443,493,2,463,761,345,139,49,30,130,17.5,118,130
3,3,0,0,2,42,0,8,10,2,9,66,0,51,7,1,9,0.666666666666667,9,5
1,1,2,0,1,2,25,27,56,1,38,121,16,52,7,13,25,3.2,22,13
2,2,7,3,2,8,51,53,79,2,66,130,33,26,28,8,36,7.33333333333333,33,25
2,2,1,78,1,2,1,11,19,1,12,76,0,51,8,1,18,0.333333333333333,12,6
1,1,21,0,1,5,122,140,182,1,160,256,90,37,34,22,72,13.0,70,37
1,1,2,0,1,5,8,7,22,1,14,75,6,46,8,3,8,1.6,8,7
7,7,5,73,4,82,1,34,48,4,35,269,0,191,7,1,47,0.347826086956522,35,30
1,1,3,0,1,693,219,212,383,1,295,693,175,239,9,22,126,3.04,120,71
3,3,4,3,1,9,73,53,123,1,81,175,57,37,14,15,27,6.375,24,15
1,1,7,0,1,5,28,27,42,1,29,74,16,21,35,9,18,9.0,13,11
7,7,9,2,4,99,253,214,329,4,253,436,126,68,20,11,148,5.61111111111111,127,41
1,1,2,0,1,4,0,13,22,1,15,166,0,131,7,1,20,0.818181818181818,15,13
3,3,3,8,1,4,0,12,24,1,13,56,0,24,2,1,23,0.75,13,8
7,7,18,18,3,46,211,178,350,3,239,458,114,46,16,23,135,6.31578947368421,125,63
0,0,0,0,0,0,0,1,1,0,1,35,0,32,0,0,1,0.0,1,2
17,17,14,324,3,596,220,239,320,3,267,558,148,160,17,25,140,6.36,119,78
1,1,0,0,1,2,23,29,53,1,39,86,18,23,5,6,23,3.0,21,10
3,3,14,8,2,13,123,140,222,2,171,320,96,46,11,32,94,4.10526315789474,75,52
8,8,4,99,3,292,33,32,65,3,41,95,22,20,10,12,27,4.85714285714286,19,10
3,3,13,2,2,17,73,78,120,2,94,190,47,60,20,15,52,7.16666666666667,47,10
7,7,5,74,3,264,10,14,46,3,25,80,9,20,3,3,26,1.33333333333333,16,14
6,6,16,106,2,130,134,134,214,2,157,283,64,32,15,38,108,6.69230769230769,93,38
0,0,1,0,0,0,2,5,11,0,8,46,2,31,5,2,6,2.0,6,4
3,3,14,30,1,38,55,68,114,1,80,186,24,50,15,10,66,5.11111111111111,56,22
3,3,16,1,2,516,102,128,206,2,168,262,78,24,8,12,94,4.47368421052632,90,32
1,1,7,9,1,413,1426,1182,2606,1,1719,2876,1173,87,6,43,724,3.06084656084656,546,183
5,5,17,89,3,169,104,105,154,3,134,200,61,18,48,33,73,22.3333333333333,73,28
1,1,0,0,1,5,4,6,13,1,10,52,3,33,6,1,7,1.0,7,6
1,1,5,0,1,5,42,44,84,1,55,124,19,19,4,13,43,4.0,36,21
1,1,9,108,1,0,31,35,72,1,48,108,20,22,12,8,36,4.75,28,14
1,1,13,0,1,2,306,254,456,1,333,615,195,106,12,13,139,4.79411764705882,138,53
2,2,5,7,2,168,50,59,81,2,68,129,28,24,19,17,43,11.0,40,24
0,0,5,0,0,0,177,170,289,0,223,443,110,132,20,22,122,7.625,113,29
11,11,20,56,4,100,153,149,221,4,173,334,76,53,27,56,113,9.77777777777778,97,61
6,6,15,9,2,37,218,183,457,2,281,703,146,164,8,30,184,3.20689655172414,135,82
1,1,9,0,1,1,68,57,135,1,81,275,43,124,18,14,56,5.16666666666667,38,16
6,6,4,8,3,47,144,137,250,3,192,463,111,180,12,20,83,3.67857142857143,81,33
6,6,15,9,3,25,95,93,156,3,122,234,68,52,20,24,56,7.875,54,26
1,1,3,66,1,144,287,227,493,1,342,608,233,42,8,14,121,2.96153846153846,109,82
2,2,4,0,1,135,40,42,84,1,55,127,21,23,6,14,43,2.27272727272727,34,24
1,1,3,0,1,5,39,44,70,1,52,112,18,28,12,5,37,4.33333333333333,34,14
0,0,0,0,0,0,0,1,1,0,1,186,0,164,0,0,1,0.0,1,21
5,5,9,20,1,87,29,30,61,1,41,146,19,79,25,16,28,8.0,22,6
7,7,10,11,4,108,84,77,109,4,84,160,55,28,19,14,34,9.0,29,23
0,0,6,0,0,0,120,112,255,0,165,349,72,42,6,7,108,2.86111111111111,93,54
1,1,1,0,1,154,48,49,94,1,67,154,31,36,12,15,35,5.375,36,24
1,1,0,0,1,4,1,6,26,1,13,58,1,22,2,1,18,0.166666666666667,12,10
1,1,1,0,1,38,0,2,9,1,5,38,0,26,3,0,6,0.0,5,3
3,3,2,0,3,25,7,12,35,3,19,69,6,25,4,3,21,1.33333333333333,13,9
1,1,0,0,1,3,15,19,51,1,35,97,15,27,2,2,20,1.25,20,19
3,3,3,25,2,31,34,33,58,2,41,98,10,28,6,9,41,4.25,31,12
1,1,0,0,1,166,34,38,70,1,55,166,25,76,10,4,29,2.27272727272727,30,20
4,4,6,1,1,6,26,33,66,1,44,107,22,32,5,9,31,3.33333333333333,22,9
2,2,3,4,2,7,3,6,17,2,9,44,2,24,5,2,11,2.0,7,3
16,16,12,156,5,777,806,655,1286,5,909,1783,588,377,17,37,373,6.21518987341772,321,175
6,6,15,9,3,322,49,71,110,3,86,153,33,20,7,16,62,4.55555555555556,53,23
4,4,20,3,2,17,160,164,256,2,194,363,89,81,19,21,131,8.78571428571429,105,26
6,6,14,89,2,93,164,158,240,2,206,296,107,19,78,37,93,25.0,99,37
1,1,0,0,1,3,0,2,4,1,3,33,0,27,6,1,3,1.0,3,2
3,3,3,3,1,67,91,76,155,1,107,227,59,53,20,15,50,7.0,48,19
15,15,28,337,3,342,461,417,557,3,474,1025,311,328,119,77,168,24.625,163,140
2,2,11,1,2,49,103,116,226,2,149,395,73,134,14,18,118,3.84210526315789,76,36
1,1,0,0,1,2,30,29,64,1,41,138,19,64,12,9,29,3.14285714285714,22,10
2,2,4,97,1,194,367,290,615,1,431,748,301,54,9,22,139,3.39655172413793,130,93
5,5,9,10,4,364,98,75,173,4,100,354,40,141,11,13,75,3.44444444444444,60,41
1,1,1,0,1,2,6,8,13,1,11,40,5,23,10,4,6,4.0,6,4
5,5,0,28,3,87,2,3,7,3,5,28,1,19,3,1,4,1.0,4,2
9,9,16,14,2,18,55,66,108,2,77,150,32,22,12,34,56,7.0,45,20
0,0,7,0,0,0,599,444,1152,0,690,1258,464,20,6,17,354,3.32911392405063,226,86
1,1,0,0,1,3,5,11,27,1,17,55,5,19,3,3,16,2.0,12,9
2,2,5,3,1,3,32,36,71,1,50,121,22,38,9,7,32,4.33333333333333,28,12
6,6,14,87,3,132,152,135,252,3,183,357,88,68,13,23,96,4.78947368421053,95,38
5,5,5,18,4,40,80,74,142,4,102,256,52,99,16,12,55,4.88888888888889,50,15
4,4,3,31,3,77,0,17,19,3,18,123,0,89,6,1,18,0.769230769230769,18,15
1,1,0,0,1,3,0,2,4,1,3,34,0,28,2,0,3,0.0,3,2
8,8,19,86,2,284,208,221,319,2,268,441,139,71,27,16,130,7.8,129,52
2,2,11,2,2,208,71,68,118,2,81,206,44,56,19,12,52,7.85714285714286,37,32
6,6,9,12,4,19,64,56,103,4,71,144,38,28,17,17,37,7.2,33,17
8,8,14,63,2,101,159,150,242,2,187,322,91,48,9,31,102,5.84,96,32
4,4,7,7,3,19,12,19,35,3,25,66,8,24,8,7,21,5.33333333333333,17,7
4,4,4,27,3,61,26,33,82,3,53,138,22,35,4,3,41,1.5625,31,22
6,6,14,10,5,10,290,247,449,5,352,768,191,263,33,42,169,6.15789473684211,161,60
4,4,6,29,2,36,0,16,19,2,17,81,0,52,4,1,18,0.75,17,10
2,2,8,161,2,9,77,66,112,2,72,155,39,26,18,7,35,3.8,33,17
3,3,1,0,3,364,61,68,118,3,90,181,42,33,7,8,50,2.2,48,30
1,1,1,0,1,3,9,12,22,1,16,71,5,42,9,2,14,2.0,11,7
1,1,0,0,1,3,0,3,4,1,4,34,0,26,5,0,4,0.0,4,4
5,5,20,3,2,36,162,156,234,2,186,333,93,67,20,29,101,11.75,93,32
1,1,2,0,1,4,5,13,32,1,19,77,4,35,3,2,23,1.0,15,10
44,44,52,483,3,800,941,697,1454,8,977,2316,588,671,20,61,446,7.34408602150538,389,196
0,0,0,0,0,0,0,1,3,0,2,34,0,29,0,0,2,0.0,2,2
2,2,6,1,1,4,37,51,98,1,68,209,26,90,13,13,58,3.0,42,21
1,1,0,0,1,2,43,44,89,1,64,148,38,41,8,6,36,2.7,26,18
3,3,3,8,2,11,32,45,74,2,57,127,28,42,7,11,32,3.875,29,11
1,1,3,0,1,2,39,48,90,1,64,195,31,84,8,6,43,2.35714285714286,33,21
2,2,2,1,2,2,16,27,41,2,32,81,10,34,9,9,26,4.66666666666667,22,6
3,3,4,10,3,2,0,19,23,3,20,74,0,35,2,1,22,0.333333333333333,20,16
2,2,2,1,2,77,75,69,122,2,101,236,46,91,18,11,50,4.625,55,23
8,8,1,169,3,532,0,20,30,3,22,160,0,115,7,1,28,0.769230769230769,22,15
3,3,19,28,1,37,66,63,108,1,71,178,26,57,21,50,51,11.0,45,13
2,2,12,149,2,3,49,72,111,2,84,148,26,22,9,12,67,5.33333333333333,58,15
1,1,1,0,1,4,4,7,14,1,11,49,3,30,5,3,8,1.66666666666667,8,5
1,1,4,0,1,4,3,8,19,1,11,66,2,41,14,1,13,1.0,9,6
3,3,9,2,2,48,169,134,237,2,167,277,84,25,27,18,102,14.625,83,15
1,1,6,1,1,3,58,67,88,1,78,129,32,27,28,21,46,9.66666666666667,46,14
1,1,1,0,1,2,14,20,36,1,27,82,9,38,10,6,19,3.0,18,8
2,2,4,0,2,3,14,28,48,2,34,102,12,42,9,11,29,4.0,22,12
5,5,3,8,2,31,74,74,147,2,111,263,69,94,11,11,45,3.23529411764706,42,22
1,1,6,0,1,4,81,73,119,1,93,188,60,55,20,9,32,5.28571428571429,33,14
2,2,5,18,2,217,0,32,67,2,33,292,0,191,6,1,66,0.0344827586206897,33,34
1,1,0,0,1,5,28,17,41,1,32,78,25,33,24,5,7,4.0,7,4
1,1,1,0,1,88,13,14,38,1,23,88,11,39,6,6,17,2.85714285714286,12,11
12,12,11,203,2,547,379,309,682,2,459,1100,279,351,14,21,212,4.67241379310345,180,110
4,4,2,1,3,158,34,35,51,3,38,83,20,18,22,8,22,6.5,18,14
1,1,0,0,1,5,4,6,14,1,10,49,3,31,6,1,7,1.0,7,4
1,1,1,0,1,3,0,2,3,1,3,32,0,27,6,0,3,0.0,3,2
7,7,21,20,5,55,128,148,270,5,192,359,91,40,7,28,129,3.375,101,49
52,52,45,541,4,1386,1408,919,2174,8,1409,3376,942,988,19,41,550,5.65771812080537,467,226
1,1,1,0,1,4,29,30,63,1,41,166,18,92,21,8,24,3.0,23,11
1,1,4,0,1,5,45,51,75,1,58,104,18,17,9,8,50,5.16666666666667,40,12
1,1,2,0,1,2,12,16,38,1,25,105,10,57,7,4,17,2.0,15,10
13,13,15,170,4,131,231,192,454,4,284,728,150,205,10,13,169,3.11764705882353,134,70
1,1,14,0,1,5,72,94,119,1,101,176,44,19,18,21,65,9.2,57,38
0,0,2,0,0,0,21,37,90,0,57,136,18,25,3,4,54,1.33333333333333,39,21
1,1,6,0,1,5,34,43,70,1,53,108,19,22,6,7,38,3.42857142857143,34,16
1,1,1,0,1,3,5,7,14,1,10,37,3,19,4,3,7,2.5,7,4
2,2,7,1,2,3,79,80,160,2,106,277,56,70,11,15,67,4.06666666666667,50,47
2,2,0,0,2,248,64,59,122,2,91,246,50,102,9,7,47,2.2,41,24
2,2,33,0,1,12,364,345,553,1,399,672,215,25,14,11,264,5.75675675675676,184,94
1,1,4,0,1,5,27,31,44,1,36,72,17,19,6,3,22,1.5,19,9
1,1,3,295,1,0,100,67,174,1,107,295,73,89,14,9,42,3.6875,34,32
22,22,67,1973,4,2476,2267,2054,2802,6,2374,3642,1360,393,35,31,1010,13.1789473684211,1014,455
1,1,0,0,1,4,0,4,7,1,5,37,0,27,0,0,6,0.0,5,3
1,1,7,0,1,4,40,46,87,1,65,180,30,81,19,10,40,4.33333333333333,35,12
4,4,11,24,4,37,133,120,196,4,142,287,78,43,43,19,72,13.2,64,48
1,1,0,0,1,4,3,5,10,1,8,42,2,28,6,2,6,2.0,6,4
0,0,0,0,0,0,49,41,83,0,67,198,44,89,15,3,22,2.2,23,26
2,2,11,0,2,5,38,51,79,2,60,114,21,24,16,26,42,11.6666666666667,39,11
2,2,16,0,1,14,145,149,200,1,179,257,82,18,50,32,98,23.25,97,39
1,1,2,0,1,5,23,27,44,1,31,79,11,24,14,10,26,8.0,20,11
1,1,4,0,1,4,15,17,41,1,27,92,11,39,5,4,21,2.0,16,12
1,1,4,0,1,5,37,40,60,1,46,109,24,31,17,12,27,7.75,22,18
2,2,0,169,2,169,0,0,0,2,0,0,0,0,0,0,0,0.0,0,0
3,3,1,6,2,66,16,12,30,2,19,60,8,23,8,4,13,2.0,11,7
1,1,7,0,1,142,49,62,93,1,78,141,34,36,15,14,45,6.6,44,13
3,3,6,0,2,24,74,66,150,2,96,250,48,71,9,11,62,3.15789473684211,48,29
1,1,1,47,1,0,6,8,24,1,15,47,5,17,7,4,12,2.5,10,6
4,4,20,12,1,108,347,280,457,1,339,629,187,98,43,35,174,16.1666666666667,152,74
1,1,0,0,1,2,2,8,12,1,10,45,2,28,9,4,8,4.0,8,5
2,2,11,7,2,19,79,78,157,2,107,229,52,49,9,17,59,3.94117647058824,55,25
1,1,0,0,1,4,3,5,11,1,8,36,2,22,4,2,6,2.0,6,3
1,1,4,0,1,5,46,59,70,1,62,114,40,26,33,14,27,13.0,22,18
2,2,30,5,2,49,563,535,1003,2,722,1337,369,171,8,20,396,3.75,353,163
3,3,21,4,3,22,87,123,183,3,141,265,59,27,10,33,101,5.15384615384615,82,57
1,1,0,0,1,5,3,5,11,1,8,43,2,28,5,1,6,1.0,6,4
1,1,5,164,1,0,62,50,116,1,74,164,38,36,13,10,45,6.0,36,12
4,4,18,7,2,13,255,238,333,2,284,415,204,43,31,45,84,8.0,80,40
0,0,5,0,0,0,14,21,51,0,35,138,13,68,6,2,24,1.46153846153846,22,19
8,8,5,65,1,143,17,21,39,1,30,107,12,62,12,7,20,3.8,18,6
7,7,27,85,4,107,313,271,540,4,387,656,220,53,10,19,188,4.12765957446809,167,64
1,1,0,0,1,6,1,3,7,1,5,34,1,23,3,1,4,1.0,4,4
1,1,4,0,1,5,63,47,98,1,57,140,31,21,13,7,39,4.0,26,21
1,1,3,40,1,104,146,127,294,1,201,385,117,33,6,9,93,2.27027027027027,84,61
0,0,3,0,0,0,5,11,27,0,15,75,3,41,11,1,19,1.0,12,7
3,3,4,8,1,23,13,15,34,1,22,86,8,46,11,4,16,2.5,14,6
3,3,17,2,2,4,119,136,190,2,162,276,67,60,16,26,98,10.2727272727273,95,27
9,9,14,217,3,590,67,71,134,3,89,196,30,42,15,16,73,6.875,59,20
1,1,1,0,1,4,14,16,48,1,29,124,12,62,6,5,24,1.1,17,14
6,6,5,17,4,100,543,468,894,4,672,1655,397,616,14,10,287,2.42424242424242,275,148
8,8,5,22,3,28,133,126,278,3,184,370,84,39,7,10,115,3.24324324324324,100,55
11,11,11,26,4,209,242,219,355,4,251,607,144,174,22,26,149,6.15384615384615,107,78
15,15,19,135,6,271,209,171,345,6,242,557,155,138,19,26,107,6.30434782608696,87,79
1,1,0,0,1,2,31,39,65,1,50,95,20,24,16,8,33,6.66666666666667,30,7
2,2,2,13,2,8,25,24,51,2,35,113,18,54,10,9,18,2.83333333333333,17,8
1,1,6,0,1,4,32,46,84,1,60,163,19,68,10,9,50,4.0,41,11
1,1,1,0,1,32,0,2,7,1,4,32,0,21,3,0,5,0.0,4,4
4,4,14,12,1,356,69,82,127,1,97,174,32,27,17,24,71,7.6,65,20
7,7,13,4,3,34,0,41,52,3,42,475,0,387,12,1,51,0.67741935483871,42,36
1,1,1,0,1,3,13,22,38,1,27,70,11,24,10,5,20,4.0,16,8
18,18,10,120,6,380,397,289,642,6,408,1176,269,466,20,14,189,4.96,139,68
1,1,4,0,1,5,30,38,71,1,49,112,18,19,4,7,38,3.4,31,22
4,4,8,4,2,10,33,47,73,2,56,121,21,28,9,18,43,4.66666666666667,35,20
2,2,2,0,1,105,42,39,62,1,47,98,19,19,21,10,34,5.66666666666667,28,17
5,5,4,18,3,216,20,20,52,3,30,98,12,36,6,5,23,2.25,18,10
2,2,4,83,1,170,304,247,529,1,369,648,249,45,9,19,128,3.18867924528302,120,85
1,1,4,0,1,5,46,59,70,1,62,114,40,26,33,14,27,13.0,22,18
1,1,2,0,1,2,0,19,20,1,20,145,0,122,7,1,20,1.0,20,3
3,3,4,212,2,438,247,207,453,2,314,560,201,39,8,16,120,3.06382978723404,113,78
0,0,0,0,0,0,0,1,3,0,2,38,0,33,0,0,2,0.0,2,2
2,2,10,1,2,13,55,61,111,2,76,150,34,24,14,27,55,8.0,42,15
1,1,2,0,1,4,34,41,88,1,57,196,28,90,9,6,39,2.21428571428571,29,18
2,2,4,2,1,7,23,29,55,1,40,100,13,37,9,9,29,3.5,27,8
1,1,0,156,1,0,48,51,112,1,75,156,38,20,4,9,44,2.26315789473684,37,24
29,29,24,621,3,839,527,403,834,7,567,1153,378,251,15,21,206,4.96491228070175,189,69
8,8,21,31,5,66,141,108,229,5,148,506,87,217,21,36,79,7.07142857142857,61,61
2,2,19,6,2,15,17,41,206,2,84,272,17,20,3,1,159,0.404761904761905,67,46
3,3,6,5,2,78,101,105,151,2,120,222,52,45,32,18,80,11.2,68,26
1,1,1,0,1,3,0,6,24,1,9,110,0,79,4,1,21,0.666666666666667,9,10
0,0,3,0,0,0,254,212,504,0,318,571,199,19,5,16,170,2.77215189873418,119,48
3,3,13,0,2,12,102,110,189,2,145,265,58,37,12,33,95,3.71428571428571,87,39
0,0,11,0,0,0,97,102,151,0,119,276,73,95,14,12,62,4.30769230769231,46,30
1,1,1,0,1,5,22,23,51,1,34,99,19,37,5,4,20,1.875,15,11
1,1,27,514,1,0,198,163,325,1,226,514,113,140,26,16,133,8.53333333333333,113,50
1,1,5,0,1,2,35,38,78,1,55,129,25,41,10,8,34,3.57142857142857,30,10
2,2,2,0,1,70,16,21,35,1,30,63,14,17,15,8,16,7.5,16,11
1,1,4,0,1,4,11,12,29,1,19,77,6,40,7,5,15,3.0,13,8
1,1,4,0,1,2,33,43,52,1,45,85,24,19,43,18,25,18.0,21,14
1,1,5,0,1,5,41,44,73,1,52,122,20,38,15,10,39,4.5,32,11
11,11,28,101,1,172,200,173,338,1,219,522,107,147,15,23,140,6.55555555555556,112,38
2,2,2,2,2,26,18,26,48,2,35,121,12,59,7,9,26,3.66666666666667,23,14
2,2,5,5,1,21,64,64,120,1,96,202,51,60,9,10,39,3.0,45,22
0,0,5,0,0,0,46,55,99,0,71,161,32,43,9,14,48,3.66666666666667,39,19
1,1,2,0,1,2,36,48,76,1,64,134,28,35,7,9,34,3.66666666666667,36,23
1,1,1,0,1,5,8,16,28,1,23,63,7,26,2,4,17,2.16666666666667,16,9
3,3,11,301,2,342,260,261,298,2,276,462,208,94,57,20,70,16.1428571428571,68,82
2,2,4,3,1,17,43,36,71,1,47,112,15,21,9,9,30,1.66666666666667,32,20
2,2,0,1,2,5,0,14,17,2,15,44,0,24,1,1,16,0.727272727272727,15,3
1,1,0,0,1,3,6,11,25,1,17,82,5,46,5,2,15,1.2,12,11
2,2,11,2,2,119,25,36,54,2,42,91,19,23,10,15,27,5.25,23,15
3,3,16,3,2,8,75,79,122,2,91,180,45,44,37,28,58,17.0,46,14
2,2,0,41,2,5,3,5,10,2,8,40,2,25,6,1,6,1.0,6,5
3,3,2,0,2,268,32,38,85,2,55,133,24,29,3,5,40,1.6,31,19
2,2,13,0,2,12,118,106,207,2,146,250,88,25,18,25,67,12.2222222222222,58,18
2,2,9,0,2,91,17,24,46,2,33,89,10,32,12,8,25,4.33333333333333,23,11
1,1,2,0,1,3,0,5,8,1,6,52,0,39,6,0,7,0.0,6,5
2,2,7,330,2,4,121,119,235,2,166,330,92,53,10,13,88,5.14285714285714,74,43
8,8,18,16,3,302,275,288,556,3,380,716,210,52,7,43,240,2.97014925373134,170,108
4,4,8,7,3,19,17,21,42,3,28,73,10,24,10,8,23,6.33333333333333,18,7
2,2,0,0,2,52,0,5,7,2,6,47,0,35,6,1,6,0.666666666666667,6,5
2,2,3,2,1,7,60,63,102,1,79,151,29,33,23,29,51,10.25,50,16
6,6,11,9,2,130,80,74,147,2,103,235,58,71,12,21,50,4.53846153846154,45,17
5,5,12,5,3,22,24,45,112,3,68,159,20,22,3,3,69,1.09090909090909,48,25
6,6,26,23,3,220,193,190,291,3,235,462,133,133,26,30,118,12.0,102,38
2,2,13,10,2,248,105,123,165,2,135,238,67,46,22,19,75,9.71428571428571,68,28
1,1,2,0,1,5,89,107,176,1,138,238,60,36,9,7,89,3.88235294117647,78,26
9,9,15,13,3,27,287,208,439,3,270,543,136,31,21,28,158,7.10526315789474,134,75
1,1,6,0,1,5,91,114,145,1,123,239,61,58,22,14,75,6.28571428571429,62,36
2,2,10,1,2,28,81,84,128,2,95,179,49,32,10,8,59,4.8,46,19
2,2,13,3,1,7,75,75,138,1,85,199,29,31,16,19,73,8.28571428571429,56,30
15,15,30,58,4,81,313,305,461,4,358,619,181,63,26,55,201,10.5,177,96
1,1,2,0,1,96,2,8,39,1,17,96,2,45,5,1,28,0.25,15,12
0,0,6,0,0,0,17,21,33,0,24,62,8,23,23,13,20,13.0,16,6
1,1,0,0,1,5,4,7,13,1,9,43,2,27,7,3,8,3.0,7,3
3,3,9,1,2,9,41,42,76,2,53,108,22,23,25,51,33,26.5,31,9
0,0,0,0,0,0,157,171,215,0,194,315,161,48,84,43,33,16.6666666666667,33,43
20,20,22,235,7,523,168,213,384,7,271,705,95,229,5,7,211,1.88732394366197,176,95
2,2,10,3,2,21,89,84,149,2,106,184,67,23,28,29,48,17.5,39,12
1,1,0,0,1,3,0,2,3,1,3,36,0,30,6,1,3,1.0,3,3
4,4,3,128,3,86,261,178,397,3,252,569,157,123,20,11,110,5.47826086956522,95,51
1,1,1,0,1,2,9,12,23,1,18,77,7,47,6,2,11,1.6,11,7
4,4,10,5,2,11,36,43,80,2,53,144,19,49,19,16,46,6.5,34,15
1,1,4,0,1,4,9,10,25,1,16,73,5,40,6,5,13,3.0,11,8
1,1,7,0,1,5,67,75,124,1,97,181,40,32,17,21,62,6.57142857142857,57,25
3,3,9,1,3,16,26,38,50,3,40,97,16,32,46,19,28,19.0,24,16
2,2,9,1,1,3,42,41,80,1,52,118,23,30,15,12,35,6.5,29,8
0,0,2,0,0,0,5,10,19,0,15,49,4,25,5,3,11,2.5,11,5
2,2,12,325,2,20,177,175,243,2,189,316,116,30,25,20,82,7.55555555555556,73,43
3,3,4,0,2,54,68,59,121,2,91,164,46,22,9,9,42,4.07692307692308,45,21
2,2,0,0,2,43,3,5,11,2,8,40,2,25,5,1,6,1.0,6,4
1,1,2,199,1,0,80,70,149,1,115,199,63,26,8,6,50,2.2,52,24
3,3,3,3,2,6,54,61,91,2,80,153,41,52,13,16,38,6.28571428571429,39,10
1,1,0,0,1,4,14,18,39,1,28,110,12,60,7,3,17,1.5,16,11
9,9,21,25,4,56,439,420,621,4,508,805,288,122,25,44,242,10.2692307692308,220,64
2,2,9,1,2,6,70,77,119,2,92,182,47,32,29,25,50,10.0,45,31
1,1,3,0,1,4,29,28,65,1,45,133,25,55,7,4,24,2.3,20,13
0,0,3,0,0,0,22,29,46,0,37,82,13,28,17,10,25,7.5,24,8
1,1,1,0,1,3,23,33,56,1,45,114,17,43,7,6,27,3.14285714285714,28,15
4,4,33,0,2,524,205,151,291,2,153,376,32,94,82,15,226,15.0,121,41
8,8,10,41,4,50,122,98,224,4,145,376,87,104,12,21,76,4.45454545454545,58,48
6,6,13,74,2,110,74,69,121,2,95,182,44,46,23,34,50,10.6,51,15
1,1,2,0,1,2,29,39,61,1,46,123,18,49,11,10,35,4.25,28,13
1,1,3,0,1,5,5,13,21,1,15,48,2,19,8,6,17,6.0,13,8
2,2,1,10,2,25,160,145,261,2,193,381,119,74,17,17,78,4.88235294117647,74,46
1,1,1,0,1,2,61,54,113,1,78,218,42,94,19,7,43,3.55555555555556,36,11
1,1,4,0,1,2,10,15,34,1,21,63,8,23,5,6,19,3.0,13,6
1,1,2,0,1,2,0,10,15,1,11,105,0,81,7,1,14,0.714285714285714,11,9
2,2,15,1,1,5,171,152,285,1,188,374,87,33,8,13,126,3.0,101,56
1,1,1,0,1,5,0,6,7,1,7,49,0,37,5,1,7,0.666666666666667,7,5
2,2,0,3,1,3,4,9,16,1,13,47,4,24,4,3,9,2.0,9,7
1,1,9,0,1,5,48,61,111,1,81,181,35,41,9,24,60,3.36363636363636,46,29
4,4,5,123,2,1226,149,146,252,2,191,339,103,29,10,14,92,3.91304347826087,88,58
1,1,0,0,1,5,3,4,10,1,7,35,2,22,4,2,5,2.0,5,3
1,1,1,0,1,5,0,4,10,1,5,54,0,39,9,1,9,1.0,5,5
7,7,18,25,2,58,167,164,284,2,209,400,89,68,17,18,126,6.25,120,49
10,10,16,35,5,260,123,133,174,5,139,222,68,21,29,35,80,12.2,71,27
2,2,10,29,2,75,57,63,117,2,84,205,42,69,10,12,43,2.5,42,20
2,2,3,9,2,14,54,55,88,2,71,136,36,30,26,9,35,6.5,35,18
4,4,9,26,3,42,120,102,223,3,140,344,73,78,11,16,79,4.71428571428571,67,43
1,1,1,0,1,4,10,15,34,1,22,84,8,39,4,5,18,3.0,14,11
2,2,1,3,2,14,21,22,42,2,32,108,18,56,11,6,14,3.4,14,10
4,4,25,7,3,91,714,594,1040,3,741,1395,425,135,18,33,391,8.40625,316,222
1,1,0,0,1,5,2,4,7,1,6,32,1,22,3,1,5,1.0,5,3
1,1,0,0,1,3,2,4,10,1,7,40,2,26,6,1,5,1.0,5,4
2,2,0,4,1,9,1,3,7,1,5,34,1,25,3,1,5,1.0,4,2
14,14,10,136,5,444,348,260,582,5,395,1041,210,401,21,10,216,4.27906976744186,185,59
2,2,1,0,1,138,45,40,85,1,61,138,32,36,6,7,33,2.45454545454545,29,19
3,3,10,2,3,15,27,38,51,3,40,93,18,28,43,20,26,20.0,22,15
1,1,4,0,1,5,83,88,111,1,102,172,62,36,25,16,41,8.8,40,28
5,5,2,112,3,346,33,37,57,3,44,116,26,42,14,12,19,4.4,18,18
1,1,1,0,1,2,0,4,6,1,5,39,0,29,6,0,5,0.0,5,4
1,1,0,0,1,5,3,4,9,1,7,40,2,27,5,2,5,2.0,5,4
1,1,0,43,1,0,0,6,9,1,7,43,0,29,5,1,8,1.0,7,5
1,1,6,0,1,5,78,74,121,1,85,162,40,19,7,14,52,4.3,45,22
12,12,28,24,4,147,368,377,519,4,435,785,253,133,21,30,193,8.96666666666667,182,136
1,1,3,0,1,4,65,63,113,1,86,167,38,43,15,14,47,5.14285714285714,48,16
2,2,3,81,1,2,4,8,18,1,13,79,4,56,9,3,9,2.25,9,5
13,13,11,317,3,167,41,52,91,3,66,159,25,52,12,17,47,4.83333333333333,41,16
3,3,9,10,3,6,29,37,60,3,47,101,18,26,26,24,30,14.5,29,15
2,2,0,44,2,3,3,5,11,2,8,44,2,29,6,1,6,1.0,6,4
8,8,7,507,3,1601,290,185,397,3,240,546,166,90,35,18,98,5.9375,74,63
3,3,1,5,2,231,77,65,141,2,93,226,44,61,8,12,54,3.66666666666667,49,24
3,3,7,2,1,24,62,65,98,1,75,163,35,43,50,38,43,20.0,40,24
1,1,0,0,1,5,4,6,14,1,10,50,3,32,6,1,7,1.0,7,4
1,1,2,0,1,4,18,27,58,1,40,106,17,30,3,5,27,1.83333333333333,23,18
2,2,20,0,2,10,159,168,237,2,197,333,113,67,28,35,89,9.22222222222222,84,29
6,6,17,24,3,414,155,124,244,3,172,381,106,114,22,22,71,6.76923076923077,66,24
8,8,8,61,4,199,404,313,641,4,435,1341,251,526,19,19,220,3.92307692307692,184,184
3,3,4,255,2,5,41,46,95,2,67,250,36,134,12,11,36,3.07142857142857,31,21
2,2,1,1,1,3,11,15,25,1,19,51,7,19,15,8,15,8.0,12,7
9,9,7,18,5,115,208,190,350,5,268,667,160,269,11,29,109,4.09523809523809,108,49
10,10,11,46,3,67,0,52,90,3,53,392,0,267,8,1,89,0.75,53,35
17,17,22,384,5,288,171,153,285,5,201,476,121,121,17,34,101,6.71428571428571,80,70
13,13,18,67,4,160,116,137,208,4,157,309,71,67,13,14,108,5.875,86,35
1,1,0,0,1,3,3,4,11,1,7,39,2,24,3,1,6,1.0,5,4
5,5,2,19,3,73,43,40,106,3,62,218,30,71,5,7,48,2.05263157894737,32,41
4,4,3,220,2,606,348,272,576,2,404,702,286,44,9,16,134,3.05263157894737,118,94
3,3,16,25,3,19,203,157,323,3,220,369,143,29,28,29,95,15.5,77,17
2,2,5,6,2,41,33,35,79,2,54,202,26,107,9,7,29,2.16666666666667,28,16
3,3,11,22,1,32,46,62,73,1,76,108,34,22,62,31,40,31.0,42,13
1,1,4,0,1,5,45,60,88,1,70,130,34,20,11,11,40,5.33333333333333,36,22
1,1,1,0,1,3,44,40,106,1,66,144,41,20,5,5,38,2.57142857142857,25,18
11,11,15,41,2,73,193,145,342,2,215,707,128,324,18,11,107,3.86666666666667,87,41
5,5,5,22,1,26,21,32,55,1,39,91,14,27,10,10,31,5.25,25,9
2,2,4,5,1,41,16,17,41,1,27,74,13,25,6,4,16,3.0,14,8
1,1,2,0,1,2,63,62,133,1,92,241,46,88,11,9,53,3.2,46,23
1,1,4,0,1,4,0,8,12,1,9,68,0,50,11,1,11,0.5,9,6
2,2,1,2,2,16,8,12,25,2,17,73,5,36,4,3,15,1.75,12,12
9,9,12,406,3,905,81,60,154,3,86,224,45,46,12,15,61,4.30769230769231,41,24
1,1,13,0,1,5,47,63,114,1,80,177,28,35,6,17,68,2.5,52,28
3,3,5,30,3,16,77,67,105,3,80,158,35,25,14,9,42,2.88888888888889,45,28
1,1,2,0,1,4,0,11,13,1,12,52,0,28,2,1,12,1.0,12,11
1,1,2,0,1,4,19,23,59,1,38,117,17,42,5,3,28,1.36363636363636,21,16
3,3,14,25,2,31,118,88,197,2,123,335,67,124,26,26,78,5.0,56,16
1,1,1,0,1,4,84,80,136,1,106,298,62,109,22,12,46,4.33333333333333,44,56
2,2,13,3,1,6,78,77,166,1,104,321,52,133,13,11,78,4.36842105263158,52,22
0,0,8,0,0,0,33,47,54,0,52,89,20,21,50,22,31,22.0,32,14
1,1,0,0,1,5,1,3,7,1,5,33,1,24,3,1,5,1.0,4,2
5,5,7,62,2,101,105,81,185,2,115,288,62,74,13,14,70,4.71428571428571,53,31
7,7,5,20,3,25,115,74,185,3,123,273,75,59,17,11,37,3.65,48,29
1,1,2,0,1,4,8,11,21,1,18,50,7,26,14,5,11,5.0,11,3
3,3,2,0,2,18,9,13,45,2,25,149,9,89,8,3,24,1.0,16,15
10,10,5,2469,4,583,87,73,128,4,87,197,41,42,18,18,49,5.28571428571429,46,27
0,0,1,0,0,0,5,5,12,0,7,41,2,27,11,3,6,3.0,5,2
1,1,0,0,1,2,30,23,48,1,32,120,14,60,20,7,19,3.0,18,12
2,2,1,1,2,54,16,19,36,2,27,98,11,52,10,4,17,2.6,16,10
1,1,4,0,1,5,29,31,52,1,35,86,9,27,14,10,39,7.33333333333333,26,7
3,3,8,12,3,59,56,54,100,3,73,175,37,61,16,24,39,5.28571428571429,36,14
2,2,7,5,2,4,212,182,384,2,275,617,163,193,17,25,121,5.66666666666667,112,40
6,6,12,12,4,114,306,242,512,4,345,857,201,292,15,15,161,4.73913043478261,144,54
0,0,2,0,0,0,41,42,102,0,75,151,35,26,4,3,39,1.5,40,23
1,1,2,0,1,4,5,6,17,1,10,45,4,24,5,2,9,1.5,6,4
14,14,7,61,4,259,326,246,559,4,371,913,191,245,12,19,217,3.51063829787234,180,113
0,0,9,0,0,0,814,622,1488,0,934,1621,633,32,6,27,432,3.32142857142857,301,101
2,2,3,4,2,7,3,6,16,2,9,44,2,25,5,2,10,2.0,7,3
0,0,0,0,0,0,0,6,10,0,7,38,0,25,0,0,10,0.0,7,3
5,5,7,3,3,10,43,36,69,3,46,101,27,25,18,23,22,10.3333333333333,19,7
2,2,1,2,1,120,0,18,22,1,20,116,0,78,4,1,20,1.0,20,16
3,3,6,0,2,323,29,36,71,2,53,126,23,42,6,7,32,3.0,30,13
3,3,0,0,3,195,28,21,47,3,24,96,4,36,14,16,32,9.0,20,13
4,4,1,9,3,12,38,30,61,3,44,113,25,46,17,5,19,3.0,19,7
0,0,6,0,0,0,38,45,84,0,63,161,29,64,20,10,40,4.8,34,13
1,1,1,0,1,4,4,7,14,1,11,52,3,32,6,2,8,1.33333333333333,8,6
18,18,50,428,3,1882,1523,1136,2256,3,1641,3178,1044,643,17,36,602,5.59748427672956,597,325
1,1,4,0,1,4,11,11,28,1,18,76,6,41,7,5,14,3.0,12,7
1,1,4,0,1,5,36,39,63,1,44,89,18,17,11,10,33,6.75,26,9
1,1,3,0,1,5,27,32,51,1,40,98,15,34,13,7,27,3.75,25,13
4,4,35,6,3,153,1013,609,1194,3,704,1624,490,264,58,21,505,10.12,214,166
1,1,2,0,1,5,16,19,35,1,24,70,12,32,7,4,17,1.75,12,9
1,1,10,0,1,253,90,82,163,1,122,253,69,51,9,16,54,3.82352941176471,53,39
5,5,13,25,2,46,26,44,69,2,48,109,11,24,10,12,51,7.33333333333333,37,16
4,4,3,225,1,40,230,133,386,1,202,589,128,153,11,7,109,2.21052631578947,74,50
1,1,2,0,1,216,75,77,142,1,108,216,63,45,8,8,49,3.33333333333333,45,31
17,17,35,233,5,513,180,181,313,5,215,383,81,31,12,31,163,6.73684210526316,134,39
2,2,6,9,2,36,93,81,137,2,92,178,59,19,9,30,42,6.0,33,22
7,7,26,14,4,90,261,204,359,4,245,460,134,40,24,39,117,9.125,111,61
5,5,18,49,3,184,71,84,137,3,94,224,26,65,21,18,89,8.42857142857143,68,22
41,41,3,37,3,294,145,148,195,7,151,649,0,313,0,1,188,1.0,151,141
2,2,12,0,1,8,50,60,90,1,71,138,34,24,24,12,44,8.33333333333333,37,24
3,3,1,1,1,120,7,14,27,1,20,61,5,26,5,3,17,2.0,15,8
3,3,10,17,2,16,56,50,112,2,68,150,36,26,7,12,42,4.27272727272727,32,12
0,0,3,0,0,0,6,8,17,0,12,41,5,19,5,8,8,5.0,7,5
2,2,2,1,1,7,6,12,20,1,14,49,4,23,7,2,14,2.0,10,6
0,0,5,0,0,0,25,39,68,0,52,123,19,44,7,9,37,2.44444444444444,33,11
15,15,29,361,4,525,584,473,732,4,549,928,308,130,40,39,268,14.15,241,76
4,4,5,8,3,20,9,15,32,3,20,60,7,22,7,6,19,4.0,13,6
18,18,30,285,5,540,473,354,869,5,554,1663,337,696,17,25,283,4.59090909090909,217,101
1,1,0,0,1,2,28,35,57,1,46,129,17,64,20,9,31,5.75,29,8
3,3,2,5,2,5,67,57,125,2,85,273,42,120,12,6,47,3.0,43,31
2,2,12,2,2,4,199,174,336,2,229,438,129,65,19,18,119,7.17647058823529,100,37
7,7,12,13,3,25,28,33,58,3,43,91,19,25,16,19,29,9.33333333333333,24,8
3,3,14,12,2,12,154,166,236,2,195,390,107,99,22,23,98,6.07142857142857,88,56
4,4,17,4,3,51,281,287,384,3,346,545,191,83,20,20,150,9.09090909090909,155,80
13,13,7,31,4,94,131,118,242,4,161,457,92,169,15,13,77,3.65,69,46
1,1,0,0,1,5,9,10,12,1,11,39,0,23,0,0,11,0.0,11,5
17,17,18,90,6,256,272,238,480,6,337,785,171,215,11,22,182,4.31914893617021,166,92
4,4,2,43,2,126,7,14,21,2,18,43,8,17,13,4,11,4.0,10,5
8,8,23,19,4,116,308,275,426,4,327,610,210,104,29,24,129,10.3529411764706,117,84
1,1,2,0,1,4,20,21,61,1,38,105,19,34,4,5,30,1.36363636363636,19,15
4,4,12,4,2,8,87,88,259,2,148,509,73,199,7,8,118,2.19148936170213,75,52
1,1,11,0,1,5,43,54,85,1,66,118,29,19,10,15,45,8.2,37,14
1,1,0,0,1,4,3,5,15,1,9,50,3,30,5,2,8,0.666666666666667,6,5
3,3,4,1,2,15,34,28,70,2,44,109,21,24,5,7,27,3.1,23,15
14,14,12,1199,6,1708,738,497,1147,6,686,2126,420,724,18,23,346,3.93406593406593,266,265
1,1,1,0,1,2,21,31,57,1,37,87,13,23,16,10,34,6.0,24,7
5,5,19,5,3,17,421,335,629,3,453,1022,240,300,19,55,224,6.39024390243902,213,94
1,1,9,482,1,0,176,121,331,1,224,482,130,97,14,9,105,4.33333333333333,94,54
1,1,14,0,1,1,85,89,155,1,122,275,67,101,13,23,67,5.06666666666667,55,19
3,3,4,1,3,207,55,58,112,3,86,224,39,91,10,12,49,2.8125,47,21
1,1,2,0,1,5,18,30,44,1,39,81,19,24,10,6,21,3.0,20,14
1,1,15,0,1,261,117,110,194,1,140,261,73,53,25,19,79,10.0,67,14
1,1,3,0,1,5,14,21,48,1,29,87,7,27,3,2,32,1.14285714285714,22,12
6,6,13,15,2,277,91,101,156,2,124,262,62,71,19,21,72,10.3333333333333,62,36
3,3,0,2,2,4,3,5,11,2,8,53,2,36,6,2,6,1.5,6,6
2,2,11,0,2,7,100,122,151,2,131,200,82,33,21,9,59,5.5,49,16
1,1,5,0,1,5,23,29,49,1,33,79,5,20,10,8,37,6.66666666666667,28,10
2,2,4,96,1,96,16,26,45,1,31,96,8,42,9,7,29,3.5,23,9
3,3,14,2,2,7,76,73,148,2,96,223,36,41,9,23,73,2.6,60,34
1,1,1,0,1,3,28,25,58,1,39,120,21,54,12,6,19,2.6,18,11
7,7,8,389,2,1107,168,140,259,2,177,346,68,49,24,24,124,8.54545454545454,109,38
1,1,29,0,1,2,346,283,552,1,364,740,236,137,14,58,168,6.40540540540541,128,51
1,1,2,0,1,5,16,24,46,1,32,81,10,19,3,4,27,2.57142857142857,22,16
2,2,2,2,2,6,0,4,6,2,5,45,0,34,7,0,5,0.0,5,5
4,4,8,5,1,8,27,30,61,1,41,132,20,64,23,9,26,5.66666666666667,21,7
1,1,4,0,1,2,3,5,12,1,8,46,2,31,6,4,7,2.5,6,3
1,1,3,0,1,4,42,46,89,1,63,138,31,36,7,10,42,4.0,32,13
3,3,11,1,2,641,119,106,207,2,147,320,80,65,12,19,72,4.94117647058824,67,48
5,5,2,494,3,1376,147,124,256,3,184,439,119,144,17,8,71,2.80952380952381,65,40
2,2,14,7,1,18,47,56,102,1,70,142,23,23,15,15,63,6.6,47,17
3,3,10,27,3,74,77,73,136,3,98,249,49,91,15,17,56,4.45454545454545,49,23
1,1,0,0,1,4,0,3,5,1,4,32,0,25,4,1,4,1.0,4,2
2,2,8,11,2,43,113,125,196,2,148,261,65,39,14,21,94,5.08333333333333,83,27
2,2,4,4,1,218,45,49,91,1,67,214,27,98,11,9,43,2.25,40,25
3,3,2,3,2,83,27,17,43,2,25,77,13,27,18,7,16,5.5,12,7
2,2,2,0,1,6,16,30,44,1,34,77,11,22,7,8,29,3.33333333333333,23,11
5,5,15,13,1,378,194,187,289,1,250,364,139,48,17,27,104,6.3125,111,28
1,1,5,0,1,81,26,37,53,1,47,81,13,17,12,7,34,5.66666666666667,34,11
5,5,14,25,4,21,216,162,367,4,236,552,142,141,15,19,111,5.84,94,45
27,27,21,189,4,672,226,182,385,6,254,668,140,228,16,21,140,4.78125,114,55
2,2,3,6,1,19,17,25,37,1,30,62,14,18,6,12,18,5.25,16,8
0,0,3,0,0,0,428,372,792,0,529,883,348,31,5,31,236,2.96638655462185,181,60
0,0,0,0,0,0,0,6,9,0,7,38,0,26,0,0,9,0.0,7,3
4,4,63,15,3,293,221,296,390,3,337,541,167,85,11,14,188,2.9375,170,66
2,2,19,4,1,5,232,248,287,1,261,351,182,30,37,24,88,12.7142857142857,79,41
3,3,12,19,2,30,244,240,346,2,273,540,121,85,20,11,188,6.27272727272727,152,109
0,0,5,0,0,0,703,550,1297,0,821,1425,539,32,6,26,401,3.25,282,96
1,1,0,0,1,3,0,2,4,1,3,47,0,41,5,1,3,1.0,3,2
7,7,42,1151,3,164,373,249,778,3,415,1052,210,164,10,20,341,4.10526315789474,205,113
1,1,0,0,1,2,22,26,49,1,34,81,13,24,6,8,26,2.8,21,8
5,5,6,4,4,54,115,74,218,4,143,330,83,85,10,7,63,2.54166666666667,60,27
0,0,9,0,0,0,162,166,231,0,203,346,134,61,33,45,63,9.5,69,55
3,3,12,13,3,21,52,70,104,3,83,544,30,407,22,20,60,4.45454545454545,53,33
1,1,3,0,1,2,20,26,55,1,41,112,15,42,6,6,29,2.75,26,15
2,2,3,127,2,256,145,128,295,2,201,386,117,32,6,9,94,2.23684210526316,84,62
2,2,1,0,1,12,37,39,78,1,60,189,35,92,9,5,28,2.21428571428571,25,19
1,1,2,0,1,5,9,16,24,1,18,47,5,17,10,7,17,7.0,13,6
1,1,1,0,1,4,4,7,14,1,11,49,3,30,5,3,8,1.66666666666667,8,5
0,0,8,0,0,0,102,110,222,0,155,401,66,149,10,16,101,3.375,89,34
8,8,3,386,3,808,79,60,134,3,84,221,40,63,13,7,43,3.66666666666667,44,24
1,1,17,0,1,2,154,134,251,1,179,404,95,127,19,16,91,6.23529411764706,84,26
3,3,3,3,2,18,43,42,62,2,53,112,31,43,33,13,20,8.0,22,8
4,4,11,34,2,68,104,121,213,2,151,315,73,53,9,24,106,3.85714285714286,78,49
2,2,0,3,2,4,13,21,36,2,28,68,10,23,4,5,19,2.16666666666667,18,9
3,3,5,7,2,17,45,48,100,2,74,150,35,29,6,8,41,3.15384615384615,39,21
1,1,6,0,1,5,29,47,86,1,62,142,17,34,6,8,53,3.44444444444444,45,22
3,3,15,21,1,124,31,51,65,1,55,103,13,28,16,27,47,10.6666666666667,42,10
0,0,5,0,0,0,27,23,47,0,34,79,18,20,9,18,18,5.75,16,13
1,1,0,0,1,4,44,47,85,1,63,171,20,63,14,9,49,5.75,43,23
10,10,0,19,3,318,42,54,94,3,72,144,28,29,6,11,49,3.0,44,22
1,1,5,0,1,5,48,48,93,1,61,136,25,19,4,12,43,3.75,36,24
7,7,6,71,3,680,117,104,190,3,130,305,66,71,19,16,72,5.44444444444444,64,44
2,2,15,11,2,22,109,107,192,2,137,268,67,52,25,17,83,9.0,70,24
19,19,36,151,4,880,256,237,426,4,281,691,156,223,23,27,187,8.45833333333333,125,42
9,9,9,19,4,31,173,170,254,4,202,397,125,80,21,24,83,5.78571428571429,77,69
1,1,3,0,1,2,225,165,338,1,238,401,172,32,12,13,72,3.34615384615385,66,31
5,5,3,147,3,20,115,126,210,3,160,276,46,37,5,7,128,2.77272727272727,114,31
12,12,15,32,3,135,56,59,95,3,68,160,21,40,20,22,55,9.8,47,26
1,1,5,0,1,4,10,19,49,1,29,148,9,85,10,2,30,1.44444444444444,20,14
2,2,6,8,2,5,34,42,68,2,50,103,13,22,5,4,46,3.14285714285714,37,13
3,3,18,6,2,17,173,155,280,2,202,390,115,76,16,25,94,6.88235294117647,87,38
2,2,3,0,2,77,19,14,33,2,22,72,12,32,17,3,7,1.75,10,7
3,3,4,208,2,401,239,198,445,2,306,549,198,37,8,16,115,2.85416666666667,108,75
6,6,17,8,2,46,112,122,170,2,140,223,60,28,18,17,81,7.125,80,25
1,1,2,0,1,2,33,43,113,1,77,183,33,34,3,4,46,1.60606060606061,44,36
1,1,0,0,1,71,1,7,10,1,8,71,0,53,8,1,9,0.75,8,8
3,3,1,1,2,196,75,48,123,2,70,195,35,38,9,10,35,3.81818181818182,35,34
1,1,0,0,1,2,4,9,17,1,13,44,4,19,4,4,9,2.5,9,8
5,5,2,23,2,91,104,98,234,2,147,324,72,54,8,6,103,2.76,75,36
23,23,19,489,5,661,604,470,1062,7,679,1767,394,498,12,33,345,3.97169811320755,285,209
2,2,5,106,1,308,437,331,715,1,499,887,360,86,10,26,148,3.61904761904762,139,103
1,1,1,0,1,5,25,30,59,1,44,104,22,34,7,4,26,2.375,22,11
11,11,12,62,7,86,73,79,147,7,100,273,44,85,13,13,73,3.81818181818182,56,41
3,3,4,6,2,123,11,19,30,2,22,60,11,20,10,11,16,6.5,11,10
2,2,5,134,1,268,511,376,820,1,571,965,422,55,11,27,158,3.63768115942029,149,110
2,2,20,1,2,3,139,93,211,2,160,336,102,90,22,27,45,11.6153846153846,58,35
3,3,4,74,1,2,13,15,31,1,20,71,8,36,17,6,15,4.0,12,4
1,1,0,0,1,4,0,3,5,1,4,43,0,36,0,0,5,0.0,4,2
5,5,8,46,3,60,88,61,163,3,106,267,63,82,20,13,46,5.5,43,22
1,1,0,0,1,5,3,4,9,1,7,40,2,27,5,1,5,1.0,5,4
1,1,2,0,1,5,17,19,35,1,24,71,12,29,25,4,15,4.0,12,9
1,1,1,0,1,4,0,14,16,1,15,113,0,83,6,1,16,1.0,15,14
1,1,1,0,1,2,0,4,6,1,5,36,0,27,4,1,5,1.0,5,3
4,4,7,7,2,13,105,101,170,2,118,235,63,31,21,32,68,9.42857142857143,55,41
1,1,2,0,1,31,1,3,8,1,5,31,1,20,3,1,5,1.0,4,3
1,1,2,0,1,2,55,53,102,1,76,166,40,42,15,17,38,6.66666666666667,36,22
2,2,0,0,1,9,4,6,14,1,10,49,3,31,6,1,7,1.0,7,4
1,1,1,0,1,3,0,8,9,1,9,70,0,54,7,1,9,0.6,9,7
3,3,0,15,2,45,0,2,4,2,3,28,0,21,0,0,3,0.0,3,3
1,1,1,0,1,3,5,14,23,1,18,49,5,19,3,4,15,2.0,13,7
3,3,1,77,2,2,8,15,34,2,24,75,8,31,4,3,18,1.42857142857143,16,10
2,2,3,1,2,6,4,6,12,2,8,46,1,28,14,3,8,3.0,7,6
1,1,14,0,1,2,43,59,139,1,90,233,33,72,7,9,70,2.0,57,22
1,1,0,0,1,2,3,5,10,1,8,40,2,26,5,2,6,2.0,6,4
1,1,2,0,1,4,9,12,19,1,17,53,3,30,20,10,13,10.0,14,4
24,24,38,180,4,319,906,733,1194,6,891,1535,566,179,25,38,378,8.83333333333333,325,164
2,2,8,1,2,113,34,31,61,2,43,112,19,41,15,10,27,7.0,24,10
1,1,5,0,1,4,89,89,152,1,125,236,61,66,18,15,61,5.88888888888889,64,19
1,1,1,0,1,5,11,13,29,1,21,60,10,23,4,4,14,2.2,11,8
1,1,1,0,1,4,0,4,6,1,5,29,0,20,2,1,5,1.0,5,3
1,1,0,0,1,3,0,4,6,1,5,34,0,26,6,1,5,1.0,5,2
4,4,13,12,2,26,184,124,283,2,174,424,105,112,20,22,81,7.05882352941176,69,29
1,1,0,0,1,3,2,3,8,1,5,39,1,28,9,2,5,2.0,4,3
2,2,34,1490,1,3184,6553,4983,11403,1,7760,14533,5360,1299,8,21,2692,2.80746705710102,2400,2014
1,1,3,41,1,0,7,12,16,1,14,41,6,21,10,4,8,4.0,8,4
5,5,7,48,3,96,81,78,212,3,114,416,49,172,11,10,111,2.83333333333333,65,35
8,8,8,123,3,165,85,66,142,3,92,248,59,90,26,20,39,6.28571428571429,33,16
3,3,3,59,1,6,8,12,27,1,16,53,4,22,6,3,17,2.0,12,4
1,1,1,0,1,2,0,8,11,1,9,53,0,36,4,0,10,0.0,9,6
1,1,9,0,1,2,28,25,68,1,41,134,20,53,13,6,29,3.16666666666667,21,13
1,1,4,0,1,5,11,17,25,1,19,50,6,19,11,7,16,7.0,13,6
4,4,12,42,2,127,77,66,139,2,101,223,62,65,12,10,40,3.23076923076923,39,19
3,3,16,21,3,47,66,58,133,3,87,194,45,47,10,17,51,3.08333333333333,42,15
3,3,18,2,1,14,139,127,193,1,146,302,83,78,45,36,67,17.4,63,31
1,1,6,0,1,5,21,32,51,1,38,102,9,34,8,6,34,3.2,29,17
2,2,1,0,2,6,0,22,29,2,23,76,0,37,1,1,27,0.6,23,10
2,2,7,0,2,72,13,19,33,2,25,68,7,29,27,11,20,11.0,18,6
1,1,2,0,1,2,4,9,16,1,12,47,4,25,4,3,9,2.5,8,6
1,1,3,0,1,5,24,31,51,1,38,99,12,35,13,6,30,4.25,26,13
2,2,7,0,1,65,14,17,33,1,21,58,6,17,6,18,19,6.66666666666667,15,8
0,0,0,0,0,0,0,4,5,0,5,38,0,31,10,1,5,1.0,5,2
3,3,3,0,2,54,44,48,92,2,73,157,36,47,8,7,36,3.45454545454545,37,18
5,5,15,766,2,38,381,286,588,2,398,737,256,98,20,32,171,7.32142857142857,142,64
1,1,9,0,1,2,32,37,70,1,54,149,23,65,10,20,32,6.5,31,14
3,3,6,6,3,10,187,170,356,3,244,585,134,187,14,14,152,4.76666666666667,110,42
1,1,19,0,1,5,191,202,274,1,229,351,129,42,25,24,115,13.0,100,35
7,7,15,83,5,207,372,241,461,5,265,584,127,112,23,14,181,9.15,138,55
3,3,1,0,3,22,0,6,8,3,7,52,0,39,6,1,7,1.0,7,5
3,3,6,5,2,3,138,125,274,2,178,450,87,121,10,10,108,3.62962962962963,91,55
4,4,6,12,2,636,135,121,250,2,171,622,78,316,20,20,114,4.26923076923077,93,56
3,3,6,0,3,31,52,58,79,3,67,131,34,22,9,7,36,6.25,33,30
1,1,0,0,1,5,3,4,9,1,7,43,2,30,5,2,5,2.0,5,4
2,2,4,1,1,3,81,75,164,1,114,299,66,108,10,9,54,3.15,48,27
0,0,3,0,0,0,29,34,51,0,41,89,22,27,15,16,19,7.33333333333333,19,13
1,1,11,0,1,5,72,85,132,1,96,171,44,19,9,12,69,6.8,52,20
3,3,2,2,2,58,76,72,150,2,113,295,61,111,7,6,60,3.45833333333333,52,34
2,2,6,42,2,107,189,177,331,2,242,538,144,123,8,22,104,2.56818181818182,98,85
3,3,23,4,1,10,97,111,165,1,124,216,54,31,17,37,88,10.375,70,20
2,2,3,168,2,330,216,181,392,2,273,497,176,39,7,12,109,2.73333333333333,97,72
3,3,15,10,2,69,133,129,265,2,172,343,78,44,9,8,113,5.20833333333333,94,34
5,5,26,17,3,84,333,337,434,3,380,595,135,52,22,30,244,10.4545454545455,245,109
1,1,3,0,1,3,23,28,54,1,38,81,11,19,11,9,31,4.33333333333333,27,8
6,6,13,17,5,21,136,111,272,5,176,456,96,151,11,12,96,4.06666666666667,80,33
1,1,1,0,1,4,19,21,53,1,36,115,14,47,6,6,21,2.2,22,15
1,1,2,0,1,2,53,58,112,1,82,236,30,95,6,7,55,2.52380952380952,52,29
2,2,0,0,2,59,4,6,18,2,11,54,4,28,1,2,9,1.57142857142857,7,8
1,1,10,0,1,4,158,129,239,1,156,358,69,65,17,17,118,6.625,87,57
1,1,3,0,1,2,304,276,498,1,389,1099,226,510,14,13,161,2.86885245901639,163,94
2,2,1,7,2,7,45,39,74,2,51,119,27,37,65,16,25,16.0,24,8
3,3,5,2,2,17,62,51,103,2,74,206,37,79,25,22,38,6.0,37,24
1,1,4,0,1,5,25,32,49,1,37,97,13,33,11,6,28,4.0,24,15
2,2,3,1,2,20,1,15,21,2,16,144,0,111,12,1,20,1.0,16,12
1,1,2,0,1,3,54,48,115,1,80,234,38,94,9,7,43,2.5625,42,25
2,2,3,127,2,256,145,128,295,2,201,386,117,32,6,9,94,2.23684210526316,84,62
1,1,1,0,1,2,0,4,6,1,5,38,0,28,5,1,5,1.0,5,4
8,8,16,33,4,43,177,157,275,4,202,428,95,116,35,24,105,9.25,107,37
3,3,7,3,2,25,48,36,95,2,51,167,26,56,8,8,37,3.09090909090909,25,16
55,55,51,586,4,1298,684,591,1124,8,802,1938,426,632,16,29,449,5.41584158415842,376,184
3,3,11,1,2,13,87,81,162,2,111,224,60,45,15,13,63,5.9,51,17
1,1,7,0,1,5,109,128,161,1,145,235,87,30,23,12,59,6.42857142857143,58,44
1,1,1,0,1,4,3,4,13,1,8,48,2,29,4,2,7,1.66666666666667,6,6
14,14,20,611,5,658,303,227,482,5,308,705,210,151,17,27,149,6.6875,98,78
7,7,15,69,2,96,196,167,334,2,219,489,113,107,22,40,145,7.5625,106,49
1,1,1,0,1,5,32,35,72,1,50,132,24,38,6,9,32,2.83333333333333,26,22
0,0,26,0,0,0,507,493,938,0,673,1255,334,164,8,21,380,3.54455445544554,339,153
3,3,2,2,2,16,22,26,53,2,39,92,16,25,4,6,25,2.33333333333333,23,14
4,4,7,7,3,19,13,22,39,3,28,70,9,24,8,7,24,5.66666666666667,19,7
7,7,15,8,2,53,146,132,294,2,207,528,107,187,10,9,106,3.5609756097561,100,47
3,3,2,0,2,14,25,28,59,2,41,111,19,37,4,5,24,2.36363636363636,22,15
1,1,20,0,1,5,149,179,239,1,200,330,112,44,19,24,105,8.27272727272727,88,47
1,1,1,0,1,2,6,10,21,1,15,48,5,20,3,3,11,2.0,10,7
1,1,0,0,1,5,1,2,7,1,4,37,1,27,8,2,4,2.0,3,3
3,3,0,4,3,198,28,37,73,3,51,182,23,92,12,8,34,2.8,28,18
1,1,0,0,1,3,32,29,54,1,41,96,24,30,14,15,19,5.75,17,12
2,2,1,0,2,10,54,60,129,2,85,179,49,24,4,8,54,2.33333333333333,36,27
10,10,12,312,4,847,675,514,1161,4,758,2252,398,889,10,11,458,3.05487804878049,360,210
10,10,6,84,4,104,134,92,217,4,128,332,70,91,18,26,68,4.84615384615385,58,25
4,4,8,0,2,33,63,68,101,2,76,149,29,31,15,14,60,6.66666666666667,47,17
2,2,3,0,2,215,69,52,129,2,86,213,48,56,8,9,40,2.4375,38,28
3,3,9,2,3,16,33,42,58,3,44,107,18,32,54,22,30,22.0,26,18
2,2,29,7,2,8,535,329,886,2,590,1264,393,313,23,25,208,5.87755102040816,197,65
1,1,0,0,1,5,3,5,11,1,8,39,2,22,4,1,6,1.0,6,6
2,2,3,2,2,6,0,14,16,2,15,98,0,71,6,1,15,0.714285714285714,15,11
2,2,0,1,1,6,41,46,114,1,70,175,29,36,3,3,60,2.22727272727273,41,25
0,0,0,0,0,0,72,77,138,0,108,271,62,109,18,10,44,3.9,46,24
1,1,6,84,1,0,10,17,37,1,24,84,8,37,5,4,20,1.4,16,10
5,5,4,14,2,16,56,54,112,2,82,216,33,84,11,10,58,3.0,49,21
3,3,6,2,2,274,118,105,189,2,131,272,80,59,24,15,65,8.625,51,27
2,2,3,431,2,744,663,492,1001,2,711,1184,546,66,12,28,191,3.625,165,144
12,12,22,315,3,851,455,374,656,3,468,791,231,62,28,35,270,10.2173913043478,237,81
87,87,75,1617,5,2613,2096,1499,3161,9,2208,5065,1394,1464,23,51,891,7.17112299465241,814,459
0,0,3,0,0,0,184,152,392,0,235,441,141,10,5,11,147,2.85483870967742,94,39
1,1,10,9,1,43,138,122,216,1,160,294,90,58,23,16,74,6.8,70,20
2,2,6,1,1,3,41,40,73,1,50,109,18,23,14,24,37,8.75,32,13
4,4,2,6,3,10,114,97,164,3,129,247,67,60,49,20,63,13.5,62,23
17,17,31,202,4,240,259,256,394,4,315,484,164,47,25,34,159,11.3125,151,44
1,1,0,0,1,5,3,5,10,1,8,41,2,27,5,1,6,1.0,6,4
3,3,12,0,2,155,48,70,96,2,81,158,30,36,13,16,57,4.66666666666667,51,26
1,1,0,0,1,5,17,22,38,1,30,99,14,51,8,4,17,2.42857142857143,16,10
4,4,7,21,3,24,135,129,256,3,186,428,87,114,10,12,101,3.24137931034483,99,60
80,80,132,2185,5,2916,1633,1254,2610,8,1784,3690,1097,760,17,53,822,6.68235294117647,687,329
3,3,6,7,2,15,22,32,47,2,36,82,17,19,17,8,24,7.5,19,16
3,3,4,6,3,9,15,13,32,3,22,68,11,27,11,6,12,4.33333333333333,11,9
1,1,0,0,1,2,0,7,10,1,8,56,0,38,4,1,9,1.0,8,8
2,2,10,177,2,7,83,99,134,2,113,176,45,26,23,16,67,10.5714285714286,68,16
8,8,8,104,4,63,124,90,201,4,130,281,71,53,12,19,63,4.11764705882353,59,27
1,1,4,0,1,126,39,37,57,1,42,126,21,50,28,15,24,8.0,21,19
4,4,0,35,3,68,1,4,8,3,7,33,0,22,1,1,7,0.5,7,3
7,7,11,8,3,29,292,247,468,3,338,813,224,267,13,22,137,4.23913043478261,114,80
29,29,51,118,4,647,2941,2619,3474,5,2852,4727,2028,568,41,40,941,10.9626168224299,824,692
4,4,3,9,3,53,117,83,203,3,131,385,82,158,16,11,56,3.94444444444444,49,30
2,2,9,5,2,174,203,204,424,2,293,787,171,290,8,40,157,2.57142857142857,122,73
1,1,11,0,1,5,106,128,193,1,148,343,66,115,16,16,99,5.82352941176471,82,39
1,1,2,0,1,92,0,13,17,1,14,92,0,62,6,1,16,0.125,14,13
5,5,17,9,2,10,85,102,173,2,128,214,55,25,9,16,88,6.63636363636364,73,21
3,3,9,8,1,12,94,104,169,1,131,237,78,31,10,13,62,3.8,53,37
3,3,2,1,2,207,20,22,40,2,29,101,9,49,11,5,23,3.6,20,12
1,1,2,0,1,5,44,45,74,1,53,110,24,19,5,11,34,5.0,29,17
2,2,9,0,1,226,44,66,81,1,74,115,36,18,13,21,40,6.5,38,17
1,1,3,0,1,3,0,9,11,1,10,68,0,48,5,1,10,0.8,10,9
3,3,2,0,2,14,30,33,68,2,48,112,22,27,4,5,28,2.46153846153846,26,17
6,6,10,42,2,276,93,99,179,2,129,229,65,22,15,21,72,6.11111111111111,64,28
3,3,10,0,2,20,96,86,168,2,116,317,64,121,11,13,58,3.52631578947368,52,28
4,4,4,16,2,129,113,116,206,2,163,347,91,111,10,25,66,3.8695652173913,72,30
2,2,7,8,2,44,113,92,175,2,114,252,59,34,25,8,63,3.85714285714286,55,43
1,1,5,0,1,155,45,49,84,1,61,155,32,43,14,10,33,3.42857142857143,29,28
1,1,2,9,1,3,6,18,47,1,27,84,6,22,3,2,32,0.75,21,15
0,0,1,0,0,0,3,12,25,0,15,60,2,30,17,3,21,3.0,13,5
1,1,4,0,1,2,3,7,18,1,10,44,2,24,5,2,12,2.0,8,2
1,1,3,0,1,54,8,9,26,1,16,54,7,20,3,3,12,2.6,9,8
3,3,1,14,2,18,8,11,35,2,20,92,8,46,6,2,19,1.125,12,11
4,4,14,83,3,75,61,64,107,3,84,182,42,67,28,23,41,10.0,42,8
1,1,2,0,1,5,13,15,28,1,18,58,5,23,15,6,17,6.0,13,7
1,1,0,0,1,3,0,6,9,1,7,34,0,22,2,1,9,1.0,7,3
3,3,5,22,3,21,22,26,57,3,38,114,18,44,4,9,26,2.0,20,13
0,0,3,0,0,0,9,4,30,0,7,54,2,19,13,3,16,2.5,5,5
3,3,9,34,2,34,62,53,107,2,68,185,40,59,19,15,36,5.83333333333333,28,19
3,3,6,3,2,619,123,115,212,2,156,308,87,54,12,13,75,5.125,69,42
2,2,5,0,2,4,20,31,48,2,36,80,14,23,13,16,26,9.0,22,9
4,4,2,290,2,870,140,122,196,2,143,290,63,49,40,17,95,9.8,80,45
2,2,0,0,2,48,4,7,16,2,11,46,3,24,3,2,8,2.0,8,6
1,1,1,0,1,4,5,13,29,1,20,76,5,36,4,2,18,1.42857142857143,15,11
1,1,4,0,1,2,54,59,115,1,80,208,45,70,8,18,45,3.4,35,23
0,0,5,0,0,0,681,534,1265,0,800,1393,527,32,6,19,390,3.22413793103448,273,96
