Added_lines,COMM,Del_lines,ADEV,CountInput_Mean,OWN_COMMIT,MAJOR_COMMIT,CountClassCoupled,MaxNesting_Mean,DDEV,CountPath_Mean,CountOutput_Mean,CountPath_Max,CountStmtExe,AvgLineCode,MaxNesting_Max,AvgLineComment,CountInput_Max,AvgLine,CountDeclMethodPrivate
0,0,44,0,0.8026315789473681,0.6578947368421052,0,2,0.394736842105263,0,1.9868421052631575,2.664473684210526,2,3,5,0,0,1,6,0
0,0,0,0,2.208333333333329,0.0,0,5,0.6923076923076916,0,1.708333333333329,2.9583333333333286,6,64,5,3,0,7,6,0
3576,1,3,1,3.5050048392300233,0.9876923076923074,1,5,0.5198877566090687,1,1755581.20788687,2.713102484138078,960018431,1291,5,2,0,6,5,263
324,12,98,12,3.9489931107578142,0.684615384615384,3,9,0.7300184800184806,3,12692.647257551642,4.431173820879697,423680,194,9,2,0,11,11,11
105,7,118,7,4.632137592137591,0.7797202797202799,2,9,0.951910992233572,2,499.7107862407865,3.583759213759214,8739,161,10,3,1,14,13,5
552,10,170,10,4.473684210526319,0.6999999999999995,3,10,1.02325581395349,3,2.6578947368421098,4.631578947368421,16,232,10,5,0,22,12,8
0,0,2,0,2.8413265306122435,0.2857142857142856,0,1,0.2598214285714284,0,1.0997023809523814,1.90280612244898,1,8,3,0,0,5,3,0
31,3,32,3,4.087683628364641,0.5176470588235292,1,21,0.7555140130918676,1,3.1334083158099144,3.924713884770126,31,257,8,4,1,45,10,4
0,0,0,0,1.5383771929824557,0.1315789473684209,0,1,0.1657894736842103,0,1.0,1.6162280701754383,1,1,2,0,0,2,2,0
0,0,0,0,6.375,0.0,0,0,0.4545454545454549,0,1.25,1.875,2,13,4,1,4,35,8,0
0,0,0,0,0.3103448275862068,0.0,0,4,0.0,0,1.0,6.844827586206897,1,5,10,0,2,0,17,0
1254,1,0,1,125.5,1.0,1,0,0.0,1,1.0,1.0,1,250,4,0,0,250,4,0
0,0,0,0,3.0,0.0,0,6,0.710526315789474,0,1.5,5.53333333333333,3,134,10,2,1,19,12,0
0,0,0,0,9.666666666666666,0.0,0,1,2.600000000000001,0,557.3333333333329,5.6666666666666705,1667,46,17,4,6,13,24,0
17,8,15,8,4.857142857142861,0.5,3,7,1.75,3,12.428571428571392,7.571428571428576,120,132,21,4,4,10,28,11
203,1,0,1,2.0909090909090904,1.0,1,0,0.5199999999999997,1,1.6363636363636396,3.36363636363636,9,70,6,2,0,7,6,2
836,8,327,8,3.2760075605145973,0.875,2,19,0.7679037566678019,2,2.512913846716666,2.688933601609657,76,154,5,2,0,7,5,0
4,1,4,1,22.53846153846149,1.0,1,2,1.3999999999999997,1,11.307692307692294,2.6153846153846203,92,374,45,3,4,158,58,3
0,0,0,0,0.0,0.0,0,1,0.0,0,1.0,3.1,1,1,4,0,1,0,4,0
0,0,0,0,4.0,0.0,0,0,0.0,0,1.0,2.66666666666667,1,3,3,0,0,11,3,0
174,6,63,6,3.5131693401356667,0.5959595959595957,2,12,0.6255006336676032,2,10.691207172373517,3.380429456833525,612,213,6,4,4,13,11,4
0,0,0,0,3.25,0.0,0,20,0.5,0,1.25,9.0,2,29,12,1,0,13,13,0
540,14,146,14,4.145833333333329,0.5714285714285712,4,45,1.4901960784313697,4,13.1875,8.395833333333334,328,432,14,4,2,14,17,24
0,0,0,0,29.0,0.0,0,1,0.5999999999999996,0,1.875,2.375,4,26,33,1,0,216,34,2
0,0,0,0,3.1536293164200164,0.0232558139534883,0,3,0.2304439746300211,0,1.162790697674416,2.153276955602535,2,15,3,0,0,9,3,0
0,0,0,0,2.9774774774774793,0.0,0,1,1.01333333333333,0,1.9954954954955,4.004504504504499,2,449,4,5,0,220,4,1
0,0,0,0,0.0,0.0,0,0,0.0,0,1.0,0.0,1,0,2,0,0,0,2,0
0,0,0,0,13.212244897959197,0.0,0,1,0.1697191697191697,0,1.3699443413729149,1.9384044526901676,4,16,3,0,0,77,3,0
0,0,0,0,9.415066026410589,0.5,0,6,1.0106209150326777,0,5.751800720288113,7.111344537815119,116,463,12,4,0,124,13,3
0,0,0,0,2.522727272727273,0.0,0,1,0.0,0,1.0,0.5527716186252772,1,121,1,0,0,121,1,0
0,0,0,0,2.95652173913043,0.0,0,7,0.8860759493670893,0,2.69565217391304,3.101449275362319,36,262,7,5,5,12,13,4
128,7,93,7,5.454956807897986,0.5959595959595966,2,10,0.805189829327761,2,4.062320032908267,4.872069107363225,49,192,8,3,3,15,13,11
296,15,122,15,12.5090909090909,0.4000000000000001,3,28,0.9322033898305084,3,3.0,4.436363636363638,17,284,10,3,2,332,13,0
0,0,0,0,4.5,0.0,0,8,1.0,0,1.75,5.5,3,37,9,2,0,7,10,0
0,0,0,0,4.0,0.0,0,0,0.0,0,1.0,2.66666666666667,1,3,3,0,0,11,3,0
0,0,0,0,1.5,0.0,0,8,0.0,0,1.0,2.0,1,9,6,0,4,3,10,0
0,0,0,0,3.515527950310559,0.4285714285714285,0,3,1.1017430845017069,0,2.304347826086957,3.552795031055904,9,91,9,4,0,8,11,4
0,0,0,0,6.0,0.0,0,5,1.375,0,2.75,8.5,4,28,14,2,3,9,18,0
64,3,10,3,2.0588235294117605,0.6666666666666674,2,5,1.142857142857139,2,13.3529411764706,3.3529411764705896,194,93,11,4,3,5,14,5
172,3,2,3,3.0,0.6666666666666675,2,3,3.25,2,3.5,4.0,5,13,16,4,9,5,25,0
44,1,0,1,1.8000000000000014,0.9833333333333332,1,0,0.5000000000000001,1,1.2611111111111095,1.5527777777777787,1,5,4,0,0,2,4,0
43,2,7,2,1.6149659863945556,0.9111111111111112,1,2,0.2751322751322748,1,1.1147392290249425,1.3993197278911595,1,8,2,0,0,3,2,0
0,0,0,0,2.0,0.0,0,0,0.2999999999999999,0,1.25,1.125,3,10,3,1,4,5,7,0
45,1,7,1,2.214285714285708,1.0,1,16,0.46875,1,2.2380952380952404,2.452380952380949,25,108,7,3,2,9,9,1
0,2,6,2,0.0,1.0,1,1,0.0,1,1.0,2.0,1,21,4,0,0,0,4,0
0,0,0,0,2.134556574923548,0.0,0,4,0.7183486238532106,0,1.5412844036697235,4.4663608562691115,2,10,8,1,0,3,8,0
0,0,0,0,2.4375,0.0,0,0,0.166666666666667,0,1.0625,1.6875,2,18,3,1,0,4,3,0
721,4,137,4,2.554049586776858,0.8181818181818179,1,32,0.4923054622762304,1,1.8776859504132233,2.543140495867769,36,115,4,2,0,25,4,0
326,4,152,4,12.472072072072075,0.6666666666666675,2,6,2.5106685633001415,2,236.2018018018018,14.51891891891892,683,98,56,3,3,22,65,0
95,3,4,3,5.0,0.6666666666666672,2,15,3.0,2,28.0,16.0,28,18,44,3,0,5,53,0
31,3,12,3,3.6447916666666687,0.9479166666666669,1,5,1.145369433198379,1,63.56666666666668,6.340624999999998,616,91,16,3,14,10,31,0
0,0,0,0,1.0,0.0,0,0,0.0,0,1.0,1.6666666666666703,1,3,3,0,0,2,3,0
0,0,0,0,0.3963963963963964,0.0,0,0,0.0495495495495495,0,0.9999999999999998,0.4009009009009009,0,0,1,0,0,0,1,0
78,4,76,4,3.1631578947368366,0.7416666666666665,2,6,0.4806666666666669,2,1.5894736842105233,2.307017543859649,6,45,5,2,2,8,8,1
1,1,3,1,1.0677966101694902,1.0,1,7,0.158730158730159,1,1.1355932203389791,2.118644067796609,2,112,5,1,0,33,5,1
26,2,12,2,5.0,1.0,1,1,2.0,1,57.0,9.199999999999992,240,70,23,3,16,8,42,0
0,0,0,0,1.0,0.0,0,0,0.0,0,1.0,1.0,1,0,1,0,4,1,5,0
0,0,0,0,3.36825396825397,0.0,0,1,1.2129870129870128,0,2.460317460317461,3.7206349206349247,7,32,8,2,4,5,12,0
0,0,0,0,0.333333333333333,0.0,0,1,0.0,0,1.0,4.6666666666666705,1,5,4,0,1,1,5,0
0,0,0,0,0.0,0.0,0,0,0.0,0,1.0,0.5454545454545454,1,0,1,0,0,0,1,0
0,0,0,0,1.3227272727272734,0.0,0,1,0.2626262626262624,0,1.3545454545454554,1.8272727272727272,2,10,5,0,0,2,5,0
138,5,34,5,2.3333333333333286,0.5999999999999996,2,1,0.6206896551724139,2,2.8888888888888906,2.92592592592593,17,138,9,3,4,10,14,4
0,0,0,0,4.730769230769229,0.0,0,13,0.75,0,2.07692307692308,2.84615384615385,9,72,5,2,2,14,9,1
34,2,10,2,3.080246913580249,0.1481481481481479,1,7,1.8497474747474745,1,44.50925925925924,7.333333333333326,437,111,18,4,0,6,22,4
0,0,0,0,8.0,0.0,0,17,1.0,0,2.0,25.0,2,18,48,1,3,8,60,0
438,8,123,8,2.1351351351351355,0.4787644787644786,3,1,0.6086086086086088,3,1.5868725868725866,3.1606177606177597,4,34,4,2,3,12,8,2
0,0,0,0,21.25,0.0,0,3,0.5,0,1.25,2.5,2,5,3,1,2,50,5,0
0,0,0,0,1.5,0.0,0,2,0.0,0,1.0,1.5,1,2,3,0,3,2,6,0
22,1,0,1,0.0,1.0,1,0,0.0,1,1.0,1.72,1,1,3,0,3,0,5,0
5,0,7,0,1.4166666666666643,0.4999999999999999,0,1,0.1875,0,1.0833333333333353,2.3333333333333353,1,8,3,0,1,3,5,0
164,3,47,3,2.735135135135133,0.8756756756756758,1,10,0.9355914355914348,1,3.1702702702702696,3.9837837837837786,19,96,7,3,0,6,8,3
2,1,2,1,3.66666666666667,1.0,1,0,1.25,1,27.16666666666669,4.0,144,46,21,2,9,7,35,0
6,1,9,1,2.704931972789114,1.0,0,3,0.3294460641399419,0,1.5650510204081631,2.3618197278911537,5,47,4,1,1,8,6,2
0,0,0,0,3.1806122448979575,0.0,0,2,0.0,0,1.0,1.7020408163265313,0,4,2,0,0,5,2,0
3,0,5,0,1.9072836801752484,0.8072289156626506,0,4,0.9395538196743008,0,2.081927710843374,3.2116648411829143,6,36,6,2,0,4,6,0
0,0,0,0,3.279441707717564,0.1586206896551724,0,2,0.1919211822660101,0,1.1004597701149426,2.712725779967155,1,8,3,0,0,6,4,0
0,0,0,0,2.0,0.0,0,1,0.0,0,1.0,2.0,1,2,5,0,0,2,5,0
0,0,0,0,2.2873563218390816,0.0,0,2,0.3724137931034483,0,1.206896551724135,3.0965517241379317,1,10,7,0,2,4,10,0
4,1,4,1,4.333333333333329,1.0,1,4,1.2727272727272698,1,5.70833333333333,5.0416666666666705,53,193,11,5,1,16,14,4
0,0,0,0,1.625,0.0,0,11,0.609375,0,1.6964285714285696,2.9821428571428608,10,133,7,4,0,11,8,2
248,2,1,2,2.0,1.0,1,3,0.2999999999999998,1,1.125,15.625,2,131,22,1,0,4,25,2
17,8,15,8,4.857142857142861,0.5,3,7,1.75,3,12.428571428571402,7.571428571428571,120,132,21,4,4,10,28,11
2,1,2,1,2.8353174603174596,0.5833333333333333,0,1,0.5650252525252523,0,1.226851851851848,2.833664021164018,3,12,3,2,0,7,4,1
0,0,0,0,6.916666666666666,0.0,0,3,1.125,0,2.3333333333333286,4.41666666666667,5,63,9,3,0,14,10,0
2,1,2,1,6.400000000000002,1.0,1,9,1.125,1,3.0,5.5,9,142,11,2,1,12,12,0
57,4,57,4,4.0,1.0,1,18,0.4166666666666669,1,4.264705882352942,2.705882352941181,96,88,6,3,0,19,6,1
6,4,5,4,2.304444444444448,0.5866666666666666,2,6,0.525457875457875,2,1.5411111111111149,3.921111111111116,4,74,8,2,0,8,8,5
0,0,0,0,5.0,0.0,0,2,0.0,0,1.0,4.5,1,2,3,0,0,10,3,0
156,10,46,10,1.0249999999999997,0.6,3,7,0.2380952380952381,3,3.150000000000001,1.9500000000000015,84,66,3,3,1,7,3,0
12,2,2,2,0.9090909090909088,0.5,2,3,0.0,2,1.0,1.4545454545454497,1,12,1,0,0,4,1,0
9,1,3,1,1.906052963430013,0.2295081967213116,0,3,0.358194957311193,0,1.6523003701745094,2.4215311394052823,12,64,4,2,2,7,7,0
408,14,177,14,6.3684065934065925,0.584874260355029,2,9,1.5994983277591972,2,3.465109890109892,5.3228021978022015,12,133,11,3,1,31,14,8
0,0,0,0,2.666666666666671,0.0,0,3,1.0,0,1.66666666666667,3.3333333333333295,3,7,9,2,0,5,9,0
26,2,5,2,2.320556826849731,0.2739130434782607,0,5,0.9771739130434788,0,8.268115942028984,3.918954996186118,118,84,9,3,6,6,16,4
60,2,1,2,2.5714285714285756,1.0,1,5,0.3000000000000004,1,1.2857142857142916,2.5714285714285756,2,11,7,1,0,5,7,0
9,1,0,1,0.6086956521739131,0.8369565217391304,1,0,0.3451086956521739,1,1.2282608695652173,1.0923913043478262,1,1,2,0,0,0,2,0
0,0,0,0,2.4099099099099126,0.0,0,2,1.6554054054054057,0,10.076576576576574,7.031531531531531,22,24,14,3,0,4,20,0
0,0,0,0,0.5882352941176469,0.0,0,2,0.0,0,1.0,0.9411764705882352,1,13,3,0,0,7,3,0
46,1,0,1,1.142857142857143,0.6623376623376623,1,1,0.2857142857142857,1,1.1428571428571428,4.3474025974025965,1,5,10,0,3,1,11,0
0,0,0,0,2.210317460317459,0.1798941798941799,0,1,0.6285714285714283,0,1.3597883597883602,3.4448853615520276,1,4,4,1,0,3,5,0
2,1,1,1,3.22222222222222,1.0,1,5,0.0,1,1.0,2.0,1,12,4,0,0,6,4,0
12,1,11,1,3.932620320855616,0.2818181818181817,1,1,0.0606060606060605,1,1.0,1.0035650623885934,1,1,1,1,4,10,5,0
14,3,6,3,6.5294117647058805,0.333333333333333,3,12,0.5,3,1.7058823529411804,2.50980392156863,12,126,5,3,1,76,7,6
360,5,39,5,5.111711711711714,1.0,1,24,1.5498225498225502,1,3.246846846846851,7.425225225225223,8,46,15,2,6,11,23,5
0,0,0,0,2.6196373286156596,0.0,0,4,0.33,0,1.2870411322423705,3.4334365325077414,3,47,5,1,0,13,6,0
14,1,4,1,1.3999999999999997,0.6666666666666665,1,3,1.1895424836601327,1,3.184615384615383,3.871794871794873,15,45,8,2,4,3,13,0
50,3,15,3,2.976470588235295,0.5294117647058824,1,0,1.478991596638655,1,2.9647058823529413,5.4,4,14,11,2,4,3,16,0
0,0,0,0,27.5555555555556,0.0,0,3,1.0,0,4.111111111111109,4.555555555555557,12,57,35,2,0,216,36,4
1,0,1,0,4.299533799533801,0.4242424242424243,0,1,0.6141414141414138,0,2.0936771561771557,2.522144522144522,5,46,5,2,3,8,10,0
0,0,0,0,4.115384615384611,0.0,0,3,0.1428571428571429,0,1.0769230769230802,2.07692307692308,2,39,4,1,3,17,8,1
0,0,0,0,2.175,0.0,0,1,0.4917582417582417,0,1.2442307692307693,2.6634615384615374,2,8,4,1,2,3,6,0
89,4,55,4,1.5,1.0,1,0,0.4285714285714288,1,1.25,2.0,2,10,5,1,0,3,5,0
3,1,3,1,5.0,1.0,1,31,0.3448275862068968,1,1.333333333333329,2.66666666666667,6,59,4,2,0,35,4,0
272,4,265,4,2.8203856749311287,0.7402597402597403,2,9,1.4117647058823526,2,2.0099173553718996,4.937741046831956,3,42,8,4,0,5,8,0
10,2,0,2,0.714285714285714,1.0,1,2,0.0,1,1.0,1.0,1,0,1,0,0,2,1,0
0,0,0,0,0.1432098765432098,0.0,0,2,0.0,0,1.0,0.975308641975308,1,0,1,0,0,2,1,0
0,0,0,0,7.0,0.0,0,5,0.75,0,2.5,9.0,4,14,16,1,0,8,16,0
0,0,0,0,0.5,0.0,0,0,0.0,0,1.0,1.0,1,4,3,0,0,1,3,0
91,4,9,4,6.2,0.75,2,9,0.176470588235294,2,1.06666666666667,4.26666666666667,2,57,6,1,0,14,6,6
204,6,36,6,3.9019607843137303,0.6666666666666672,2,10,0.568965517241379,2,1.9803921568627496,3.4901960784313686,12,141,7,3,3,13,10,9
2,0,0,0,7.416666666666666,0.3333333333333333,0,0,0.5363636363636366,0,1.4583333333333333,2.0416666666666665,2,15,4,1,3,31,8,0
408,11,149,11,3.57534246575342,0.7272727272727271,2,10,0.649350649350649,2,15.1917808219178,3.0958904109589,988,246,7,3,4,14,12,7
6,2,6,2,3.200000000000001,0.5,2,6,0.9230769230769228,2,2.35,3.950000000000001,11,85,8,5,0,14,8,2
0,0,0,0,2.664062499999999,0.1484374999999999,0,0,0.0,0,1.0,2.281249999999999,1,1,3,0,0,2,3,0
68,7,28,7,4.964558169103623,0.6494490358126727,2,6,0.7084790209790208,2,1.5655594405594428,3.0481563890654777,4,58,5,3,0,22,6,0
3,1,3,1,3.485714285714289,1.0,1,3,0.65,1,3.5999999999999996,3.5999999999999996,72,122,7,3,3,12,12,8
176,6,34,6,3.302222222222224,0.5400000000000001,2,2,0.9623931623931622,2,1.9955555555555569,3.426666666666666,7,53,6,4,0,8,6,0
0,0,0,0,1.8701183431952657,0.1923076923076923,0,3,0.7720352564102564,0,2.033431952662725,2.9097633136094636,3,74,3,1,2,26,6,1
0,0,0,0,4.083333333333329,0.0,0,1,1.4230769230769202,0,2.916666666666671,4.375,9,111,10,3,2,13,13,2
0,0,0,0,1.666666666666671,0.0,0,1,0.0,0,1.0,2.0,1,3,3,0,0,3,3,0
27,1,0,1,28.0,1.0,1,2,0.75,1,2.5,1.0,4,6,6,1,0,55,6,0
1,0,2,0,2.579999999999996,0.4499999999999999,0,2,0.314285714285714,0,1.2199999999999993,2.1900000000000013,1,8,3,0,0,4,3,0
130,5,13,5,12.567741935483877,1.0,1,2,0.0,1,1.0,1.9193548387096773,1,7,3,0,0,58,3,0
0,0,0,0,1.9029914529914516,0.0,0,6,0.8350839964633071,0,2.200854700854702,3.481623931623933,10,66,8,2,0,5,9,1
0,0,0,0,4.626122448979592,0.0,0,4,0.6212585034013606,0,1.3821088435374147,3.8430612244897953,2,20,5,1,0,10,5,0
213,4,71,4,1.125,1.0,1,5,0.0,1,1.0,4.125,1,12,5,0,0,2,5,0
0,0,0,0,1.5,0.0,0,2,0.0,0,1.0,1.5,1,2,3,0,3,2,6,0
0,0,0,0,1.3333333333333288,0.0,0,2,0.0,0,1.0,3.3333333333333286,1,7,5,0,1,3,8,0
0,0,0,0,2.806797853309481,0.0,0,3,0.4059018956419777,0,1.457960644007158,2.3237924865831867,5,35,5,1,3,7,9,0
59,5,36,5,6.597662444650388,0.575301204819277,2,11,0.961020552799432,2,5.528328699413042,3.6077129028936263,37,74,8,2,3,18,13,2
13,0,14,0,1.582066869300912,0.4893617021276594,0,1,0.2995647969052222,0,1.845592705167173,3.55258358662614,8,65,7,1,0,6,8,0
0,0,0,0,1.2352941176470604,0.0,0,5,0.4722222222222219,0,1.4411764705882395,3.0,2,96,6,1,3,2,9,0
0,0,0,0,4.0,0.0,0,0,0.5999999999999999,0,1.33333333333333,2.0,2,7,6,1,0,6,6,1
36,1,0,1,1.84045584045584,1.0,0,0,0.3846153846153846,0,1.008547008547009,1.6638176638176638,1,2,4,0,0,2,4,0
0,0,0,0,4.03030303030303,0.9545454545454546,0,1,0.9500811688311686,0,2.407713498622586,7.278581267217625,5,80,11,2,0,13,12,3
0,0,1,0,1.875,0.5,0,4,0.527777777777777,0,1.7604166666666643,2.041666666666664,9,45,4,2,0,6,4,0
0,0,0,0,0.0,0.0,0,0,0.0,0,1.0,0.0555555555555555,1,0,1,0,0,0,1,0
58,2,58,2,1.0,0.5,2,2,0.0,2,1.0,0.5745614035087719,1,0,1,0,0,1,1,0
0,0,0,0,0.6384615384615386,0.2884615384615384,0,0,0.0288461538461538,0,0.7961538461538463,0.3634615384615384,0,0,0,0,0,0,0,0
85,1,2,1,3.0833333333333357,0.9285714285714284,1,0,1.1349206349206349,1,3.9047619047619,2.452380952380953,14,32,6,1,0,4,8,4
74,1,0,1,7.5,1.0,1,3,1.6000000000000003,1,7.5,10.0,14,28,21,2,0,12,21,0
0,0,0,0,2.4512195121951215,0.1951219512195122,0,0,0.2560975609756097,0,0.9999999999999996,2.268292682926829,0,1,2,1,0,2,3,0
0,0,0,0,3.375,0.0,0,2,0.0,0,1.0,1.5,1,9,3,0,1,11,4,0
18,2,20,2,4.125,0.5,2,14,0.6999999999999997,2,1.625,7.0,4,37,11,2,1,6,13,4
0,0,0,0,6.714285714285708,0.0,0,1,0.7777777777777781,0,1.42857142857143,3.2857142857142905,3,16,5,2,0,25,5,0
0,0,0,0,7.133333333333332,0.0,0,2,1.0,0,2.0,8.266666666666666,2,6,19,1,0,7,21,0
0,0,0,0,2.86937229437229,0.0,0,1,0.0584415584415584,0,1.027272727272727,2.028571428571428,1,6,3,0,0,5,3,0
4,0,2,0,1.9659090909090904,0.5227272727272727,0,0,0.84375,0,2.227272727272727,3.621212121212123,6,20,7,2,0,5,7,0
0,0,0,0,2.0,0.0,0,1,1.0,0,2.0,4.0,2,4,10,1,1,2,11,0
0,0,0,0,4.0,0.0,0,3,1.0,0,9.0,8.0,9,18,33,1,4,4,42,0
0,0,0,0,2.4454545454545453,0.0,0,0,0.062937062937063,0,1.0,1.5545454545454545,1,14,3,0,0,3,3,0
0,0,0,0,2.3506944444444415,0.0,0,5,1.3263888888888846,0,5.374999999999999,4.04861111111111,23,54,10,3,0,6,11,1
2,1,2,1,5.833333333333329,1.0,1,2,1.444444444444439,1,2.5,4.5,5,30,9,3,0,8,10,1
0,0,0,0,9.0,0.0,0,15,0.4117647058823531,0,1.23076923076923,4.769230769230772,3,32,7,2,0,49,8,0
5,1,3,1,2.618749999999999,1.0,1,12,1.0854700854700885,1,3.581249999999997,4.537499999999996,22,41,8,3,0,14,9,0
22,2,2,2,2.22222222222222,1.0,1,1,0.6363636363636361,1,2.4444444444444406,3.111111111111108,10,30,5,1,2,4,8,3
0,0,0,0,1.5714285714285696,0.0,0,1,0.888888888888889,0,1.5714285714285696,2.2857142857142905,3,14,5,2,0,4,5,0
5,2,5,2,1.7142857142857095,1.0,1,1,0.0,1,1.0,2.7857142857142905,1,13,2,0,0,3,2,1
43,3,7,3,2.121531100478471,0.5757575757575759,2,4,0.4025974025974026,2,1.6698564593301417,2.4287081339712926,7,56,4,1,0,6,5,0
0,0,0,0,3.0,0.0,0,2,2.1428571428571392,0,12.0,3.75,42,26,12,3,4,5,18,0
19,3,19,3,1.7647058823529396,0.6666666666666673,2,1,0.0,2,1.0,2.82352941176471,1,16,3,0,0,3,3,1
142,5,18,5,2.352201257861635,0.7547169811320754,1,5,0.8128182090446235,1,2.6163522012578593,3.374213836477988,10,29,6,2,0,5,6,1
5,1,2,1,14.88194444444444,0.5,0,2,0.4270833333333331,0,1.2013888888888913,2.4166666666666665,2,6,3,1,0,33,3,0
0,0,0,0,4.343749999999998,0.0,0,2,0.0,0,1.0,2.0,1,6,10,0,0,7,10,2
0,0,0,0,2.741379310344826,0.0,0,4,0.6908524904214564,0,1.4913793103448283,3.238505747126436,3,13,4,2,4,4,10,1
1,3,8,3,7.583333333333334,0.333333333333333,3,5,0.357142857142857,3,1.25,2.3333333333333286,2,24,4,1,2,38,6,0
0,0,0,0,0.0,0.0,0,0,0.0384615384615384,0,1.0,1.153846153846154,1,0,3,0,0,0,3,0
0,0,0,0,4.6666666666666705,0.0,0,2,1.2142857142857095,0,3.333333333333329,3.583333333333329,14,90,11,4,0,9,12,1
0,0,0,0,2.2718750000000005,0.3906249999999999,0,1,0.0996093749999999,0,1.1328125,2.485416666666665,1,13,5,0,1,4,7,0
0,0,0,0,0.7903068204025803,0.0,0,1,0.3151774785801713,0,1.1386880333528755,1.8147351964041392,2,24,3,2,0,2,3,0
0,0,0,0,1.2620192307692308,0.0721153846153846,0,0,0.0,0,1.0,1.192307692307692,0,0,1,0,0,1,2,0
0,0,0,0,6.333333333333329,0.0,0,2,0.375,0,1.1666666666666696,1.5,2,8,3,1,0,23,3,0
34,1,0,1,0.0,1.0,1,3,0.0,1,1.0,5.571428571428569,1,56,12,0,0,0,14,0
0,0,0,0,2.0,0.0,0,19,0.0,0,1.0,4.0,1,20,23,0,0,2,23,0
0,0,0,0,2.0,0.0,0,2,0.0,0,1.0,2.0,1,3,6,0,0,2,6,0
0,0,0,0,1.1235955056179765,0.0,0,0,0.0,0,1.0,0.8764044943820224,1,0,1,0,4,1,5,0
1,0,2,0,0.3988919667590028,0.1842105263157894,0,1,0.1228070175438595,0,1.0,1.017359187442292,1,11,2,2,4,4,7,0
0,0,0,0,3.3777523518942285,0.0,0,2,0.3925000830371674,0,1.1430333079074533,1.5273455377574383,3,25,3,3,0,11,3,0
9,1,5,1,5.778571428571423,1.0,1,5,1.0399999999999998,1,1.6119047619047622,1.98869047619048,4,12,4,2,4,22,8,0
0,0,0,0,3.596241830065364,0.0,0,0,1.9323306595365444,0,8.348202614379082,6.489869281045754,22,54,16,3,5,6,23,0
66,3,12,3,3.0909090909090917,0.6666666666666674,2,8,1.25,2,20.545454545454504,3.36363636363636,180,85,13,4,3,6,18,4
0,0,0,0,2.927350427350426,0.0,0,1,0.861111111111111,0,2.1111111111111116,4.286324786324789,6,39,8,2,0,5,8,0
37,3,9,3,1.42857142857143,1.0,1,3,0.75,1,1.42857142857143,3.1428571428571397,4,23,4,3,0,4,4,0
0,0,0,0,2.25,0.0,0,0,2.0,0,4.0,4.5,13,38,13,4,1,5,16,0
0,0,0,0,2.4622807017543873,0.0,0,1,0.0855263157894737,0,1.05701754385965,1.6964598997493745,1,6,3,0,0,3,3,0
62,1,0,1,3.75,1.0,1,1,0.666666666666667,1,1.75,2.5,3,10,7,1,0,10,7,1
6,2,6,2,1.7767320261437918,0.9733333333333332,1,1,0.0,1,1.0,2.065882352941176,1,16,3,0,0,3,3,1
0,0,0,0,0.8,0.0,0,5,0.0,0,1.0,0.0,1,0,1,0,0,1,1,0
171,14,89,14,1.93333333333333,0.6428571428571427,3,7,0.5294117647058821,3,1.1999999999999993,6.133333333333329,4,63,9,3,0,2,10,0
0,0,0,0,2.1103448275862053,0.0,0,0,0.4684729064039416,0,1.2379310344827577,2.3413793103448293,1,5,4,0,0,3,4,0
0,0,0,0,2.5714285714285703,0.0,0,3,1.6666666666666703,0,3.285714285714291,6.142857142857141,8,47,13,3,0,4,13,0
0,0,0,0,0.0166666666666666,0.0,0,2,0.6166666666666666,0,1.8833333333333333,6.8166666666666655,1,7,10,0,0,0,13,0
0,0,0,0,1.8823529411764703,0.0,0,3,0.5263157894736838,0,4.058823529411759,2.352941176470589,52,53,7,3,2,6,10,0
0,0,0,0,6.428571428571427,0.0,0,1,0.0,0,1.0,0.8571428571428574,1,0,1,0,6,11,7,0
0,0,0,0,0.0,0.0,0,1,0.0,0,1.0,0.5,1,1,2,0,0,0,2,0
7,1,0,1,0.7587006079027355,0.8457446808510637,1,1,0.0,1,0.9999999999999996,1.152482269503547,0,0,1,0,0,1,1,0
79,3,41,3,3.612173913043479,0.5478260869565221,2,1,0.5645272601794341,2,2.5547826086956547,2.843478260869568,15,44,5,1,0,10,6,0
0,0,0,0,1.8400000000000016,0.0,0,1,0.4074074074074068,0,1.36,2.3200000000000003,8,40,4,3,0,6,4,0
0,0,0,0,4.2,0.0,0,6,0.7142857142857142,0,1.657142857142857,10.438095238095224,2,37,21,1,0,5,28,0
0,0,0,0,27.5555555555556,0.0,0,3,1.0,0,4.11111111111111,4.55555555555556,12,57,35,2,0,216,36,4
0,0,0,0,1.95652173913043,0.0,0,5,0.2962962962962958,0,1.0869565217391297,1.5652173913043503,2,32,5,1,0,8,5,0
0,0,0,0,2.1904761904761947,0.0,0,0,0.3809523809523811,0,1.31746031746032,2.698412698412697,1,4,4,0,0,2,4,0
0,0,0,0,4.885057471264365,0.0,0,4,0.0620689655172413,0,1.0689655172413794,5.275862068965513,1,35,6,0,0,14,8,0
0,0,0,0,1.9135802469135816,0.0,0,1,0.4666666666666665,0,1.5185185185185217,2.52979066022544,5,39,4,2,0,5,4,0
0,1,2,1,1.0,1.0,1,5,0.2352941176470589,1,1.1538461538461495,2.6153846153846203,2,50,7,1,0,5,8,0
0,0,1,0,2.3947053707327677,0.2602739726027395,0,1,0.535491905354919,0,1.3342846270928452,3.0718906283974774,2,12,4,1,0,5,5,0
0,0,0,0,5.0,0.0,0,1,0.0,0,1.0,2.0,1,2,3,0,5,6,8,0
1,0,0,0,1.6143717728055087,0.1566265060240964,0,1,0.2974976830398514,0,1.1794320137693644,1.941135972461273,1,8,3,1,0,2,4,0
37,1,1,1,4.0,1.0,1,5,0.911111111111111,1,2.0,3.8410714285714223,4,20,7,2,0,8,7,1
0,0,0,0,8.75,0.0,0,8,0.285714285714286,0,1.1666666666666698,2.5,2,19,4,1,0,22,5,0
0,0,0,0,1.6,0.0,0,3,0.4285714285714289,0,1.1999999999999995,2.0,2,8,4,1,1,3,5,0
0,0,0,0,1.7687499999999987,0.0,0,2,0.8527777777777774,0,1.5249999999999997,2.4250000000000016,3,15,6,2,0,4,6,0
0,0,0,0,6.0,0.0,0,5,1.375,0,2.75,8.5,4,28,14,2,3,9,18,0
707,7,299,7,3.2909090909090897,1.0,1,16,0.788732394366197,1,2.69090909090909,2.69090909090909,70,119,5,2,0,7,5,0
0,0,0,0,18.86666666666667,0.0,0,0,0.4666666666666668,0,1.0,1.0,1,0,1,1,3,18,4,0
44,3,0,3,2.083333333333329,0.6666666666666672,2,1,0.2857142857142857,2,1.1666666666666707,3.75,2,41,6,1,0,6,6,1
0,0,0,0,0.0,0.0,0,1,0.0,0,1.0,1.0,1,0,1,0,0,0,1,0
0,0,0,0,2.4375,0.0,0,0,0.166666666666667,0,1.0625,1.6875,2,18,3,1,0,4,3,0
0,0,0,0,2.5602536997885847,0.0,0,4,0.1341681574239714,0,1.052854122621564,1.9175475687103605,1,15,3,0,0,4,3,0
0,0,0,0,1.0,0.0,0,5,1.0,0,8.0,10.0,8,20,31,1,3,1,46,0
0,0,0,0,2.25,0.0,0,9,0.4000000000000002,0,1.75,2.75,4,21,5,1,0,5,6,0
0,1,13,1,0.0,1.0,1,3,0.0,1,1.0,6.5,1,17,7,0,0,0,7,0
125,7,17,7,2.0,1.0,1,0,0.0,1,1.0,1.5,1,13,3,0,6,4,9,0
0,0,0,0,1.9648148148148168,0.0,0,1,0.5311111111111114,0,1.2774074074074062,2.3518518518518503,2,8,4,1,1,3,6,0
3,0,1,0,1.2819069069069071,0.2297297297297297,0,0,0.0,0,1.0,0.4727852852852852,1,0,1,0,3,3,4,0
0,0,0,0,3.25,0.0,0,20,0.5,0,1.25,9.0,2,29,12,1,0,13,13,0
38,2,0,2,0.0,0.5,2,0,0.0,2,0.0,1.0,0,0,0,0,0,0,0,0
38,2,0,2,0.0,0.5,2,0,0.0,2,0.0,1.0,0,0,0,0,0,0,0,0
0,0,0,0,1.7307359307359291,0.0,0,0,0.1324675324675324,0,1.073593073593073,1.797402597402598,1,5,3,0,0,3,3,1
0,0,0,0,2.118259803921569,0.1911764705882353,0,0,0.4264705882352941,0,1.4264705882352944,2.79656862745098,1,4,4,0,4,2,9,0
114,4,38,4,3.5,1.0,1,5,0.0,1,1.0,4.5,1,5,4,0,0,4,4,0
0,0,0,0,3.1907514450867103,0.0,0,1,0.274285714285714,0,1.7225433526011602,1.3005780346820794,30,279,4,5,0,138,4,2
0,0,0,0,3.0,0.0,0,2,0.0,0,1.0,2.3999999999999995,1,5,3,0,0,5,3,0
38,1,0,1,1.7555555555555555,1.0,1,2,0.2793650793650792,1,1.2444444444444442,4.000000000000001,1,8,7,0,0,3,8,0
0,0,0,0,2.7955377955377942,0.0,0,2,0.8935286935286936,0,2.7342657342657284,2.752247752247753,15,42,6,2,0,7,6,0
0,0,0,0,0.8970588235294117,0.0,0,0,0.2794117647058823,0,1.2794117647058825,3.3970588235294112,1,4,12,0,0,0,13,0
0,0,0,0,13.0,0.0,0,2,1.0,0,2.0,12.0,2,9,19,1,1,13,21,0
0,0,3,0,3.838068181818181,0.2386363636363636,0,2,0.3977272727272725,0,1.0,3.015151515151518,1,6,3,2,0,6,4,0
223,4,5,4,3.0,0.6406926406926406,2,3,3.3333333333333317,2,3.7012987012987,5.64935064935065,5,19,17,4,8,5,26,0
0,0,0,0,1.9393939393939388,0.0,0,0,0.090909090909091,0,1.0,1.0,1,3,3,0,0,3,3,0
85,4,2,4,1.4803921568627478,0.9301470588235292,1,1,0.1274509803921567,1,1.0,1.7659313725490209,1,2,2,0,1,2,3,0
0,0,0,0,4.888888888888892,0.0,0,4,0.0,0,1.0,1.6666666666666703,1,10,3,0,0,19,3,0
0,0,0,0,2.346224402075464,0.0,0,2,0.8261171452660798,0,1.6904301372386463,2.2453255963894256,3,18,5,1,0,4,5,0
0,0,0,0,1.0199074074074082,0.1458333333333333,0,3,0.2354166666666668,0,1.201967592592592,2.7328538359788324,1,9,5,0,0,2,6,0
0,0,0,0,3.7741935483870974,0.0,0,2,2.3629032258064515,0,5.080645161290324,8.677419354838712,7,14,16,2,1,5,17,0
0,0,0,0,5.472972972972974,0.0,0,3,1.5405405405405406,0,3.081081081081081,5.283783783783784,4,18,11,1,1,7,13,1
0,0,0,0,8.0,0.0,0,16,0.0,0,1.0,23.0,1,11,34,0,0,8,47,0
0,0,0,0,2.8571428571428568,0.0,0,0,0.0,0,1.0,1.0,1,0,1,0,4,2,5,0
0,0,0,0,3.5,0.0,0,6,0.5714285714285711,0,3.083333333333329,2.3333333333333286,24,33,5,2,0,16,6,2
7,5,5,5,2.1666666666666696,0.6,2,6,0.464285714285714,2,1.4166666666666698,3.91666666666667,4,73,8,2,0,8,8,6
0,0,0,0,5.285714285714292,0.0,0,1,0.6666666666666671,0,2.285714285714291,3.142857142857139,5,43,10,1,4,13,14,2
4,2,4,2,5.0,1.0,1,4,0.0,1,1.0,8.0,1,21,11,0,0,7,15,0
5,2,4,2,2.25,1.0,1,2,0.6666666666666674,1,1.5,4.0,2,10,6,1,2,4,8,0
0,0,0,0,0.7300884955752209,0.0,0,1,0.1238938053097344,0,1.123893805309734,2.803097345132743,1,3,5,0,0,1,6,0
0,0,0,0,2.9714285714285693,0.0,0,3,0.4285714285714285,0,1.342857142857142,2.62040816326531,2,11,5,0,2,7,8,0
17,1,3,1,0.6633223334043008,0.8032786885245902,1,1,0.0,1,0.9999999999999998,1.1371354055780267,0,7,0,0,0,2,0,0
45,1,0,1,2.560784313725488,1.0,1,5,0.0,1,1.1869281045751656,2.1869281045751663,2,8,5,0,0,5,5,0
0,0,0,0,5.333333333333329,0.0,0,1,2.200000000000001,0,6.0,2.6666666666666714,8,29,15,3,2,8,17,1
0,0,0,0,0.0,0.0,0,1,0.0,0,1.0,1.2000000000000002,1,4,2,0,2,0,4,0
0,0,0,0,3.700000000000001,0.0,0,13,0.9166666666666674,0,1.5,5.700000000000001,4,40,9,3,0,8,11,0
7,2,5,2,1.433918128654975,0.964912280701754,1,0,0.0,1,1.0,1.9520467836257296,1,7,2,0,0,1,2,0
8,1,2,1,9.5,1.0,1,1,0.6999999999999996,1,1.875,2.375,4,20,5,1,2,24,8,0
16,1,1,1,1.0232558139534884,1.0,1,0,0.6605255209906371,1,1.306976744186047,1.0627906976744188,2,7,3,3,0,2,3,0
0,0,0,0,2.8571428571428603,0.0,0,0,1.5555555555555602,0,2.1428571428571392,3.85714285714286,4,33,8,3,3,7,12,0
0,0,0,0,3.3333333333333286,0.0,0,0,1.5,0,4.1666666666666705,4.0,17,32,11,3,1,9,12,1
0,0,0,0,0.0,0.0,0,0,0.0,0,1.0,1.0,1,7,2,0,0,0,2,1
0,0,0,0,2.1455026455026474,0.0,0,2,0.6759259259259256,0,1.3756613756613787,3.0343915343915353,2,16,4,3,0,5,5,0
27,1,1,1,1.0,1.0,1,2,0.0,1,1.0,0.5555555555555558,1,0,1,0,4,1,5,0
63,1,0,1,2.903225806451613,1.0,1,1,0.5537634408602151,1,1.5806451612903225,1.9919354838709675,3,8,7,1,0,5,7,0
0,0,0,0,2.409722222222222,0.0,0,0,0.3166666666666665,0,1.1759259259259238,2.5856481481481457,1,5,3,0,0,3,4,0
0,0,0,0,0.04,0.0,0,1,0.0,0,1.0,2.72,1,10,7,0,0,0,7,0
48,2,0,2,2.511363636363636,1.0,1,2,0.0,1,1.0,2.579545454545454,1,3,3,0,0,3,3,0
0,0,0,0,3.607142857142856,0.0,0,0,0.0,0,1.0,0.8214285714285714,1,0,1,0,0,6,1,0
22,5,8,5,5.538469106650925,0.7840909090909091,1,3,0.1640727931488802,1,1.0859405745769417,1.7787780401416715,2,30,3,1,0,21,3,0
0,0,0,0,0.1322314049586777,0.2066115702479339,0,0,0.0,0,1.0,1.495867768595042,1,1,3,0,0,0,3,0
0,0,0,0,2.041025641025638,0.0,0,0,0.0096153846153846,0,1.004273504273504,1.4564102564102586,1,6,3,0,0,4,3,0
0,0,0,0,3.25,0.0,0,4,1.0,0,6.75,3.75,24,17,9,2,0,5,9,0
21,1,11,1,4.0,1.0,1,5,1.3333333333333297,1,2.0,6.25,3,30,12,2,1,5,13,2
0,0,0,0,5.9246031746031695,0.0,0,0,0.0178571428571428,0,1.0079365079365077,2.0674603174603132,1,7,3,0,0,17,3,0
4,2,3,2,1.085714285714286,0.5333333333333339,1,41,0.075,1,1.01904761904762,0.4285714285714281,1,5,1,0,0,1,1,0
0,0,0,0,3.2662037037037006,0.0,0,6,0.0,0,1.0,1.488425925925925,1,11,3,0,0,6,3,0
21,2,2,2,0.0,0.8492063492063491,1,0,0.0,1,0.6666666666666665,0.6666666666666665,0,0,1,0,0,0,1,0
16,3,9,3,0.4000000000000001,0.6666666666666674,2,2,0.0,2,1.0,0.5999999999999998,1,2,2,0,0,1,2,0
0,0,0,0,0.0,0.0,0,2,0.0,0,1.0,0.6749999999999998,1,0,1,0,0,0,1,0
0,0,0,0,2.6000000000000005,0.0,0,2,0.4000000000000001,0,2.6666666666666705,2.6000000000000005,24,46,5,2,0,11,6,0
18,1,0,1,0.0,1.0,1,0,0.0,1,1.0,1.0,1,2,3,0,0,0,3,0
0,0,0,0,3.787425595238096,0.0,0,2,0.1208333333333332,0,1.0491071428571412,1.480133928571428,1,7,2,0,0,10,3,0
0,0,0,0,1.3189655172413792,0.0,0,0,0.0,0,1.0,1.7586206896551724,1,2,2,0,9,1,12,0
0,0,0,0,4.5,0.0,0,1,0.0,0,1.0,1.0,1,0,1,0,0,8,1,0
0,0,0,0,2.375,0.0,0,1,1.5833333333333297,0,6.25,4.0,26,52,13,4,0,9,14,2
60,2,1,2,2.5714285714285703,1.0,1,5,0.3000000000000002,1,1.285714285714291,2.5714285714285703,2,11,7,1,0,5,7,0
6,0,5,0,5.345833333333331,0.875,0,4,0.5520833333333338,0,2.1708333333333347,2.466666666666667,9,28,4,1,1,10,7,0
0,0,0,0,1.6363636363636398,0.0,0,4,0.9230769230769232,0,1.8181818181818197,4.1818181818181825,3,32,7,2,3,7,10,0
1,0,0,0,0.8859649122807015,0.0350877192982456,0,1,0.0,0,0.9999999999999996,5.368421052631578,0,7,6,0,0,0,8,0
56,1,2,1,2.6095238095238074,0.9387755102040816,1,1,1.2026239067055382,1,2.36326530612245,5.60748299319728,3,19,17,1,0,3,19,0
8,3,2,3,8.910077519379833,0.5395348837209305,1,2,0.1190150478796169,1,1.0449612403100796,1.8217054263565895,1,22,3,0,0,32,3,0
0,0,0,0,2.628571428571427,0.0,0,1,0.6122448979591834,0,1.3714285714285686,2.5428571428571436,2,9,5,1,3,5,9,0
0,0,1,0,3.3223443223443225,0.5238095238095238,0,6,1.0535714285714286,0,1.838827838827839,3.153846153846153,4,30,5,2,0,7,6,0
0,0,0,0,2.0712250712250695,0.0,0,9,0.7818181818181815,0,1.931054131054131,3.2569800569800567,7,24,5,2,0,7,6,0
0,0,0,0,2.366666666666666,0.054054054054054,0,2,0.0,0,1.0,2.217117117117118,1,6,3,0,0,6,3,0
9,0,3,0,4.763541666666663,0.4124999999999998,0,1,1.2874999999999983,0,2.1892857142857145,2.9413690476190464,4,11,5,2,1,9,8,0
0,0,0,0,3.249158249158249,0.0303030303030303,0,2,0.1477272727272727,0,1.2626262626262643,1.867003367003366,2,13,3,0,0,8,3,0
0,0,0,0,2.1666666666666705,0.0,0,0,1.5,0,2.666666666666671,4.333333333333329,8,22,8,3,0,4,9,0
0,0,0,0,2.378531073446327,0.0,0,1,0.0,0,0.9999999999999994,1.8045197740113008,0,4,3,0,0,4,3,0
20,2,0,2,5.598468660968658,0.7361111111111109,1,1,0.239021164021164,1,1.11663105413105,1.5334757834757833,2,16,3,1,0,27,3,0
0,0,0,0,2.0,0.0,0,1,0.0,0,1.0,1.625,1,9,3,0,0,3,3,0
0,0,0,0,2.5,0.0,0,2,3.75,0,8.5,4.0,16,13,17,5,1,4,18,0
0,0,0,0,1.3484848484848448,0.0,0,1,0.0,0,1.0,2.318181818181814,1,4,3,0,0,2,3,0
1,0,1,0,2.3807228915662635,0.1927710843373493,0,0,0.0180722891566265,0,1.0,1.0,0,4,3,0,0,3,3,0
0,0,0,0,4.5,0.0,0,1,0.0,0,1.0,1.0,1,0,1,0,0,8,1,0
0,0,0,0,0.0,0.0,0,1,0.0,0,1.0,1.1999999999999993,1,4,2,0,2,0,4,0
0,0,0,0,1.666666666666671,0.0,0,2,0.0,0,1.0,1.666666666666671,1,6,4,0,0,5,4,2
0,0,0,0,3.125,0.0,0,0,0.8000000000000003,0,1.5,2.625,3,31,6,2,0,8,6,1
0,0,0,0,2.2898373983739835,0.0,0,0,0.1375609756097562,0,1.0764227642276425,2.5158536585365865,1,3,3,0,0,3,3,0
0,0,0,0,2.0,0.0,0,1,0.8181818181818179,0,1.6666666666666707,3.1111111111111085,4,25,6,2,6,3,12,4
1,0,2,0,3.782522429261561,0.2173913043478261,0,3,0.3579710144927539,0,1.238526570048307,4.420031055900623,2,11,6,0,0,8,7,0
0,0,0,0,0.75,0.0,0,2,0.2857142857142858,0,1.1666666666666698,2.75,2,19,3,1,1,3,3,0
0,0,0,0,5.9254807692307745,0.0,0,4,0.3811011904761903,0,1.192994505494506,2.6167582417582422,2,24,3,1,0,16,4,0
121,7,94,7,8.815365903256138,0.7844809056922863,2,6,0.963092055899239,2,2.7670938066863173,4.115356327670778,13,99,9,4,4,96,14,2
450,13,98,13,4.257739792178036,0.6592361665730834,1,15,1.0723542807688156,1,3.373099901994948,5.677172256447844,15,137,9,4,0,18,9,21
276,21,101,21,8.292447033179354,0.3844400099451736,3,92,1.0463625459863064,3,34.293392211858496,8.329000151757514,2505,1035,17,4,1,138,20,14
3209,82,1185,82,4.757415380226327,0.6007058037170945,3,89,0.7836130490320778,4,6.625413353278339,6.04395414145703,254,1925,11,5,3,43,17,46
1166,13,667,13,3.9269977276323536,0.9478569513480536,1,21,0.9928779090578288,1,3.0436718075009264,3.7024805597606534,31,194,7,4,0,23,8,4
193,12,201,12,3.7727480406206544,0.6430323856330177,3,24,0.793910291938198,3,2.562982300148141,3.886880875132575,19,296,7,3,1,12,9,13
513,14,383,14,3.30246720731028,0.7103811366495729,2,18,1.3906542353995093,2,2.9207476170299964,5.055205541349782,13,98,10,5,1,11,12,7
411,7,163,7,4.856984328545523,0.578203612920647,2,27,1.6854098681819945,2,100.13140080955648,10.285809402872689,747,86,33,3,3,15,39,3
205,5,32,5,3.7112859122368262,0.7944721995844265,2,5,0.9664540589583758,2,3.316058957034663,3.620800503965867,31,128,8,4,1,15,10,2
56,4,43,4,3.6443789295148687,0.7752163077912795,2,6,1.2293196480887738,2,17.431729483668487,3.6659061146906207,334,123,11,4,3,16,14,2
25,3,5,3,2.33333333333333,1.0,1,2,0.6,1,1.33333333333333,2.33333333333333,2,5,4,1,0,3,4,0
283,10,57,10,7.83834808356347,1.0,1,11,1.0951326203387617,1,2.277192020601643,3.8948107267389585,5,68,7,3,0,43,7,1
232,9,93,9,8.060020441588634,0.8120507720909188,1,11,1.039039843778183,1,2.091821540267945,3.9537109326794337,6,63,7,3,0,58,7,2
47,3,5,3,3.4158222561917,1.0,1,2,0.6,1,1.33333333333333,2.520622230714592,2,5,4,1,0,4,4,0
203,8,116,8,3.3034831863248875,0.6918909003159064,2,4,0.745919582985428,2,2.387523656087154,5.151805115638153,12,98,9,3,2,10,13,1
21,1,33,1,5.228041434850429,1.0,1,2,1.016715574175345,1,1.3834935413359206,2.7354986585670225,2,15,4,5,0,10,5,0
627,19,477,19,4.109421838080948,0.543042796703614,3,34,0.9047165272007514,3,9.960056482881663,6.208462027212842,202,333,14,4,0,19,16,9
146,2,0,2,2.14285714285714,1.0,1,4,0.3,1,1.14285714285714,3.71428571428571,2,16,4,1,0,4,4,0
259,21,95,21,8.331709729035225,0.3819207945147495,3,91,1.0497145131569656,4,34.84015373354383,8.33441950908223,2553,1017,17,4,1,140,20,13
61,2,1,2,2.6,1.0,1,5,0.625,1,1.6,3.0,2,13,9,1,0,5,9,0
456,14,322,14,3.9898200046714702,0.6623479741538428,3,31,1.0136634233315638,3,8.365446679646341,5.9058339131861946,158,344,13,4,1,15,16,15
282,3,279,3,2.8801156506794965,0.6693950136957317,2,3,2.0754448767384166,2,3.828959143884531,4.153136078737231,7,59,11,3,0,4,12,4
948,13,303,13,4.240610979363946,1.0,1,25,0.7237752398595316,1,1.80694275669114,3.4615269130261574,7,210,5,4,0,56,6,4
768,20,503,20,4.315771190744474,0.5749964475215107,3,41,1.0208154139624548,3,12.107194242197185,7.116381994238417,266,459,16,4,1,22,19,15
293,6,77,6,4.750777187805068,0.590765105508981,2,31,1.2554852196760964,2,106.04686697863268,9.136910114173006,1213,122,29,3,3,17,34,6
272,3,271,3,2.875,0.666666666666667,2,3,2.1,2,3.875,4.125,7,58,11,3,0,4,12,5
45,3,5,3,2.977637429899373,1.0,1,3,0.6,1,1.33333333333333,2.5665614057578576,2,5,4,1,0,3,4,0
31,3,32,3,3.6736074890532113,1.0,1,2,0.8348316455230174,1,1.3616001054796207,3.578395939034529,2,16,6,3,0,7,7,0
123,3,22,3,4.2,1.0,1,7,0.666666666666667,1,1.4,3.1,4,21,4,3,0,7,4,0
220,8,100,8,3.262254164364256,0.6059274609464146,2,3,0.6434041770292638,2,2.263279441259846,5.386364821657418,12,97,9,3,2,10,12,1
1500,48,625,48,5.713051890967574,0.5077650235028704,3,91,0.9172152794169112,3,17.907833904815003,6.863191071640909,1000,1665,14,4,1,45,18,59
84,2,40,2,3.587760161248613,0.5893878354625851,2,19,0.968129251142621,2,50.40232780638855,5.656850166109391,1379,182,10,4,1,11,12,9
36,3,5,3,2.5114424911768545,1.0,1,2,0.6,1,1.33333333333333,2.33333333333333,2,5,4,1,0,3,4,0
204,7,123,7,6.331496486129044,0.6774525952313604,2,10,1.0394539920146733,2,2.006812165409277,3.8828697869638766,6,64,7,3,0,41,7,2
178,7,125,7,3.3460603068694064,0.8585371780659565,2,6,0.9648083435534616,2,2.8016913296425203,4.427721053609931,16,106,10,4,3,10,14,2
61,2,1,2,2.6,1.0,1,5,0.625,1,1.6,2.707468992810123,2,13,9,1,0,5,9,0
1423,49,722,49,5.090772852900365,0.4881053239576985,3,83,0.9867891342905944,3,30.73679766190766,5.765642140415307,1920,1379,13,5,1,33,17,59
61,2,1,2,2.6,1.0,1,5,0.625,1,1.6,3.0,2,13,9,1,0,5,9,0
38,2,4,2,2.480396483427235,0.8267988278090783,0,1,0.496079296685447,0,1.27559960926969,2.27559960926969,1,5,4,0,0,3,4,0
61,2,1,2,2.6,1.0,1,5,0.625,1,1.6,3.0,2,13,9,1,0,5,9,0
161,4,216,4,4.678833166494741,0.5101268821375533,3,16,1.1511917510583642,3,2.906951268382973,6.185770193614697,13,83,9,4,0,12,11,2
136,3,11,3,3.3287179040525454,1.0,1,5,0.5417646103593604,1,1.2982457943241237,3.4607568618922104,3,17,4,2,0,5,4,0
38,2,4,2,3.310116884215787,0.8227903518766931,0,2,0.4936742111260158,0,1.2742634506255617,2.2742634506255617,1,5,3,0,0,4,4,0
152,7,135,7,3.312767528200447,0.7871914725018858,1,6,0.9540958491498784,1,2.601997611615986,4.582363406709575,11,104,10,3,3,10,14,4
530,14,467,14,3.0391633375979454,0.7303614917398791,2,18,1.4858419524812765,2,2.772108335740776,4.8439254200886745,13,85,10,5,1,9,13,3
124,3,22,3,4.297097762172081,1.0,1,7,0.707406986459149,1,1.4176541385767405,3.1485488810860405,4,19,4,3,0,7,4,0
45,3,5,3,2.977621882066404,1.0,1,3,0.6,1,1.33333333333333,2.5665497448831314,2,5,4,1,0,3,4,0
30,13,8,13,1.9748551509700771,0.6037576630384721,3,51,0.0452607282538615,3,1.0251448490299229,4.050289698059847,1,53,56,0,2,2,59,0
337,20,171,20,7.517048793257556,0.4204537525306449,3,81,1.0470365908418031,3,30.41672774578391,8.095211725544113,2100,883,17,4,1,116,20,12
1256,16,985,16,4.336762623989735,0.8564770379540281,2,22,1.325267591815766,2,11.245287054414629,5.432286934424468,157,250,11,4,0,29,13,16
146,4,245,4,5.0,0.5,3,19,1.27777777777778,3,3.06666666666667,6.33333333333333,13,80,10,5,0,13,11,3
193,4,142,4,4.3737497024643455,0.6025009050266186,2,9,1.061085900462618,2,1.9846499166900131,3.78382200523663,7,66,7,3,0,18,7,3
40,3,7,3,3.866686817117516,1.0,1,3,0.6,1,1.33333333333333,3.2333484461714663,2,5,4,1,0,4,4,0
53,5,38,5,3.0196498151775666,0.952280628041932,1,6,0.9306038380340272,1,1.97894689455528,3.98315676535674,4,23,6,1,0,6,8,1
393,7,93,7,5.116523841474166,0.6235200358129496,2,32,1.3738126463109543,2,118.88745627719972,10.1300856951155,930,91,35,3,3,18,42,3
221,3,260,3,3.728309259938893,0.5997404502008713,2,9,1.7698306654354097,2,3.550407850140893,5.011772368171789,9,66,10,3,0,7,11,4
230,9,91,9,3.23809523809524,0.555555555555556,3,3,0.583333333333333,3,2.19047619047619,5.52380952380952,13,97,9,3,2,10,12,1
794,17,412,17,4.229237186708678,0.7386550308991786,2,32,0.9001408282516657,2,8.257712675149232,5.7062942953914835,161,302,12,4,0,35,14,8
215,18,83,18,7.736612191439432,0.3968077530028274,2,83,1.0399132974525005,3,39.65169771340395,8.104019433435983,2478,907,17,4,1,124,19,12
61,2,1,2,2.6,1.0,1,5,0.625,1,1.6,3.0,2,13,9,1,0,5,9,0
320,3,301,3,3.1483759763062427,0.6088093171838643,2,4,2.24927196166563,2,12.21600478818825,5.747030792750373,40,61,14,3,0,4,16,4
125,9,108,9,3.733861043090142,0.7453150435430929,3,24,0.9417231400115396,3,2.8274537674556433,4.184137072665802,20,318,8,3,1,10,11,19
76,2,40,2,3.6135471450483143,0.5758970503967723,2,20,0.9682229371500224,2,53.41733735768687,5.786703997670918,1465,186,10,4,1,12,12,9
229,8,91,8,3.249231550297681,0.5547960019540562,3,3,0.5895768639376618,3,2.1864328525073033,5.500097745212322,12,96,8,3,1,10,11,1
62,3,8,3,4.7943611440051175,1.0,1,5,1.106046254069683,1,1.9658911509204389,3.483438456218981,3,11,6,1,0,7,6,0
1026,11,432,11,3.979851433588851,1.0,1,24,0.8846909823436607,1,2.5251396406593596,3.485589231480388,21,210,6,4,0,34,7,4
403,13,286,13,3.949373004844682,0.6797492844196414,3,30,1.0098905361124564,3,7.543235364553667,5.660506694002028,137,341,12,4,1,14,15,16
43,3,6,3,3.3750210052980467,1.0,1,3,0.6,1,1.33333333333333,2.864599087306864,2,5,4,1,0,4,4,0
85,4,76,4,3.0047770093247066,0.4428409618144286,1,6,0.9141352056527348,1,2.4052258912231532,4.308594056597805,10,122,8,3,2,10,11,10
61,2,1,2,2.6,1.0,1,5,0.625,1,1.6,3.0,2,13,9,1,0,5,9,0
16,2,9,2,3.2458963448374956,0.4345981660011937,1,5,1.113972505546081,1,13.170392150600332,3.643695039931508,244,136,8,3,1,14,10,9
16,2,3,2,4.147912651596135,0.832187063561026,1,11,0.3712420489934657,1,1.971953731574562,3.4417370187809526,9,32,5,1,0,14,5,0
441,6,378,6,3.833793521605495,0.4637474028348163,2,7,2.623531700686171,2,33.12885567031877,9.813841561525935,123,69,22,4,0,5,26,3
32,3,5,3,4.0,1.0,1,2,0.6,1,1.33333333333333,2.4400893992692145,2,5,4,1,0,5,4,0
252,3,250,3,3.094516398914986,0.6355991688686429,2,4,1.9024107140045672,2,3.5058690722155825,4.06245622153819,7,59,10,3,0,6,11,4
33,3,5,3,4.0,1.0,1,2,0.6,1,1.33333333333333,2.4610230627557956,2,5,4,1,0,5,4,0
409,5,357,5,3.649592682475648,0.5027317074125617,2,6,2.522952194875589,2,27.508683400868104,8.720916582688844,101,66,19,4,0,5,23,3
28,3,28,3,3.731064632307924,0.6369929708120219,2,15,1.1482361608324196,2,43.41216530888869,4.8182136148715955,1109,163,11,4,2,16,13,6
24,4,7,4,4.425491642629154,0.7890055966934522,1,3,0.0274860082663697,1,1.1511730454650326,1.7235250721125397,1,22,3,0,0,15,3,0
229,3,185,3,3.99542264728412,0.9986437473434432,1,2,1.004475633766638,1,2.007628921193133,3.00457735271588,2,5,7,1,0,4,7,0
20,2,7,2,7.1866668180132915,0.2300550852149246,0,5,0.8968369715269481,0,2.4159870814149427,3.770227132081391,10,129,6,3,1,77,8,13
47,3,5,3,2.694201462304826,1.0,1,2,0.6,1,1.33333333333333,2.33333333333333,2,5,4,1,0,3,4,0
711,19,499,19,4.18367346938776,0.578947368421053,3,37,1.03174603174603,3,12.3061224489796,7.08163265306122,257,358,17,5,1,20,20,12
258,11,62,11,8.342847056327223,0.869113801404698,1,10,0.9044290370153888,1,2.204621675251337,4.4858845784329455,7,73,7,3,0,60,8,1
41,3,7,3,3.683324704943374,1.0,1,3,0.6,1,1.33333333333333,3.09582686204086,2,5,4,1,0,4,4,0
63,6,48,6,2.57142857142857,1.0,1,7,1.22222222222222,1,2.28571428571429,4.71428571428571,5,24,8,2,1,4,10,2
47,3,5,3,3.0,1.0,1,2,0.6,1,1.33333333333333,2.33333333333333,2,5,4,1,0,4,4,0
61,2,1,2,2.6,1.0,1,5,0.625,1,1.6,3.0,2,13,9,1,0,5,9,0
119,2,27,2,3.66666666666667,0.5,2,7,0.625,2,2.0,4.16666666666667,4,24,7,1,0,9,7,2
168,5,157,5,3.745138708377529,0.6743612254831586,2,8,1.0047956382834002,2,2.2469172578790255,4.190597601874302,9,81,8,4,2,15,11,3
0,0,0,0,2.6102584573113172,0.0021687195314637,0,5,0.8630268189587443,0,2.1553759174241733,3.955635567502235,8,145,6,3,0,9,6,18
61,2,1,2,2.6,1.0,1,5,0.625,1,1.6,3.0,2,13,9,1,0,5,9,0
233,14,256,14,3.795558196676988,0.5830358948534249,3,24,0.7072069117392364,3,2.407849843933225,3.7125177027347807,19,283,6,3,0,13,8,10
151,4,234,4,4.8785668115910905,0.50382897440929,3,17,1.2299155976616556,3,3.0062782702687256,6.277539706226534,13,81,9,4,0,12,11,2
26,2,6,2,3.3547877127515475,0.9581058682848058,1,16,0.5544349588758876,1,2.6751366670450203,4.610983062644624,15,33,6,1,0,9,7,0
60,5,45,5,2.445561538632467,1.0,1,6,1.1356610347554263,1,2.153222672244706,4.707661133612232,4,23,8,1,0,4,10,1
47,1,10,1,3.669862370821096,1.0,1,4,0.7738927894614369,1,1.5436914541673108,2.7466115437528984,2,13,7,2,0,7,7,0
42,3,6,3,3.4585107967438664,1.0,1,3,0.6,1,1.33333333333333,2.927216430891229,2,5,4,1,0,4,4,0
180,14,152,14,1.0,0.857142857142857,2,2,0.75,2,1.5,2.5,2,5,5,1,2,2,7,0
61,2,1,2,2.6,1.0,1,5,0.625,1,1.6,3.0,2,13,9,1,0,5,9,0
17,4,5,4,4.688941587510306,0.7569751482296556,2,4,0.0420895289057718,2,1.0153660184894095,1.732208198918335,1,25,3,0,0,17,3,0
5972,139,2225,139,2.47551342812006,0.733812949640288,4,80,0.638036809815951,8,2.0347551342812,3.46287519747235,30,2040,7,7,7,27,15,27
10,0,26,0,5.543592949368189,0.7706052542950503,0,2,1.3479494002118777,0,3.8315843044724662,3.2240342539542537,9,16,5,6,1,10,7,1
61,2,1,2,2.6,1.0,1,5,0.625,1,1.6,2.6,2,13,9,1,0,5,9,0
1435,49,706,49,5.193032931739227,0.4913360328558833,3,84,0.9753559548818772,3,28.628594163207275,5.9460040574505335,1769,1426,13,5,1,35,17,59
61,2,1,2,2.6,1.0,1,5,0.625,1,1.6,3.0,2,13,9,1,0,5,9,0
212,5,33,5,3.18518518518519,0.8,2,5,0.966666666666667,2,3.33333333333333,3.62962962962963,32,130,8,4,1,7,10,2
38,3,5,3,2.5341469753003736,1.0,1,2,0.6,1,1.33333333333333,2.33333333333333,2,5,4,1,0,3,4,0
197,3,114,3,3.296565123233319,1.0,1,2,0.7348591618340975,1,1.675337749184608,3.270551875679491,2,9,5,1,0,4,5,0
240,12,255,12,3.584557671276957,0.6866797219109049,2,14,0.760524674287357,2,2.377060463864194,4.067062312195315,14,161,8,3,2,13,11,2
60,5,46,5,3.2578733215480407,0.4537251773145163,1,16,0.9361851453604636,1,2.5950723279305272,4.1443402043054425,15,251,7,3,1,10,9,20
1393,22,1188,22,4.505365734513788,0.777777777777778,3,18,1.253941197303289,4,9.78525813831549,5.485947857244428,134,211,11,4,0,38,12,13
33,3,5,3,3.862691360891579,1.0,1,2,0.6,1,1.33333333333333,2.33333333333333,2,5,4,1,0,4,4,0
168,4,162,4,4.046632994728116,0.5034014463284785,2,8,1.0393132317889169,2,1.9016071928892504,3.797298826946374,8,65,7,4,1,19,8,3
27,3,7,3,3.83400448544627,0.8906481693657662,1,10,0.2789174442023573,1,1.865277980309587,3.168356836876584,8,27,4,0,0,12,5,0
52,3,6,3,3.4499118795581216,1.0,1,3,0.7862853479309392,1,1.566190018247006,2.756709124085467,2,7,4,1,0,4,4,0
197,3,193,3,3.7158986629103903,0.5476568000350287,2,7,1.343097248222782,2,2.460974874100404,3.885414347438942,7,62,8,3,0,15,9,4
145,2,0,2,2.2055427141948196,1.0,1,4,0.3111731226689845,1,1.1506928392743498,3.695567106177931,2,16,4,1,0,4,4,0
530,17,361,17,4.000359170819894,0.6066875849344554,3,24,0.5409867940627486,3,1.8748304337281456,3.3103557784867625,13,236,5,3,0,30,5,2
4,2,1,2,5.059586316805402,0.6874471208370807,1,6,0.1606672159335455,1,1.1636657397395425,2.097723264915743,2,32,4,1,0,19,4,0
15,2,3,2,4.195344495264849,0.8246566471435188,1,11,0.3602864264462563,1,1.929900756775496,3.3718117234755285,9,32,5,1,0,14,5,0
43,3,6,3,4.0,1.0,1,3,0.6,1,1.33333333333333,3.037336692428389,2,5,4,1,0,5,4,0
43,3,6,3,4.0,1.0,1,3,0.6,1,1.33333333333333,3.012608034408276,2,5,4,1,0,5,4,0
86,4,28,4,3.937008041837945,0.729822819837828,2,10,1.3071661576631255,2,37.03938172757526,4.499508668703228,499,123,15,3,3,18,18,2
38,3,7,3,4.0,1.0,1,3,0.6,1,1.33333333333333,3.1276227832997923,2,5,4,1,0,5,4,0
421,5,365,5,3.718731494631882,0.4880991545752634,2,6,2.560704181195818,2,29.61818538065721,9.131140201482502,109,67,20,4,0,5,24,3
216,13,232,13,3.785691618587508,0.6089874955311962,3,24,0.7447106302250814,3,2.4749526945089584,3.7879388376074905,19,289,7,3,1,12,8,12
256,6,92,6,5.149755777308151,0.8502020441167615,1,10,1.1120415633611602,1,2.201931617646278,3.7701642983193766,5,70,7,3,0,14,7,1
228,9,97,9,7.832993461925517,0.7943724417073155,1,11,1.0390942386409014,1,2.080656278973038,3.944406548267011,6,63,7,3,0,55,7,2
14,2,8,2,3.1846741069729467,0.3928419774082393,1,5,1.089834578080582,1,12.111761823374126,3.673751426889721,221,137,8,3,1,14,10,10
47,3,5,3,3.2459357926510304,1.0,1,2,0.6,1,1.33333333333333,2.4781506148294232,2,5,4,1,0,3,4,0
41,3,7,3,4.0,1.0,1,3,0.6,1,1.33333333333333,3.1897788426295377,2,5,4,1,0,5,4,0
16,1,1,1,4.4873363149747645,0.3502182467003135,0,2,0.2101309480201881,0,1.11673941556677,2.2334788311335436,1,5,3,0,1,6,5,0
5207,124,1990,124,2.8166180000555388,0.6902438605804259,3,79,0.7060233130268163,7,8.677563729068,3.6821624469164704,478,1888,7,6,6,26,15,32
361,7,86,7,5.006351480455486,0.6141457190322054,2,32,1.3293467033062818,2,115.23464186520732,9.81172299413641,1024,101,33,3,3,18,40,4
318,18,372,18,3.844007828934445,0.4556010843317295,3,24,0.5230456602447838,3,2.0783426526520095,3.3421637445657386,18,256,5,3,0,15,5,3
319,3,301,3,3.145050164945216,0.6095131926041873,2,4,2.247455963081197,2,12.114530588217374,5.727297645341616,39,61,14,3,0,4,16,4
517,14,402,14,3.244515552485893,0.7147786969388582,2,18,1.411604499935578,2,2.88803297317752,5.008704011873761,13,95,10,5,1,11,13,6
2898,75,1079,75,5.626541471164707,0.5444712691445864,3,86,0.8595471419953954,5,19.6862691269696,6.084094150877055,1387,1489,12,5,3,88,18,19
222,8,98,8,3.2569109686471744,0.5947867775340543,2,3,0.6301183930840888,2,2.2471776487610735,5.416763272966759,12,97,9,3,2,10,12,1
126,4,23,4,4.374810994313654,0.9552356392016366,1,7,0.7563179728466257,1,1.4941826231092887,3.3067771259524625,4,18,4,2,0,7,5,0
1131,10,608,10,3.783550171510991,0.9804737530571874,1,23,1.0341285700429093,1,3.205466314583677,3.5830973765281806,34,204,7,4,0,15,8,4
32,5,15,5,4.08376248255423,0.8389910664961276,1,4,0.2382787396985572,1,1.2506568560465356,2.24739884024424,1,23,3,0,0,13,4,0
3,0,9,0,3.631879265080899,0.2585390888609545,0,2,1.7812361555791911,0,9.25948565807388,5.733158464581323,25,20,10,4,5,6,16,1
60,6,22,6,15.875,0.666666666666667,2,6,0.961538461538462,2,2.91666666666667,3.41666666666667,15,98,8,4,4,207,13,2
119,2,26,2,3.7132214291144967,0.5436450897948377,1,7,0.6286370908162365,1,1.9476258922461944,4.0735571417710155,4,23,6,1,0,8,6,1
28,3,5,3,3.173270909510988,1.0,1,2,0.6,1,1.33333333333333,2.33333333333333,2,5,4,1,0,4,4,0
924,14,277,14,4.30085939338478,0.9897016066032658,1,26,0.6932688775296715,1,1.8939640922891312,3.5443818375295404,10,214,5,4,0,60,6,4
432,11,96,11,4.563579486851218,0.6357488463489458,2,22,1.1862635511572082,2,49.62919139451469,7.503108325191779,382,121,20,4,1,19,23,14
462,20,281,20,6.398037292923344,0.4736599359570652,3,66,1.0419035620609798,3,24.337011651404698,7.754954020243255,1481,707,17,4,1,84,20,12
126,4,22,4,4.3906429032246175,1.0,1,7,0.7466566959916823,1,1.4346623460408363,3.1953214516123087,4,18,4,3,0,7,4,0
1,0,0,0,4.693447085558112,0.0323159511096504,0,2,0.0193895706657902,0,1.0107719837032167,2.0107719837032167,1,5,3,0,2,7,5,0
30,2,7,2,3.09090909090909,1.0,1,18,0.615384615384615,1,2.90909090909091,5.0,18,34,7,2,0,8,8,1
1004,16,398,16,4.370294143035164,0.9601914384785228,1,24,0.701441626288879,1,1.734498810161134,3.6114220041923266,5,198,5,4,0,63,6,3
0,0,0,0,2.60869565217391,0.0,0,5,0.862745098039216,0,2.15217391304348,3.95652173913043,8,146,6,3,0,10,6,19
205,7,122,7,6.398606947380786,0.6826784098370289,2,10,1.0394379125851174,2,2.010112679897067,3.8856202157037023,6,64,7,3,0,42,7,2
140,2,5,2,2.4662249314826767,0.8938949443572461,1,4,0.36896828616779,1,1.3247515239590042,3.8102855265339177,2,17,4,1,0,5,4,0
17,1,6,1,6.428457575093734,0.1919530776504841,0,5,0.8911906333019008,0,2.372294018392677,3.801081475163465,10,132,6,3,1,66,8,14
38,3,7,3,4.0,1.0,1,3,0.6,1,1.33333333333333,3.2005483144080533,2,5,4,1,0,5,4,0
4,0,10,0,3.803798473735185,0.3045888768933524,0,2,1.7422709503210083,0,8.771357904930463,5.507514503222573,23,19,9,4,4,6,15,1
3213,82,1196,82,5.304012578885363,0.563851662349079,3,85,0.836874071146672,6,17.879518067523556,5.815794778762816,1248,1546,12,5,4,81,17,20
1001,33,638,33,4.342814222850474,0.5300465505333108,3,55,1.0394334209813685,3,25.782149103744327,6.046420250969447,1377,704,15,5,1,20,18,33
2829,74,1042,74,5.071331320207877,0.5823945634851588,3,91,0.8036396334040874,4,7.256939518817727,6.399027163818776,285,1909,12,4,2,46,17,49
244,21,90,21,8.34782608695652,0.380952380952381,3,92,1.05084745762712,4,34.9304347826087,8.34782608695652,2560,1015,18,4,1,141,21,13
35,3,6,3,4.0,1.0,1,2,0.6,1,1.33333333333333,2.7299849352875816,2,5,4,1,0,5,4,0
44,4,16,4,12.55723988834892,0.4999404996466481,1,5,0.9368313033035948,1,2.725475246877409,3.551678617133966,13,110,7,3,2,157,11,6
127,2,17,2,3.7624852436409055,1.0,1,6,0.5886837124082173,1,1.3453106554551126,3.2306467675238952,3,19,4,2,0,6,4,0
397,12,97,12,3.938546412259397,0.6196403398840746,2,12,0.9398175019570224,2,3.095281641939681,5.7039639524813035,15,129,9,4,0,16,10,16
204,7,138,7,3.7791931775427745,0.5384939088162192,3,7,0.7966039175750426,3,2.459562733336587,5.772422090582713,13,91,9,3,1,10,11,1
168,5,158,5,3.786300608173502,0.6510207191542136,2,8,1.0095081976564826,2,2.199773351884329,4.136901974804815,9,79,8,4,2,16,11,3
294,8,63,8,5.61904761904762,1.0,1,11,1.14285714285714,1,2.33333333333333,3.76190476190476,5,73,7,3,0,12,7,1
47,3,5,3,2.66666666666667,1.0,1,3,0.6,1,1.33333333333333,2.33333333333333,2,5,4,1,0,3,4,0
61,2,1,2,2.6,1.0,1,5,0.625,1,1.6,2.8371851621035287,2,13,9,1,0,5,9,0
1106,19,570,19,4.4612153396273,0.9057610167240188,1,21,0.7242195745231008,2,1.8733997345371856,3.8243465796728007,8,182,5,4,0,64,6,3
81,5,67,5,3.5882359167165565,0.7973526956946144,2,6,1.1705235278375872,2,14.15297753624698,3.884703455996047,262,118,11,4,3,15,14,2
193,12,201,12,3.772747642057889,0.6430334339540916,3,24,0.793911806909815,3,2.5629850107837298,3.8868839217872337,19,296,7,3,1,12,9,13
30,3,11,3,9.396493315591654,0.3411046756981743,1,5,0.9132934153655292,1,2.5433319922408435,3.6803011050052823,11,121,7,3,2,110,9,10
42,3,45,3,4.031532349533118,0.4929204556113551,2,29,0.9736321858019152,2,68.27123048503728,6.626102907147976,1987,253,11,4,1,21,13,12
281,10,56,10,8.30707471777898,1.0,1,12,1.0850529780518117,1,2.2653347128698105,3.922881087900032,5,67,7,3,0,50,7,1
5311,126,2022,126,2.7704714978732468,0.6961381265293494,3,79,0.6968257250232757,7,7.778888054401696,3.652496061978845,417,1909,7,6,6,26,15,31
47,3,5,3,3.6351960435336386,1.0,1,2,0.6,1,1.33333333333333,2.5754656775500777,2,5,4,1,0,4,4,0
271,13,51,13,10.4736842105263,1.0,1,13,1.03846153846154,1,2.21052631578947,4.05263157894737,5,63,7,3,0,81,7,1
25,3,5,3,2.3536717871967374,1.0,1,2,0.6,1,1.33333333333333,2.33333333333333,2,5,4,1,0,3,4,0
320,8,68,8,5.391396471268773,0.9430141542787224,1,11,1.1310669678803245,1,2.507213221559792,4.082194438368966,6,83,7,3,0,13,7,4
12,2,9,2,5.104588486206456,0.8169701491387016,1,4,0.2720250197200328,1,1.3361480541501871,1.6095229213346909,5,32,4,1,0,19,5,0
1552,48,562,48,6.12669683257919,0.520833333333333,3,96,0.870967741935484,3,9.38009049773756,7.59276018099547,390,1856,15,4,1,54,19,59
176,4,101,4,4.228144963863284,1.0,1,4,0.88154011491714,1,1.7148187951708906,3.114072481931642,3,11,5,2,0,5,5,0
25,5,8,5,4.45,0.8,2,4,0.0,2,1.0,1.65,1,23,3,0,0,16,3,0
1453,49,684,49,5.335144192023502,0.4958257625563281,3,86,0.9594672175243664,3,25.69881492249177,6.196653769715602,1559,1492,14,4,1,38,17,59
42,3,7,3,4.0,1.0,1,3,0.6,1,1.33333333333333,3.1373035471860176,2,5,4,1,0,5,4,0
168,4,163,4,4.05263157894737,0.5,3,9,1.04,3,1.89473684210526,3.78947368421053,8,65,7,4,1,20,8,4
0,0,0,0,2.66666666666667,0.0,0,3,2.0,0,12.0,7.0,33,22,13,3,7,4,21,1
202,5,60,5,3.2328156668464283,0.8173311694013452,2,5,0.966116470812656,2,3.1759294759684567,3.865921472245931,27,123,8,4,1,7,11,2
193,6,82,6,3.2724966157646125,0.8317697646815363,2,5,0.9656581027085228,2,3.0447963400903943,4.062776179769738,23,117,9,4,2,8,12,2
61,2,1,2,2.6,1.0,1,5,0.625,1,1.6,3.0,2,13,9,1,0,5,9,0
14,2,4,2,3.7094995556093258,0.467812884759323,1,3,0.8304677881016926,1,5.56757283455931,3.871501333172028,14,22,7,1,2,11,10,0
61,2,1,2,2.6,1.0,1,5,0.625,1,1.6,3.0,2,13,9,1,0,5,9,0
269,12,52,12,10.190148057361911,0.982583854810824,1,12,1.0206267359360857,1,2.209740625029056,4.110281638492744,5,64,7,3,0,78,7,1
61,3,8,3,4.713967832670663,1.0,1,4,1.0570580887121743,1,1.904655944223553,3.3721017167700973,3,10,5,1,0,7,5,0
17,2,4,2,4.0670614126284645,0.845023239644553,1,12,0.3899167533290317,1,2.0436362733397124,3.5609300824137033,10,33,5,1,0,13,6,0
41,3,7,3,4.0,1.0,1,3,0.6,1,1.33333333333333,3.2256538425093213,2,5,4,1,0,5,4,0
129,4,48,4,3.207842365806648,0.5614496831508957,2,6,0.6465073891028135,2,1.913970443588746,3.879901478629156,3,20,6,1,0,7,7,1
137,2,7,2,2.865278728543042,1.0,1,5,0.4287649585597556,1,1.2331598410678786,3.498562601893394,2,17,4,1,0,5,4,0
40,3,8,3,4.0,1.0,1,4,0.6,1,1.33333333333333,3.33333333333333,2,6,4,1,0,5,4,0
455,13,99,13,4.222178314926317,0.6422852458114255,2,16,1.078402714886071,2,7.140583688562074,5.908729656305387,45,139,10,4,0,19,11,21
1126,10,599,10,3.762782981354047,0.9851957528020406,1,23,1.040100510896694,1,3.2288896295971004,3.5658140338574107,34,205,7,4,0,13,8,4
47,3,5,3,4.0,1.0,1,2,0.6,1,1.33333333333333,2.66666666666667,2,5,4,1,0,5,4,0
533,15,480,15,3.0,0.733333333333333,3,19,1.5,3,2.75,4.8125,13,84,11,5,2,9,14,3
12,0,1,0,1.0838305700605195,0.2709576425151299,0,1,0.1625745855090779,0,1.090319214171709,2.180638428343421,1,5,6,0,0,1,6,0
47,3,5,3,2.7830007161611645,1.0,1,2,0.6,1,1.33333333333333,2.3624168457069543,2,5,4,1,0,3,4,0
184,3,180,3,3.8606350887400662,0.5271726876271043,2,8,1.2128182933083838,2,2.217591275358882,3.844176594828253,7,63,7,3,0,17,8,4
28,4,16,4,3.70833333333333,0.75,2,6,1.2962962962963,2,21.1666666666667,3.41666666666667,416,130,11,4,3,18,14,2
211,3,144,3,3.5973545163393728,1.0,1,2,0.8482336253894561,1,1.814163622925864,3.1548636475617786,2,7,6,1,0,4,6,0
16,2,4,2,4.1088344763320155,0.8383912274689377,1,12,0.3802681737424341,1,2.006600361190172,3.4993471122115607,10,33,5,1,0,13,6,0
11,2,8,2,5.11072484137653,0.8062315275910727,1,4,0.2619089269577737,1,1.315533736000721,1.630616642231819,4,32,4,1,0,19,5,0
164,2,40,2,2.548615962461656,1.0,1,3,0.4529398627740095,1,1.3301304442130706,3.558224629822436,2,13,4,1,0,4,4,0
11,0,8,0,2.728995294690893,0.0840801820625071,0,7,0.8763543330082715,0,2.2342477789446553,3.9913265318467688,9,165,6,3,0,10,6,19
5072,120,1889,120,3.397335461489178,0.678421715245742,3,81,0.7028388687099191,7,7.198642696849905,4.229703468285984,427,1879,8,6,6,44,15,24
1367,17,1228,17,4.348006731380123,0.8075226930668076,3,21,1.5437310509847904,3,14.52397881659281,6.106483613552162,209,263,13,4,0,18,16,20
297,16,338,16,3.736048200533731,0.5390561877430532,3,19,0.60079718686275,3,2.161400100163267,3.608395602076341,16,210,6,3,1,14,7,2
584,16,411,16,4.087461150816633,0.6203403126200733,3,34,1.0227713678992127,3,10.350307250837552,6.498066488267883,207,351,15,4,1,17,18,13
7,0,18,0,4.62144849712271,0.5236022760150112,0,2,1.5569519202949884,0,6.4498158742408815,4.434348847526445,17,18,7,5,3,8,12,1
31,3,11,3,9.618214489600474,0.3522467475314729,1,5,0.914944559494672,1,2.5561090420062023,3.67127844900984,11,120,7,3,2,114,9,10
221,7,63,7,3.212678831647286,0.6729793533451092,2,3,0.7674751980487693,2,2.7394705697520223,4.613902172972724,22,112,8,3,1,8,11,1
125,4,22,4,4.374480155631299,1.0,1,7,0.7398751235749051,1,1.4317236646602336,3.1872400778156496,4,18,4,3,0,7,4,0
44,3,5,3,3.1104210478833147,1.0,1,3,0.6,1,1.33333333333333,2.666149119245814,2,5,4,1,0,3,4,0
42,4,30,4,2.052647635287311,1.0,1,2,0.6451635369566944,1,1.3387696850040434,4.4573671273442095,2,16,8,1,0,4,9,0
87,4,21,4,3.540097905514614,0.7660791382340014,2,5,1.1902930886795486,2,15.431774029872836,3.4851518850707492,292,130,10,4,2,14,12,2
1132,10,610,10,3.787719206216575,0.979525806769448,1,23,1.0329296967966506,1,3.2007640600912395,3.5865670252807753,34,203,7,4,0,15,8,4
47,3,5,3,3.1142673000556877,1.0,1,2,0.6,1,1.33333333333333,2.3714224333518934,2,5,4,1,0,4,4,0
229,9,95,9,7.903831951032253,0.7998885535639876,1,11,1.0390772659890348,1,2.084140139093041,3.94730976503368,6,63,7,3,0,56,7,2
380,11,78,11,3.8738589976016784,0.6925451772180207,2,12,1.0366189703167958,2,3.394700306716978,5.092696201411204,21,137,9,4,0,15,10,15
441,19,429,19,3.9447680799021616,0.4634240386368987,3,27,0.623027290818275,3,4.7576310081173725,4.272197159398868,82,278,8,3,0,17,9,4
28,3,18,3,3.712766042658755,0.7279631022107411,2,7,1.2674238792853727,2,25.504642661366084,3.689974858788627,551,136,11,4,2,17,13,2
47,3,5,3,2.769259079923686,1.0,1,2,0.6,1,1.33333333333333,2.33333333333333,2,5,4,1,0,3,4,0
47,3,5,3,2.888113311734347,1.0,1,2,0.6,1,1.33333333333333,2.33333333333333,2,5,4,1,0,3,4,0
224,8,95,8,3.250773049860483,0.5819890786223899,2,3,0.6148565409658306,2,2.228680947552532,5.451683054172121,12,97,9,3,2,10,12,1
1050,10,473,10,3.89899601520651,1.0,1,24,0.9345871794097544,1,2.747835647286971,3.4930503919916274,25,210,7,4,0,27,8,4
117,7,90,7,9.235453093240569,0.7774703082683697,2,6,0.962999608460682,2,2.7759942173288548,4.073780436861116,13,99,9,4,4,102,14,2
194,6,155,6,3.978712020216462,0.5322027741373191,3,9,0.8752431010612935,3,2.5587829145580967,5.864092910189542,13,89,9,3,1,11,11,1
1294,22,887,22,4.4576450226505315,0.8271994925032834,1,17,0.8402817111070926,3,2.4451546918825655,4.144107904038128,19,158,7,4,0,55,7,2
514,12,455,12,3.2976351745093107,0.6426254706257337,3,15,1.8614141404755904,3,13.301166936355072,6.594590607374499,51,80,14,5,1,8,18,3
47,3,5,3,2.711043764896389,1.0,1,2,0.6,1,1.33333333333333,2.33333333333333,2,5,4,1,0,3,4,0
436,13,95,13,4.375998172665607,0.6888387136784444,1,15,1.078478945687166,1,3.2827741813401285,5.510790760922327,14,132,9,4,0,18,9,19
15,4,4,4,4.773096294356283,0.741821889119126,2,4,0.0569133693399857,2,1.0207778967431704,1.7611617475759538,1,26,3,0,0,17,3,0
221,3,168,3,3.829692297948535,1.0,1,2,0.9358070969190632,1,1.921396445207016,3.065502962327486,2,6,6,1,0,4,6,0
144,2,1,2,2.309247671426755,1.0,1,4,0.3296575710644915,1,1.163655958928342,3.6645996536711727,2,16,4,1,0,4,4,0
47,9,28,9,2.3053848592757267,0.8004672158853667,2,29,0.6531842823397492,2,1.687115933370389,4.381731074094657,3,39,32,1,1,3,34,1
214,6,175,6,3.1421922466708425,0.9591520117462304,1,2,0.9285160205559037,1,1.857032041111807,2.857032041111807,2,5,6,1,0,3,7,0
1415,20,1286,20,4.4265065154554915,0.777777777777778,3,19,1.47529904207765,4,13.311476920992767,6.0256468451068725,190,243,13,4,0,24,15,18
0,0,0,0,1.3224163839314331,0.0,0,1,0.0,0,1.0,2.0,1,5,5,0,0,2,6,0
166,4,167,4,4.103301860076456,0.5,3,9,1.0527176150043744,3,1.957417856539019,3.9255327724275206,8,65,7,4,0,19,8,3
47,3,5,3,3.6493807423880127,1.0,1,2,0.6,1,1.33333333333333,2.579011852263671,2,5,4,1,0,4,4,0
371,7,86,7,5.043026144843248,0.6322329872197134,2,31,1.3597398048647975,2,113.81005005382544,9.73682968587538,905,94,34,3,3,18,41,3
527,14,472,14,3.0847456583308936,0.7075060850801083,3,18,1.602905442258942,3,5.7542335878301785,5.319914629256226,24,82,12,5,1,8,15,3
215,5,42,5,3.194224115306538,0.7582401428393704,2,4,0.9011796179374972,2,3.138092442712204,3.953223327973903,28,124,8,3,1,7,10,1
131,2,14,2,2.9339627000547455,0.7404184890445368,1,5,0.4687279821210511,1,1.5878540187807926,3.949145176578752,3,20,5,1,0,6,5,1
34,3,5,3,4.0,1.0,1,2,0.6,1,1.33333333333333,2.653488553433084,2,5,4,1,0,5,4,0
42,3,5,3,2.60195496224705,1.0,1,2,0.6,1,1.33333333333333,2.33333333333333,2,5,4,1,0,3,4,0
121,2,24,2,3.9638961967413606,0.7786526844450239,1,7,0.6482210570370855,1,1.6656167786659712,3.5722076065172836,4,22,5,2,0,7,5,0
40,4,30,4,2.314477662585384,1.0,1,2,0.6758002032060897,1,1.3424574318673967,4.315388873105112,2,16,8,1,0,5,9,0
136,2,8,2,2.9494743899089517,1.0,1,5,0.4437720556087719,1,1.2436842987386174,3.473420841902185,2,17,4,1,0,5,4,0
136,2,8,2,2.950172114138934,1.0,1,5,0.4438964184923567,1,1.243771514267365,3.4732124936946205,2,17,4,1,0,5,4,0
347,5,339,5,4.3792285849638,0.4556591846402717,3,12,2.169520842234539,3,24.87643571493848,9.106112320495024,94,74,18,5,0,8,22,3
10,2,8,2,5.1150395946804785,0.7986807093091627,1,4,0.2547958372719164,1,1.3010388616202686,1.6454486067141425,4,32,4,1,0,19,5,0
75,6,28,6,14.708732651406976,0.6564121570856952,2,5,0.9266336885416926,2,2.849646121905318,3.6111361162200986,14,97,8,3,3,188,12,1
664,18,467,18,4.1485690279109315,0.5940501765517388,3,36,1.0284714971909574,3,11.592515281183172,6.8687101855010955,239,355,16,4,1,19,19,12
12,3,4,3,4.867968111248908,0.7247388609969814,2,5,0.0736250272855621,2,1.0268789782153651,1.793802533452194,1,28,3,0,0,18,3,0
47,3,5,3,2.888974346657847,1.0,1,2,0.6,1,1.33333333333333,2.3889102533311255,2,5,4,1,0,3,4,0
250,8,82,8,3.9829392728492135,0.6945931087096309,2,5,0.7583716815005159,2,2.2351668325614273,4.97262493809158,10,89,8,3,1,10,10,1
45,5,30,5,1.66666666666667,1.0,1,2,0.6,1,1.33333333333333,4.66666666666667,2,17,9,1,0,4,10,0
61,2,1,2,2.6,1.0,1,5,0.625,1,1.6,3.0,2,13,9,1,0,5,9,0
131,2,14,2,2.9667096259867853,0.7296734039730862,1,5,0.4757122874174939,1,1.6062741646175651,3.9588669202148266,3,20,5,1,0,6,5,1
142,6,126,6,3.2666425976436004,0.7356212376431898,1,6,0.9481113080898458,1,2.572528905982445,4.541363468436822,11,107,10,3,3,10,14,5
29,2,7,2,3.211853528275467,1.0,1,16,0.6045552396334538,1,2.8317008673237343,4.762430569458902,17,34,6,2,0,8,7,0
61,2,1,2,2.6,1.0,1,5,0.625,1,1.6,3.0,2,13,9,1,0,5,9,0
13,2,4,2,3.62941813618456,0.4318885096902694,1,3,0.9202787257743266,1,6.061532991758796,4.111745591446324,15,22,7,1,3,10,11,0
61,2,1,2,2.6,1.0,1,5,0.625,1,1.6,3.0,2,13,9,1,0,5,9,0
51,4,33,4,2.74886400543197,1.0,1,10,1.014948821005001,1,2.498636806518369,4.811875202987581,9,27,7,2,0,5,9,1
36,3,7,3,3.665895218199192,1.0,1,3,0.6,1,1.33333333333333,3.1328704642528455,2,5,4,1,0,4,4,0
61,2,1,2,2.6,1.0,1,5,0.625,1,1.6,3.0,2,13,9,1,0,5,9,0
42,3,6,3,4.0,1.0,1,3,0.6,1,1.33333333333333,3.0664663407264783,2,5,4,1,0,5,4,0
870,15,333,15,4.271429953142943,0.8865470049723376,1,28,0.7782722025321759,1,4.508817324615578,4.4327079090014605,72,250,8,4,0,50,9,6
1347,27,977,27,4.675,0.777777777777778,2,15,0.777777777777778,4,2.2,4.325,15,144,7,5,0,68,7,2
22,4,7,4,4.265621635637004,0.7172882103792166,1,3,0.2067794740519584,1,2.137287107285772,2.2031350930889895,4,22,4,0,0,14,4,0
188,4,121,4,4.174661977323936,1.0,1,3,0.9093101271587248,1,1.7816725283450765,3.087330988661968,2,10,5,1,0,5,6,0
36,5,20,5,3.863481289973356,0.8624430565807835,1,4,0.3815964568825645,1,1.4014196494478948,2.606716831184144,2,23,4,0,0,12,5,0
37,2,4,2,3.2084369961069363,0.8021092490267341,0,1,0.4812655494160404,0,1.2673697496755754,2.5347394993511587,1,5,4,0,0,4,4,0
168,7,153,7,3.52657525726768,0.7982957775614513,2,7,0.9797726620542592,2,2.497244255516952,4.475713245709642,11,92,10,4,3,12,14,3
229,8,89,8,3.2369259613097516,0.5609576143045121,2,3,0.5918047436441959,2,2.2157325690427374,5.481949414889039,13,97,8,3,1,9,11,1
23,3,14,3,4.727517005477819,0.9009152747192068,1,2,0.2242561660426817,1,1.3468962568472735,1.4481694505615863,5,28,4,1,0,17,5,0
1387,22,1162,22,4.526232434608196,0.777777777777778,2,17,1.1953683656723215,4,8.8521960222552,5.343139735943403,120,203,10,4,0,41,12,11
16,4,5,4,4.752196671968049,0.7455851651761713,2,4,0.0532319036320065,2,1.01943386957994,1.7539712022526708,1,26,3,0,0,17,3,0
61,2,1,2,2.6,1.0,1,5,0.625,1,1.6,3.0,2,13,9,1,0,5,9,0
756,20,502,20,4.288218729635831,0.5758205161981688,3,40,1.0230952823680737,3,12.148685962300242,7.109134103347474,264,438,16,4,1,21,19,14
39,3,7,3,4.0,1.0,1,3,0.6,1,1.33333333333333,3.2504420116399757,2,5,4,1,0,5,4,0
42,3,6,3,3.489684949463057,1.0,1,3,0.6,1,1.33333333333333,2.950597045430622,2,5,4,1,0,4,4,0
512,12,452,12,3.330348481280914,0.6326557009429594,3,15,1.901137441555394,3,14.460853661408402,6.7904615316694725,56,79,15,5,1,8,18,3
22,1,17,1,2.8520745107029297,0.1701030718557313,0,9,0.8902780150364911,0,2.31821799580351,4.0269355038383825,10,185,6,3,0,10,7,19
47,3,5,3,2.918211763953373,1.0,1,2,0.6,1,1.33333333333333,2.33333333333333,2,5,4,1,0,3,4,0
392,7,90,7,5.121323715456501,0.6253243780479558,2,32,1.363461614519616,2,119.24482260227477,10.107591711426371,934,92,35,3,3,18,42,3
419,10,94,10,4.7439781306270765,0.6322949695167128,2,26,1.2432579324891009,2,72.08045353536164,8.345588589423363,560,112,25,3,2,19,29,11
49,3,5,3,4.161536013890044,1.0,1,2,0.6676912820110658,1,1.4179474358471629,2.789741724868608,2,5,4,1,0,5,4,0
47,3,5,3,2.692066793199724,1.0,1,2,0.6,1,1.33333333333333,2.33333333333333,2,5,4,1,0,3,4,0
69,3,9,3,5.685561731637015,1.0,1,5,1.3063306304002698,1,2.2162466213336742,3.950904176485345,3,13,6,1,0,9,6,0
13,2,11,2,5.086200703447788,0.8491487689663706,1,3,0.3023382123113151,1,1.3979195118550871,1.54631491810177,5,33,4,1,0,19,5,0
509,12,448,12,3.374435369720422,0.6192196968471094,3,14,1.9546715203747964,3,16.02373385658896,7.054431776201027,62,79,15,5,1,7,19,3
4,0,11,0,3.926468179788497,0.3374468338719181,0,2,1.7144680636468372,0,8.423063560957669,5.346510514027601,22,19,9,4,4,7,15,1
450,14,120,14,4.169830890621411,0.6279825036048773,2,16,1.0290068497699771,2,3.3269056896323494,5.599733576186699,16,148,9,4,0,18,9,20
1289,22,878,22,4.436187410269718,0.8320784789921456,1,17,0.8464521940194771,3,2.469356734163364,4.126249962502876,20,160,7,4,0,53,7,2
61,2,1,2,2.6,1.0,1,5,0.625,1,1.6,3.0,2,13,9,1,0,5,9,0
488,19,441,19,3.986539908006489,0.4836229160426095,3,29,0.6944904295352876,3,6.0774601153367795,4.76341779181802,112,292,9,3,0,17,10,5
574,19,379,19,5.398851507655765,0.5211687078974258,3,53,1.0373201870093058,3,18.90832222493151,7.451131707100949,929,549,17,4,1,55,20,12
167,4,163,4,4.057652637639838,0.5,3,9,1.0412602237434307,3,1.90094807767298,3.8029561566254912,8,65,7,4,0,19,8,3
3,2,1,2,5.186250525327561,0.6740615806767675,1,5,0.1374010059515443,1,1.061814641477725,1.890236180813488,2,32,4,1,0,19,4,0
47,3,5,3,3.1007946030158866,1.0,1,2,0.6,1,1.33333333333333,2.366931534338626,2,5,4,1,0,4,4,0
258,11,64,11,9.691732706971642,0.939110333739596,1,12,1.0386488912808027,1,2.1720696844671097,4.0205843861787365,5,63,7,3,0,73,7,1
1413,20,1276,20,4.4344705558942135,0.777777777777778,3,19,1.4529439788616665,4,12.955361943994808,5.971142316462019,184,240,13,4,0,25,15,17
140,2,6,2,2.77327206382463,1.0,1,4,0.4285243788476426,1,1.2254632359494313,3.579507351871971,2,16,4,1,0,4,4,0
61,2,1,2,2.6,1.0,1,5,0.625,1,1.6,3.0,2,13,9,1,0,5,9,0
168,5,159,5,3.878204659242252,0.598907306113067,2,8,1.0200301439085997,2,2.0945130027363836,4.01701329918918,9,74,8,4,1,17,10,3
162,4,181,4,4.269603001928756,0.5,3,11,1.0944571485087855,3,2.163138528311865,4.372082134808695,9,68,7,4,0,18,8,3
121,3,25,3,3.942858902550571,0.6775521516396523,1,7,0.6762169668191305,1,1.802719831511496,3.8312903802362137,4,21,5,1,0,8,6,1
286,3,280,3,2.9577443984615748,0.6491546246642173,2,3,2.14518106836632,2,6.399623535283165,4.615950097538678,17,58,11,3,0,4,13,4
61,2,1,2,2.6,1.0,1,5,0.625,1,1.6,3.0,2,13,9,1,0,5,9,0
20,2,17,2,5.025085503421793,0.9561003690118623,1,2,0.4030897196005462,1,1.6032283869424149,1.3362314180124129,8,33,4,1,0,19,6,0
220,3,260,3,3.749848313935504,0.5980511126325097,2,9,1.761496600098159,2,3.5422145629343387,5.034156090952582,9,67,10,3,0,7,11,4
491,14,271,14,3.654483899098395,0.6836689637243305,2,17,1.2633956983237171,2,3.119466717232964,5.337670548066859,14,115,10,5,0,14,11,13
