Del_lines,Added_lines,ADEV,COMM,MaxNesting_Mean,CountClassCoupled,CountInput_Mean,CountOutput_Mean,MaxInheritanceTree,CountLineBlank,OWN_COMMIT,CountPath_Mean,CountStmt,CountDeclMethodPrivate,CountLineCodeDecl,PercentLackOfCohesion,CountStmtExe,CountLineComment,CountLineCode,OWN_LINE
0,0,0,0,0.75,5,2.23076923076923,3.38461538461538,4,16,0.0,1.38461538461538,56,0,30,91,25,19,81,0.689655172413793
0,0,0,0,0.0,5,2.22222222222222,2.11111111111111,3,13,0.0,1.0,28,0,17,33,11,21,38,0.694444444444444
0,0,0,0,0.2,4,2.85714285714286,1.42857142857143,3,8,0.0,1.0,23,0,15,57,8,24,31,0.698412698412698
0,0,0,0,0.6,1,2.33333333333333,1.33333333333333,2,4,0.0,1.33333333333333,13,0,9,0,4,21,18,0.906976744186046
0,0,0,0,0.0,1,2.0,2.0,2,7,0.0,1.0,12,0,9,0,3,32,15,0.377358490566038
3,3,1,1,0.733333333333333,0,5.38461538461539,3.23076923076923,1,28,1.0,3.15384615384615,97,1,35,50,63,151,121,0.684385382059801
9,16,3,3,0.0,2,0.4,0.6,3,7,0.666666666666667,1.0,14,0,12,100,2,22,20,0.469387755102041
283,283,4,4,1.5,10,2.90909090909091,4.81818181818182,3,16,0.75,2.09090909090909,82,1,37,75,40,24,101,1.0
48,63,6,6,1.22222222222222,7,2.57142857142857,4.71428571428571,2,13,1.0,2.28571428571429,54,2,28,71,24,51,69,0.661654135338346
1,60,2,2,0.3,5,2.57142857142857,2.57142857142857,6,8,1.0,1.28571428571429,31,0,17,75,11,7,44,1.0
0,0,0,0,1.0,8,4.5,5.5,1,25,0.0,1.75,79,0,45,69,37,50,100,0.982142857142857
126,16,2,2,1.42857142857143,2,3.4,4.6,1,14,1.0,1076.2,76,2,18,0,57,24,97,0.896296296296296
35,14,1,1,1.15384615384615,2,6.4,2.1,2,12,1.0,1.4,36,1,19,73,15,24,46,0.585365853658537
271,272,3,3,2.1,3,2.875,4.125,3,12,0.666666666666667,3.875,93,5,28,75,58,23,100,1.0
0,0,0,0,0.875,7,3.33333333333333,3.66666666666667,1,13,0.0,1.66666666666667,33,2,19,58,14,59,47,0.608333333333333
0,0,0,0,0.0,0,0.0,1.0,4,2,0.0,1.0,6,0,6,0,1,5,20,1.0
0,0,0,0,0.0,1,2.5,3.0,2,6,0.0,1.0,13,0,10,0,3,31,16,0.423076923076923
0,0,0,0,0.642857142857143,3,3.5,2.66666666666667,1,55,0.0,1.66666666666667,59,0,22,69,37,69,113,0.863247863247863
1,1,1,1,0.0,1,1.0,2.33333333333333,2,6,1.0,1.0,8,0,5,0,3,32,12,0.72
0,0,0,0,0.0,1,0.0,1.0,2,2,0.0,1.0,5,0,4,0,1,1,6,1.0
0,0,0,0,0.0,2,1.5,1.5,3,13,0.0,1.0,6,0,4,0,2,47,9,1.0
6,0,2,2,0.0,1,0.0,2.0,4,16,1.0,1.0,66,0,45,0,21,42,88,0.965753424657534
0,203,1,1,0.52,0,2.09090909090909,3.36363636363636,2,26,1.0,1.63636363636364,133,2,62,90,70,15,164,1.0
0,0,0,0,0.235294117647059,3,2.30769230769231,2.07692307692308,1,35,0.0,1.30769230769231,69,1,35,81,34,69,90,1.0
0,0,0,0,0.0,0,2.0,1.5,2,4,0.0,1.0,7,0,5,0,2,21,10,0.628571428571429
0,0,0,0,0.0,2,0.0,0.5,3,5,0.0,1.0,8,0,6,100,2,24,11,0.925
14,36,8,8,0.208333333333333,4,5.18181818181818,1.86363636363636,3,25,0.5,1.13636363636364,68,0,36,89,32,27,88,0.564285714285714
0,0,0,0,0.0,0,1.5,2.0,3,6,0.0,1.0,9,0,6,0,3,46,11,0.796875
0,0,0,0,0.0,1,2.16666666666667,1.16666666666667,1,12,0.0,1.0,15,0,12,75,3,247,19,0.809352517985611
0,0,0,0,0.0,0,2.5,2.0,1,4,0.0,1.0,10,0,8,0,2,21,13,0.631578947368421
0,24,1,1,0.0,1,0.0,2.0,2,2,1.0,1.0,6,0,5,0,1,15,7,1.0
0,0,0,0,0.0,0,1.0,2.0,3,1,0.0,1.0,4,0,3,0,1,15,6,0.590909090909091
0,0,0,0,0.0,1,1.75,3.0,3,7,0.0,1.0,19,0,9,12,10,0,24,0.903225806451613
0,0,0,0,0.0,3,0.0,0.5,1,12,0.0,1.0,13,0,13,0,0,20,14,0.782608695652174
0,0,0,0,1.0,3,4.0,8.0,1,19,0.0,9.0,34,0,16,0,18,46,42,0.94392523364486
2,2,1,1,1.25,0,3.66666666666667,4.0,1,72,1.0,27.1666666666667,73,0,27,83,46,81,143,0.949152542372881
0,0,0,0,0.166666666666667,0,1.33333333333333,1.0,1,9,0.0,1.0,10,0,7,66,3,19,14,0.595238095238095
0,0,0,0,1.0,0,1.0,3.0,4,13,0.0,2.0,8,0,4,0,4,40,13,1.0
0,0,0,0,0.0,0,1.0,1.0,2,15,0.0,1.0,7,0,5,0,2,42,10,0.985074626865672
0,0,0,0,0.375,0,4.16666666666667,1.5,1,11,0.0,1.66666666666667,29,0,12,16,17,21,32,0.9375
0,0,0,0,0.0,1,1.0,6.0,2,8,0.0,1.0,18,0,11,0,8,0,23,1.0
0,0,0,0,0.722222222222222,4,1.875,2.25,2,39,0.0,1.9375,85,0,42,84,43,21,119,0.972222222222222
1,2,1,1,0.0,5,3.22222222222222,2.0,3,11,1.0,1.0,30,0,22,44,12,21,51,0.686746987951807
1,61,2,2,0.625,5,2.6,3.0,6,6,1.0,1.6,34,0,20,83,13,7,47,1.0
5,5,2,2,0.0,1,1.71428571428571,2.78571428571429,2,16,1.0,1.0,30,1,17,100,13,20,44,0.4625
8,15,1,1,0.7,7,8.57142857142857,1.85714285714286,1,10,1.0,1.57142857142857,26,0,17,0,9,59,38,0.467289719626168
0,0,0,0,0.0,0,2.0,0.5,1,4,0.0,1.0,4,0,4,0,0,39,5,0.916666666666667
317,820,8,8,0.777777777777778,20,3.28169014084507,2.69014084507042,6,88,0.875,2.50704225352113,249,0,94,0,155,25,406,1.0
0,0,0,0,0.0,2,3.5,1.5,3,10,0.0,1.0,21,0,13,61,8,21,28,0.728813559322034
0,52,1,1,0.5,1,2.0,1.5,3,7,1.0,1.25,13,0,7,0,6,18,27,1.0
0,0,0,0,0.0,1,0.0,1.0,5,2,0.0,1.0,7,0,7,0,0,16,8,0.615384615384615
0,8,2,2,0.266666666666667,0,5.61538461538461,1.38461538461538,1,16,1.0,1.15384615384615,39,0,19,64,19,23,53,0.815217391304348
0,0,0,0,0.8,0,1.66666666666667,2.0,4,7,0.0,1.66666666666667,18,0,11,33,7,3,24,0.705882352941177
0,0,0,0,0.0,4,1.0,8.0,4,22,0.0,1.0,16,0,10,0,6,44,18,0.892857142857143
52,405,5,5,1.72727272727273,30,6.11111111111111,8.66666666666667,1,25,1.0,3.77777777777778,96,3,46,81,48,117,211,0.665722379603399
0,0,0,0,0.0,6,3.22222222222222,1.44444444444444,3,13,0.0,1.0,33,0,22,77,11,21,43,0.506493506493506
5,15,4,4,0.0,2,2.88888888888889,0.888888888888889,0,10,1.0,1.0,12,0,12,0,0,42,13,0.584615384615385
0,0,0,0,0.0,3,4.75,2.0,4,6,0.0,1.0,12,0,7,25,5,34,17,0.666666666666667
17,277,6,6,1.22222222222222,15,3.26666666666667,5.13333333333333,1,37,1.0,2.26666666666667,116,10,66,93,45,90,142,1.0
0,0,0,0,0.0,3,0.5,5.0,2,8,0.0,1.0,14,1,10,0,4,16,17,1.0
0,0,0,0,1.14285714285714,8,2.33333333333333,4.08333333333333,3,23,0.0,4.75,108,1,46,68,56,21,124,0.922619047619048
0,0,0,0,0.0,2,5.0,4.5,3,7,0.0,1.0,8,0,6,0,2,22,11,0.45
0,0,0,0,0.0,0,0.5,1.0,1,19,0.0,1.0,12,0,8,50,4,43,17,0.949367088607595
0,0,0,0,0.407407407407407,1,1.84,2.32,1,31,0.0,1.36,78,0,37,66,40,33,113,0.706214689265537
0,0,0,0,0.0,1,0.0,1.0,0,4,0.0,1.0,5,0,5,0,0,35,6,0.955555555555556
3,3,1,1,0.65,3,3.48571428571429,3.6,2,82,1.0,3.6,209,8,94,84,122,170,301,0.965641952983725
562,1552,48,48,0.870967741935484,96,6.12669683257919,7.59276018099547,4,634,0.520833333333333,9.38009049773756,2763,59,873,97,1856,490,3538,0.290162162162162
0,27,1,1,0.75,2,28.0,1.0,4,5,1.0,2.5,17,0,11,100,6,0,22,1.0
0,0,0,0,0.0,1,4.5,1.0,0,4,0.0,1.0,6,0,6,0,0,20,7,0.548387096774194
3,11,2,2,0.75,0,0.0,0.0,1,1,0.5,1.0,3,0,3,0,0,0,7,0.875
49,187,8,8,0.62962962962963,2,1.8,2.6,1,21,0.5,1.4,110,0,54,90,55,48,124,0.628571428571429
0,0,0,0,0.0,6,2.4,1.4,1,35,0.0,1.0,16,0,12,0,4,40,26,0.732673267326733
0,0,0,0,2.16666666666667,1,4.75,7.5,3,18,0.0,16.25,75,0,27,50,46,85,96,0.678391959798995
0,34,1,1,0.0,1,2.0,1.5,2,3,1.0,1.0,8,0,6,0,2,18,13,1.0
0,0,0,0,0.428571428571429,1,1.6,2.2,1,9,0.0,1.2,19,0,13,0,6,4,26,1.0
0,0,0,0,0.0,0,2.33333333333333,1.66666666666667,1,7,0.0,1.0,12,0,9,55,4,15,21,0.627906976744186
0,42,2,2,0.0,1,1.0,1.5,2,5,1.0,1.0,11,0,8,0,3,0,16,1.0
6,6,2,2,0.0,2,5.0,1.0,1,5,1.0,1.0,12,0,8,66,5,21,19,1.0
5,25,3,3,0.6,2,2.33333333333333,2.33333333333333,3,4,1.0,1.33333333333333,11,0,6,0,5,0,16,1.0
0,0,0,0,1.0,1,2.0,4.0,1,4,0.0,2.0,10,0,6,0,4,1,15,0.85
0,0,0,0,0.0,1,1.6,1.0,2,9,0.0,1.0,16,0,11,66,5,19,24,0.596153846153846
0,0,0,0,1.0,8,7.5,6.5,1,7,0.0,2.0,34,0,21,75,13,2,40,0.959183673469388
0,0,0,0,0.274285714285714,1,3.19075144508671,1.30057803468208,2,195,0.0,1.72254335260116,475,2,194,98,279,155,722,0.971936389148737
0,0,0,0,1.20689655172414,5,3.47826086956522,3.73913043478261,1,61,0.0,2.30434782608696,159,4,65,78,88,36,226,0.996845425867508
0,0,0,0,0.454545454545455,6,2.22222222222222,1.66666666666667,3,13,0.0,1.33333333333333,37,0,19,55,18,24,52,0.550561797752809
2,2,2,2,0.0,1,0.0,2.0,2,3,0.5,1.0,5,0,4,0,1,10,7,0.65
480,533,15,15,1.5,19,3.0,4.8125,1,37,0.733333333333333,2.75,153,3,64,86,84,67,201,0.462295081967213
404,342,19,19,0.473118279569892,24,3.85714285714286,3.24175824175824,1,130,0.421052631578947,1.98901098901099,400,2,135,96,249,124,505,0.395256916996047
0,0,0,0,0.0,1,0.0,2.0,4,13,0.0,1.0,6,0,5,0,1,40,8,1.0
0,0,0,0,0.75,4,2.6,2.7,3,14,0.0,1.3,46,0,21,50,24,23,58,0.463157894736842
12,12,4,4,1.23076923076923,6,3.9,6.7,3,38,1.0,66.4,145,0,49,55,96,258,197,0.877049180327869
0,0,0,0,1.0,1,2.75,5.75,2,16,0.0,1.75,34,1,24,66,10,15,43,0.77027027027027
0,0,0,0,0.0,1,0.333333333333333,4.66666666666667,2,9,0.0,1.0,21,0,16,88,5,16,25,0.94
8,1,3,3,0.357142857142857,5,7.58333333333333,2.33333333333333,1,39,0.333333333333333,1.25,45,0,21,71,24,68,57,0.439024390243902
0,0,0,0,0.0,2,2.75,2.0,1,6,0.0,1.0,18,0,15,0,3,20,22,0.5625
3,3,1,1,0.555555555555556,21,2.4375,4.875,3,20,1.0,1.5625,93,0,47,0,43,22,108,1.0
0,22,1,1,0.0,1,0.0,1.0,1,7,1.0,1.0,10,0,8,0,2,0,15,1.0
0,74,1,1,1.6,3,7.5,10.0,2,6,1.0,7.5,43,0,14,0,28,18,50,1.0
0,0,0,0,0.0,5,5.23076923076923,5.61538461538461,2,24,0.0,1.0,56,0,20,0,35,38,83,0.648275862068965
0,0,0,0,0.0,1,2.0,1.0,0,3,0.0,1.0,4,0,4,0,0,26,5,0.647058823529412
0,0,0,0,0.0,2,1.33333333333333,3.33333333333333,2,7,0.0,1.0,13,0,11,0,3,25,18,0.74
299,707,7,7,0.788732394366197,16,3.29090909090909,2.69090909090909,6,69,1.0,2.69090909090909,194,0,75,0,119,36,315,1.0
6,22,2,2,1.66666666666667,3,1.6,4.5,1,13,0.5,4.2,88,0,35,0,43,92,99,1.0
56,56,2,2,0.0,1,1.0,0.0,0,4,0.5,1.0,5,0,5,0,0,18,6,1.0
0,0,0,0,0.6,0,3.0,2.66666666666667,1,5,0.0,1.33333333333333,24,1,18,0,6,1,31,1.0
0,0,0,0,0.0,0,0.0,1.0,4,1,0.0,1.0,3,0,3,0,0,15,4,0.75
4,4,2,2,0.0,4,5.0,8.0,4,27,1.0,1.0,39,0,18,0,21,40,43,0.845454545454545
89,171,14,14,0.529411764705882,7,1.93333333333333,6.13333333333333,3,32,0.642857142857143,1.2,126,0,61,58,63,25,154,0.898058252427185
0,0,0,0,0.0,1,10.9333333333333,1.86666666666667,1,19,0.0,1.0,53,0,28,76,25,15,66,0.89
0,0,0,0,0.0,1,0.0,2.28571428571429,4,20,0.0,1.0,26,0,19,0,7,40,34,0.946808510638298
0,0,0,0,0.0,0,0.0,0.375,0,17,0.0,1.0,10,0,10,0,0,36,10,0.765625
0,44,3,3,0.285714285714286,1,2.08333333333333,3.75,3,18,0.666666666666667,1.16666666666667,71,1,30,47,41,12,91,0.537190082644628
0,0,0,0,0.0,4,0.08,1.0,4,3,0.0,1.0,27,0,27,0,0,21,28,0.5625
0,0,0,0,0.263157894736842,3,0.235294117647059,1.52941176470588,4,21,0.0,1.17647058823529,57,0,33,0,24,24,75,0.641666666666667
0,0,0,0,1.5,3,4.5,5.5,2,6,0.0,2.5,23,0,13,0,10,23,29,1.0
0,0,0,0,0.0,1,0.0,1.0,0,1,0.0,1.0,5,0,5,0,0,16,6,0.652173913043478
0,0,0,0,0.0,0,0.0,1.0,4,4,0.0,1.0,5,0,4,0,1,7,7,0.666666666666667
0,3,1,1,0.0,0,0.0,0.0,0,1,1.0,1.0,3,0,3,0,0,24,4,0.448275862068966
1,1,1,1,0.9375,1,4.0,7.45454545454545,2,26,1.0,2.36363636363636,129,4,47,77,80,24,157,0.894230769230769
0,0,0,0,1.0,3,0.0,10.0,4,18,0.0,2.0,13,0,8,0,5,42,14,0.837837837837838
91,230,9,9,0.583333333333333,3,3.23809523809524,5.52380952380952,3,53,0.555555555555556,2.19047619047619,177,1,78,83,97,69,230,0.32
4,18,2,2,0.0,1,0.625,1.125,1,5,1.0,1.0,20,0,12,62,8,26,17,0.952380952380952
0,0,0,0,0.227272727272727,1,1.25,2.85,2,33,0.0,1.15,100,0,55,5,50,45,133,0.516587677725118
0,0,0,0,0.0,1,1.0,2.0,3,8,0.0,1.0,15,3,9,0,6,17,21,0.652173913043478
0,0,0,0,3.75,2,2.5,4.0,1,4,0.0,8.5,21,0,8,0,13,22,38,0.9375
12,66,3,3,1.25,8,3.09090909090909,3.36363636363636,2,26,0.666666666666667,20.5454545454545,119,4,43,71,85,61,160,0.465587044534413
0,0,0,0,0.333333333333333,2,2.71428571428571,1.57142857142857,3,12,0.0,1.14285714285714,25,0,15,66,10,24,34,0.814285714285714
0,0,0,0,0.0,0,0.0,1.0,1,3,0.0,1.0,6,0,4,0,2,6,8,0.722222222222222
0,0,0,0,0.25,0,0.0,1.0,4,14,0.0,1.0,5,0,4,0,1,40,7,0.983606557377049
0,0,0,0,0.526315789473684,3,3.5,2.0,1,56,0.0,1.3125,70,0,35,84,34,180,86,0.75625
4,4,1,1,1.4,2,22.5384615384615,2.61538461538462,1,317,1.0,11.3076923076923,617,3,245,90,374,336,1001,0.931991672449688
0,0,0,0,1.0,0,13.0,1.0,0,3,0.0,1.0,4,0,4,0,0,26,5,0.882352941176471
5,5,2,2,0.833333333333333,0,2.11111111111111,3.22222222222222,2,14,1.0,1.33333333333333,30,2,17,94,13,31,43,0.647727272727273
2,2,1,1,0.857142857142857,5,1.9,3.5,2,15,1.0,2.2,66,0,29,62,36,22,90,1.0
0,56,2,2,0.0,4,4.5,4.0,2,5,1.0,1.0,14,0,10,0,4,6,17,1.0
0,0,0,0,0.0,3,0.0,7.0,3,9,0.0,1.0,15,0,11,0,4,4,18,1.0
1,1,1,1,1.2156862745098,11,7.91836734693878,4.42857142857143,1,68,1.0,3.59183673469388,488,7,117,53,360,108,622,0.389659520807062
0,0,0,0,0.710526315789474,6,3.0,5.53333333333333,2,87,0.0,1.5,277,0,154,94,134,76,383,0.989010989010989
22,123,3,3,0.666666666666667,7,4.2,3.1,5,17,1.0,1.4,44,0,23,50,21,23,63,1.0
0,0,0,0,0.0,0,2.0,2.0,3,3,0.0,1.0,4,0,3,0,1,19,6,0.964285714285714
5,47,3,3,0.6,2,3.0,2.33333333333333,3,4,1.0,1.33333333333333,11,0,6,0,5,22,16,1.0
0,0,0,0,0.0,0,1.2,0.0,0,6,0.0,1.0,7,0,7,0,0,42,8,1.0
91,393,8,8,1.36363636363636,33,5.125,10.125,3,30,0.625,119.5,181,4,87,85,92,36,319,0.587012987012987
0,0,0,0,1.5,1,2.66666666666667,3.66666666666667,2,11,0.0,3.0,60,0,27,70,33,64,71,0.691780821917808
0,0,0,0,0.0,0,1.0,1.0,0,3,0.0,1.0,5,0,5,0,0,15,6,0.666666666666667
8,2,2,2,0.5,2,2.75,2.75,4,7,1.0,1.25,22,0,12,62,10,18,29,1.0
0,0,0,0,0.886075949367089,7,2.95652173913043,3.10144927536232,2,163,0.0,2.69565217391304,477,4,198,89,262,562,563,0.999219968798752
7,29,14,14,0.0,56,2.0,4.0,1,3,0.571428571428571,1.0,86,0,29,0,57,6,88,0.505154639175258
0,0,0,0,0.272727272727273,4,3.88888888888889,2.33333333333333,4,14,0.0,1.11111111111111,30,0,19,100,11,21,40,0.56
3,3,1,1,0.344827586206897,31,5.0,2.66666666666667,2,33,1.0,1.33333333333333,128,0,67,0,59,16,152,0.930348258706468
0,34,1,1,0.0,3,0.0,5.57142857142857,3,34,1.0,1.0,87,0,31,0,56,45,96,0.502890173410405
0,0,0,0,0.294117647058824,4,2.0,2.45161290322581,2,56,0.0,1.45161290322581,131,1,73,84,56,151,173,0.989445910290237
3,3,2,2,1.5,3,2.0,2.16666666666667,1,10,1.0,1.66666666666667,33,0,16,0,17,68,45,0.467213114754098
0,0,0,0,0.0,0,2.0,3.0,2,5,0.0,1.0,7,0,5,0,2,20,10,1.0
0,0,0,0,0.0,1,0.0,1.2,2,10,0.0,1.0,13,0,9,0,4,75,19,0.852941176470588
2,2,2,2,0.0,3,0.125,1.0,5,1,1.0,1.0,10,0,10,0,0,19,11,0.516129032258065
1,31,2,2,0.214285714285714,3,5.58333333333333,1.66666666666667,3,17,0.5,1.08333333333333,38,0,24,89,14,29,51,0.45360824742268
0,0,0,0,1.0,5,1.0,10.0,1,18,0.0,8.0,40,0,17,0,20,23,38,1.0
0,47,1,1,0.5,1,2.0,1.5,3,6,1.0,1.25,13,0,7,0,6,18,23,1.0
0,0,0,0,0.0,2,3.0,2.4,1,8,0.0,1.0,14,0,9,60,5,21,20,0.73469387755102
1,46,2,2,1.0,0,0.0,0.0,0,4,1.0,0.0,7,0,10,0,0,30,11,1.0
0,0,0,0,2.14285714285714,2,3.0,3.75,1,15,0.0,12.0,40,0,14,56,26,45,60,0.46551724137931
4,13,5,5,0.176470588235294,3,7.93333333333333,1.8,3,20,0.8,1.06666666666667,48,0,27,84,22,26,64,0.390909090909091
0,0,0,0,0.571428571428571,3,3.6,1.8,2,11,0.0,1.4,21,0,12,0,9,19,31,0.590163934426229
0,0,0,0,0.0,2,0.588235294117647,0.941176470588235,3,20,0.0,1.0,39,0,23,0,13,57,58,0.992592592592593
10,70,4,4,1.33333333333333,6,5.75,4.0,3,5,1.0,2.25,24,0,10,0,14,20,35,1.0
0,47,1,1,0.0,3,2.0,1.75,2,6,1.0,1.0,16,0,12,62,4,18,23,1.0
0,0,0,0,1.15384615384615,1,2.09090909090909,3.36363636363636,2,17,0.0,2.0,61,0,29,63,32,26,84,0.874015748031496
0,0,0,0,0.5,20,3.25,9.0,4,23,0.0,1.25,52,0,23,0,29,40,60,0.886178861788618
2225,5972,139,139,0.638036809815951,80,2.47551342812006,3.46287519747235,2,765,0.733812949640288,2.0347551342812,3401,27,1222,99,2040,5090,4483,0.447146594322256
0,0,0,0,0.0,0,0.0,1.0,3,12,0.0,1.0,4,0,4,0,0,42,6,0.983333333333333
0,0,0,0,0.0,2,1.0,1.28571428571429,2,18,0.0,1.0,58,0,57,98,6,52,71,0.773049645390071
0,0,0,0,0.533333333333333,4,3.07692307692308,2.53846153846154,3,17,0.0,1.30769230769231,53,0,28,53,25,24,72,0.734513274336283
24,77,6,6,1.81818181818182,6,2.55555555555556,7.33333333333333,1,48,0.333333333333333,55.6666666666667,147,1,53,66,91,35,206,0.322916666666667
3,10,1,1,1.0,3,2.25,2.75,3,10,1.0,1.75,26,0,15,0,10,36,33,0.848101265822785
0,0,0,0,0.0,1,2.6,2.4,4,9,0.0,1.0,13,2,8,0,5,17,24,0.68
0,0,0,0,0.230769230769231,4,2.63636363636364,1.72727272727273,3,16,0.0,1.09090909090909,36,0,20,63,16,24,49,0.808988764044944
0,0,0,0,0.0,2,2.66666666666667,2.0,2,11,0.0,1.0,21,2,15,50,6,3,68,1.0
163,168,4,4,1.04,9,4.05263157894737,3.78947368421053,6,30,0.5,1.89473684210526,128,4,60,50,65,45,167,0.574380165289256
0,0,0,0,0.75,5,7.0,9.0,1,5,0.0,2.5,40,0,26,0,14,1,46,0.961538461538462
0,0,0,0,0.0,1,0.75,0.75,1,6,0.0,1.0,10,0,10,0,0,44,11,0.557377049180328
0,0,0,0,0.6,0,4.0,2.0,2,5,0.0,1.33333333333333,13,1,6,0,7,15,21,0.707317073170732
0,0,0,0,0.285714285714286,8,8.75,2.5,3,24,0.0,1.16666666666667,46,0,29,52,19,29,63,0.525862068965517
0,0,0,0,0.923076923076923,1,2.90909090909091,2.81818181818182,1,17,0.0,2.27272727272727,78,0,27,65,47,28,86,0.717557251908397
0,0,0,0,0.0,19,2.0,4.0,1,3,0.0,1.0,35,0,15,0,20,3,37,0.86046511627907
0,0,0,0,0.0,2,2.6,1.4,3,9,0.0,1.0,17,0,11,50,6,21,23,0.679245283018868
0,0,0,0,0.529411764705882,1,5.06666666666667,1.6,2,17,0.0,1.26666666666667,55,0,25,79,29,21,70,0.962962962962963
18,296,7,7,0.888888888888889,4,3.0,4.71428571428571,2,12,0.571428571428571,1.57142857142857,46,0,28,71,16,73,54,0.856115107913669
0,0,0,0,0.0,0,5.0,1.0,0,5,0.0,1.0,5,0,5,0,0,26,6,0.621621621621622
5,47,3,3,0.6,3,2.66666666666667,2.33333333333333,2,4,1.0,1.33333333333333,13,0,8,0,5,20,18,1.0
0,0,0,0,0.296296296296296,5,1.95652173913043,1.56521739130435,3,29,0.0,1.08695652173913,68,0,28,35,32,19,102,0.66
26,18,1,1,0.933333333333333,4,2.25,2.41666666666667,2,20,1.0,2.0,74,0,28,60,40,28,99,1.0
0,0,0,0,0.6,3,5.33333333333333,3.66666666666667,3,20,0.0,1.33333333333333,23,0,15,0,8,23,33,0.706666666666667
0,0,0,0,0.5,3,4.75,2.25,2,18,0.0,1.25,22,0,14,50,8,24,37,0.714285714285714
0,0,0,0,0.8,0,3.125,2.625,1,11,0.0,1.5,51,1,18,56,31,15,59,0.811764705882353
0,0,0,0,1.0,3,2.66666666666667,3.33333333333333,5,7,0.0,1.66666666666667,18,0,10,50,7,20,27,0.537037037037037
0,15,1,1,0.857142857142857,0,2.0,1.6,2,7,1.0,1.6,22,0,12,0,10,25,29,1.0
0,0,0,0,0.444444444444444,1,1.2,2.4,2,6,0.0,1.6,26,0,11,66,13,0,38,1.0
0,0,0,0,0.6,1,29.0,2.375,2,14,0.0,1.875,47,2,21,62,26,27,275,0.943037974683544
0,0,0,0,0.0,1,2.0,0.0045454545454545,0,6,0.0,1.0,227,0,227,100,0,22,228,0.968627450980392
0,0,0,0,0.0,2,3.375,1.5,2,15,0.0,1.0,22,0,13,31,9,42,31,0.931818181818182
55,65,13,13,1.04838709677419,21,3.16,3.28,2,68,0.769230769230769,108.88,408,12,138,91,260,68,527,0.616666666666667
0,0,0,0,0.0,4,2.8,2.6,4,8,0.0,1.0,16,0,10,0,6,22,22,0.730769230769231
4,6,3,3,0.0,52,1.0,0.0,0,61,0.666666666666667,1.0,57,0,57,0,0,25,58,0.381944444444444
0,0,0,0,0.6,1,1.0,2.66666666666667,4,15,0.0,1.33333333333333,21,0,22,0,7,43,34,0.880434782608696
0,0,0,0,0.428571428571429,2,5.75,2.25,3,16,0.0,1.16666666666667,46,0,25,50,20,21,62,0.717171717171717
0,0,0,0,0.0,0,0.5,1.0,3,4,0.0,1.0,6,0,4,0,2,37,9,0.98
0,30,1,1,0.0,5,0.0,6.0,2,4,1.0,1.0,21,0,19,0,2,3,23,1.0
0,0,0,0,0.45,1,3.23529411764706,3.94117647058824,2,47,0.0,1.52941176470588,97,0,54,73,46,25,130,0.99009900990099
0,0,0,0,0.0,0,2.0,2.0,3,4,0.0,1.0,4,0,3,0,1,19,6,0.96551724137931
55,89,4,4,0.428571428571429,0,1.5,2.0,3,6,1.0,1.25,18,0,8,25,10,3,25,1.0
0,0,0,0,1.4,0,0.5,1.0,1,5,0.0,1.0,5,0,4,0,1,21,7,1.0
0,0,0,0,0.0,1,1.66666666666667,2.0,1,4,0.0,1.0,14,0,11,33,3,15,18,0.945945945945946
0,0,0,0,1.125,3,6.91666666666667,4.41666666666667,2,25,0.0,2.33333333333333,105,0,39,0,63,15,118,1.0
12,58,5,5,0.95,12,2.38888888888889,5.38888888888889,2,58,0.6,9.77777777777778,163,2,74,85,88,130,223,0.447688564476886
0,0,0,0,0.0,0,3.0,1.0,0,2,0.0,1.0,5,0,5,0,0,15,6,0.91304347826087
4,9,1,1,0.7,1,2.33333333333333,3.66666666666667,3,13,1.0,2.5,41,0,16,25,22,22,50,0.388235294117647
0,0,0,0,0.0,1,1.33333333333333,0.666666666666667,1,5,0.0,1.0,13,0,11,0,2,15,16,0.722222222222222
0,0,0,0,0.375,1,1.5,3.0,2,15,0.0,1.16666666666667,20,0,11,66,9,39,28,0.5
0,9,1,1,0.0,2,1.0,1.0,3,3,1.0,1.0,5,0,5,0,0,0,6,1.0
0,0,0,0,0.75,13,4.73076923076923,2.84615384615385,1,51,0.0,2.07692307692308,121,1,49,67,72,111,170,0.951807228915663
152,180,14,14,0.75,2,1.0,2.5,1,5,0.857142857142857,1.5,15,0,10,50,5,4,19,1.0
46,46,2,2,0.0,2,1.0,1.0,0,3,0.5,1.0,4,0,4,0,0,15,5,1.0
0,0,0,0,0.0,4,1.4,4.2,2,24,0.0,1.0,30,0,18,0,12,40,36,0.85
0,0,0,0,0.428571428571429,3,1.6,2.0,2,10,0.0,1.2,20,0,12,19,8,28,29,0.477611940298507
0,0,0,0,0.472222222222222,5,1.23529411764706,3.0,3,45,0.0,1.44117647058824,148,0,52,36,96,117,228,1.0
0,0,0,0,0.0,7,1.0,6.5,2,5,0.0,1.0,29,0,22,0,7,23,35,1.0
24,66,4,4,0.933333333333333,10,11.5384615384615,2.61538461538462,1,34,0.75,3.61538461538462,122,0,62,88,81,84,199,0.807570977917981
2,1,1,1,0.875,5,3.61538461538462,2.38461538461538,2,23,1.0,1.69230769230769,62,0,26,44,36,22,91,1.0
0,0,0,0,1.0,17,8.0,25.0,4,22,0.0,2.0,37,0,19,0,18,43,62,0.78740157480315
0,0,0,0,0.375,2,6.33333333333333,1.5,3,10,0.0,1.16666666666667,19,0,11,33,8,21,27,0.724137931034483
1,7,1,1,0.5,1,3.125,1.6875,1,26,1.0,2.0625,84,0,35,87,49,62,128,0.837962962962963
22,60,6,6,0.961538461538462,6,15.875,3.41666666666667,2,47,0.666666666666667,2.91666666666667,162,2,59,95,98,138,218,0.375621890547264
146,540,14,14,1.49019607843137,45,4.14583333333333,8.39583333333333,4,91,0.571428571428571,13.1875,677,24,226,93,432,138,746,0.656410256410256
0,10,2,2,0.0,2,0.714285714285714,1.0,3,4,1.0,1.0,11,0,11,0,0,15,12,0.516129032258065
0,0,0,0,0.0,1,24.0,1.0,0,3,0.0,1.0,3,0,3,0,0,24,4,0.548387096774194
328,844,8,8,0.777777777777778,20,3.29577464788732,2.69014084507042,6,88,0.875,2.50704225352113,249,0,94,0,155,38,406,1.0
4,19,1,1,0.454545454545455,2,0.0,0.5,1,12,1.0,1.0,16,0,13,0,4,23,26,0.622950819672131
3,0,1,1,0.0,2,0.0,1.0,2,3,1.0,1.0,6,0,5,0,1,18,8,0.862068965517241
1,60,2,2,0.3,5,2.57142857142857,2.57142857142857,6,8,1.0,1.28571428571429,31,0,17,75,11,7,44,1.0
12,40,2,2,0.333333333333333,1,1.71428571428571,1.28571428571429,1,7,1.0,1.14285714285714,22,0,13,61,9,17,29,0.962264150943396
14,161,5,5,1.46153846153846,3,5.55555555555556,4.66666666666667,2,23,0.6,2.88888888888889,88,2,36,75,51,19,106,0.575342465753425
0,42,1,1,1.25,0,2.0,7.0,1,8,1.0,2.0,33,0,10,0,22,0,34,1.0
0,0,0,0,0.0,0,2.0,2.0,3,1,0.0,1.0,4,0,3,0,1,15,6,0.590909090909091
0,0,0,0,0.444444444444444,2,2.28571428571429,2.42857142857143,2,11,0.0,1.28571428571429,25,0,13,14,12,32,35,0.743589743589744
2,18,2,2,0.0,2,0.714285714285714,1.14285714285714,4,3,0.5,1.0,18,0,11,71,7,20,18,0.945945945945946
0,0,0,0,0.625,0,1.83333333333333,2.56666666666667,2,49,0.0,2.43333333333333,141,0,59,86,80,132,206,1.0
68,76,5,5,0.857142857142857,1,3.36363636363636,3.54545454545455,1,17,0.6,3.72727272727273,80,0,38,70,42,46,108,0.444444444444444
0,86,2,2,0.0,3,1.66666666666667,2.0,2,8,1.0,1.0,12,0,9,33,3,19,16,1.0
0,0,0,0,0.0,2,1.33333333333333,2.33333333333333,5,5,0.0,1.0,12,0,7,33,5,15,16,0.5
0,0,0,0,0.0,1,0.0,2.0,2,2,0.0,1.0,8,0,7,0,1,8,10,1.0
0,0,0,0,0.0,2,3.83333333333333,2.0,3,10,0.0,1.0,20,0,12,33,8,21,27,0.706896551724138
0,0,0,0,0.666666666666667,2,4.0,3.0,2,23,0.0,1.33333333333333,22,0,13,33,9,31,35,0.647727272727273
0,0,0,0,0.0,0,0.75,1.75,3,6,0.0,1.0,11,0,7,0,4,23,15,0.711111111111111
1,1,1,1,0.961538461538462,1,3.56521739130435,3.30434782608696,3,50,1.0,2.30434782608696,178,5,76,86,97,76,208,0.583081570996979
0,0,0,0,0.0,0,2.66666666666667,3.33333333333333,1,6,0.0,1.0,11,1,8,33,3,1,19,1.0
0,0,0,0,1.33333333333333,1,3.71428571428571,2.0,2,12,0.0,2.14285714285714,42,0,18,50,22,22,53,0.827586206896552
0,0,0,0,0.5,0,2.5,2.5,1,12,0.0,1.75,32,1,16,37,17,78,46,0.882352941176471
12,26,2,2,2.0,1,5.0,9.2,2,35,1.0,57.0,117,0,47,58,70,187,147,0.915531335149864
0,0,0,0,0.0,0,2.33333333333333,1.0,0,1,0.0,1.0,5,0,5,0,0,42,6,0.693877551020408
0,0,0,0,0.0,0,0.2,1.6,3,19,0.0,1.0,16,0,10,0,6,42,22,0.879518072289157
0,0,0,0,0.48,6,1.45,3.55,4,48,0.0,2.5,120,1,49,84,75,39,172,1.0
0,0,0,0,0.6,0,3.66666666666667,1.66666666666667,2,5,0.0,1.33333333333333,13,0,7,0,6,21,15,0.523809523809524
0,0,0,0,0.0,1,0.0,2.0,3,14,0.0,1.0,9,0,4,0,5,40,11,1.0
0,41,1,1,0.6,1,1.66666666666667,1.66666666666667,4,6,1.0,1.33333333333333,12,0,7,0,5,18,17,1.0
0,0,0,0,0.0,0,0.0,1.0,4,14,0.0,1.0,5,0,4,0,1,40,7,0.983606557377049
79,80,4,4,0.48,7,3.21052631578947,2.31578947368421,2,22,0.75,1.57894736842105,78,1,30,63,45,91,113,0.495575221238938
0,0,0,0,0.0,0,1.75,1.75,1,6,0.0,1.0,13,0,9,25,4,22,18,0.717391304347826
2,22,2,2,0.636363636363636,1,2.22222222222222,3.11111111111111,2,15,1.0,2.44444444444444,51,3,20,77,30,86,57,0.493670886075949
0,0,0,0,0.0,0,2.25,1.75,2,6,0.0,1.0,16,0,9,0,7,20,21,1.0
0,0,0,0,0.916666666666667,13,3.7,5.7,4,30,0.0,1.5,74,0,36,80,40,34,109,0.637426900584795
1,61,2,2,0.625,5,2.6,3.0,6,6,1.0,1.6,34,0,20,83,13,7,47,1.0
0,0,0,0,0.0,0,1.0,1.66666666666667,1,14,0.0,1.0,10,0,7,33,3,40,14,0.955882352941177
0,0,0,0,0.0,0,0.0,0.0,3,146,0.0,1.0,4,0,5,0,0,599,7,0.9375
13,131,5,5,0.0,3,14.6,2.0,5,10,1.0,1.0,26,0,20,62,6,75,33,1.0
19,19,3,3,0.0,1,1.76470588235294,2.82352941176471,2,19,0.666666666666667,1.0,38,1,22,100,16,20,55,0.404255319148936
4,8,2,2,1.61538461538462,5,2.8,4.2,2,12,1.0,5.6,83,1,40,0,39,46,111,0.50887573964497
27,119,2,2,0.625,7,3.66666666666667,4.16666666666667,4,10,0.5,2.0,48,2,23,54,24,23,59,0.619565217391304
51,271,13,13,1.03846153846154,13,10.4736842105263,4.05263157894737,6,32,1.0,2.21052631578947,99,1,36,77,63,31,160,1.0
0,0,0,0,1.375,5,6.0,8.5,3,8,0.0,2.75,66,0,36,33,28,34,80,0.655737704918033
2,734,3,3,0.245283018867925,46,1.94,2.42,3,56,0.666666666666667,1.2,220,0,105,95,113,34,275,0.994520547945206
0,0,0,0,0.0,0,2.5,1.0,2,4,0.0,1.0,6,0,4,0,2,21,9,0.588235294117647
63,294,8,8,1.14285714285714,11,5.61904761904762,3.76190476190476,6,29,1.0,2.33333333333333,111,1,38,50,73,27,176,1.0
68,0,1,1,0.6,2,0.5,2.5,1,16,1.0,2.5,12,0,9,0,3,36,18,0.704225352112676
0,93,3,3,0.333333333333333,0,1.66666666666667,2.66666666666667,2,5,1.0,1.0,12,0,8,33,4,33,16,1.0
0,0,0,0,0.0,2,2.83333333333333,1.66666666666667,3,18,0.0,1.0,17,0,10,58,7,42,24,0.94047619047619
0,0,0,0,2.0,0,3.75,4.25,1,6,0.0,4.0,42,3,19,66,24,10,51,0.985074626865672
0,0,0,0,0.230769230769231,2,9.36363636363636,1.81818181818182,2,14,0.0,1.63636363636364,36,0,18,72,18,21,51,0.674418604651163
0,0,0,0,1.0,1,0.0,7.0,2,5,0.0,3.0,16,0,10,0,6,52,20,0.605263157894737
0,0,0,0,0.0,1,2.93181818181818,0.981818181818182,1,6,0.0,1.0,439,0,223,0,216,23,224,0.976284584980237
0,0,0,0,0.6,0,1.0,2.33333333333333,4,8,0.0,1.33333333333333,14,0,9,0,5,22,17,0.695652173913043
1,60,2,2,0.3,5,2.57142857142857,2.57142857142857,6,8,1.0,1.28571428571429,31,0,17,75,11,7,44,1.0
7,30,2,2,0.615384615384615,18,3.09090909090909,5.0,1,28,1.0,2.90909090909091,71,1,35,72,34,30,95,0.660130718954248
0,0,0,0,0.0,1,1.6,1.0,1,8,0.0,1.0,15,0,10,66,5,19,23,0.56
2,172,3,3,3.25,3,3.0,4.0,1,6,0.666666666666667,3.5,31,0,17,0,13,39,40,1.0
0,0,0,0,0.5,1,2.25,2.75,2,10,0.0,1.25,21,0,12,16,8,29,25,1.0
0,0,0,0,0.923076923076923,4,1.63636363636364,4.18181818181818,2,19,0.0,1.81818181818182,71,0,39,72,32,56,99,0.408045977011494
0,0,0,0,0.909090909090909,3,4.11111111111111,3.77777777777778,2,15,0.0,1.88888888888889,61,1,28,55,32,59,78,0.769736842105263
0,0,0,0,0.24,7,2.15789473684211,3.05263157894737,3,48,0.0,1.10526315789474,112,0,64,82,48,30,140,0.939814814814815
0,0,0,0,0.0,0,2.5,0.0,0,1,0.0,1.0,4,0,4,0,0,15,5,0.904761904761905
0,0,0,0,0.0,1,6.42857142857143,0.857142857142857,2,8,0.0,1.0,10,0,10,0,0,64,11,0.530120481927711
0,0,0,0,0.0,2,2.5,3.0,4,7,0.0,1.0,13,0,8,0,5,21,18,0.521739130434783
0,0,0,0,0.0,3,4.2,2.2,4,34,0.0,1.0,24,0,16,88,8,53,36,0.805084745762712
1,60,2,2,0.3,5,2.57142857142857,2.57142857142857,6,8,1.0,1.28571428571429,31,0,17,75,11,7,44,1.0
91,333,13,13,0.756756756756757,10,3.64705882352941,4.55882352941176,1,57,0.692307692307692,13808.6176470588,313,12,99,91,199,43,375,0.981052631578947
0,0,0,0,0.0,0,2.0,2.0,3,3,0.0,1.0,4,0,3,0,1,19,6,0.964285714285714
1,1,1,1,0.0,1,0.0,2.0,2,2,1.0,1.0,6,0,5,0,1,15,8,0.958333333333333
0,0,0,0,0.0,0,1.0,1.0,1,15,0.0,1.0,34,0,22,50,12,6,49,0.928571428571429
2,1,1,1,0.0,1,1.66666666666667,2.5,3,24,1.0,1.0,30,0,14,80,15,46,41,0.927927927927928
0,38,3,3,0.285714285714286,8,2.52,2.88,2,32,0.666666666666667,1.4,104,0,51,69,52,39,139,0.795238095238095
2,8,1,1,0.7,1,9.5,2.375,2,14,1.0,1.875,34,0,14,50,20,45,50,0.697247706422018
5,47,3,3,0.6,2,4.0,2.66666666666667,3,4,1.0,1.33333333333333,11,0,6,0,5,22,16,1.0
1,60,2,2,0.3,5,2.57142857142857,2.57142857142857,6,8,1.0,1.28571428571429,31,0,17,75,11,7,44,1.0
0,0,0,0,0.454545454545455,4,1.11111111111111,1.5,3,22,0.0,1.05555555555556,52,0,26,73,22,17,76,0.895652173913044
0,0,0,0,1.17241379310345,7,2.33333333333333,3.41666666666667,3,29,0.0,1.91666666666667,115,1,45,93,59,49,173,0.733067729083665
0,0,0,0,1.25,1,1.66666666666667,4.66666666666667,2,28,0.0,4.33333333333333,44,0,21,0,23,28,60,1.0
0,0,0,0,0.526315789473684,3,1.88235294117647,2.35294117647059,2,27,0.0,4.05882352941176,92,0,39,84,53,64,132,0.479820627802691
0,36,1,1,0.0,5,1.0,5.0,2,6,1.0,1.0,26,0,20,0,6,0,30,1.0
0,0,0,0,1.55555555555556,0,2.85714285714286,3.85714285714286,1,14,0.0,2.14285714285714,65,0,31,92,33,51,90,0.980645161290323
5,7,5,5,0.464285714285714,6,2.16666666666667,3.91666666666667,2,28,0.6,1.41666666666667,185,6,111,100,73,9,213,0.55421686746988
0,0,0,0,0.0,0,0.0,0.0,0,2,0.0,1.0,4,0,4,0,0,4,5,0.909090909090909
0,54,1,1,1.14285714285714,0,2.6,3.8,2,7,1.0,2.4,33,0,13,19,20,3,44,1.0
0,0,0,0,1.58333333333333,1,2.375,4.0,2,12,0.0,6.25,101,2,45,66,52,25,115,0.5
0,0,0,0,0.0,2,2.6,1.4,3,8,0.0,1.0,17,0,11,50,6,21,23,0.692307692307692
0,0,0,0,0.0,0,5.0,3.0,4,3,0.0,1.0,4,0,3,0,1,21,6,0.566666666666667
0,0,0,0,0.0,1,1.33333333333333,2.66666666666667,4,6,0.0,1.0,10,0,7,0,3,21,14,0.609756097560976
0,0,0,0,0.818181818181818,14,1.88888888888889,3.11111111111111,2,16,0.0,2.55555555555556,57,0,32,88,23,35,71,0.688524590163934
5,6,2,2,0.0,0,1.55555555555556,2.11111111111111,2,12,1.0,1.0,20,1,12,100,8,20,29,0.573770491803279
0,0,0,0,0.875,0,1.16666666666667,3.66666666666667,1,11,0.0,1.5,35,0,16,16,17,23,41,0.756756756756757
20,18,2,2,0.7,14,4.125,7.0,1,26,0.5,1.625,103,4,67,72,37,32,119,0.920454545454545
0,0,0,0,0.4,9,2.25,2.75,2,17,0.0,1.75,48,0,27,68,21,19,60,0.71875
71,213,4,4,0.0,5,1.125,4.125,2,11,1.0,1.0,42,0,30,0,12,9,51,1.0
0,0,0,0,0.9,1,2.28571428571429,3.0,1,17,0.0,1.28571428571429,42,0,25,77,17,21,52,0.769230769230769
26,173,8,8,1.0,6,2.5,4.0,1,14,0.75,3.625,64,4,29,87,30,24,68,1.0
0,0,0,0,1.875,9,3.5,7.33333333333333,1,77,0.0,35.5833333333333,224,7,93,87,128,23,285,1.0
0,0,0,0,0.0,0,0.0,0.0,2,5,0.0,1.0,7,0,7,100,0,22,8,0.6
0,0,0,0,0.0,0,2.66666666666667,1.0,2,9,0.0,1.0,11,0,8,66,3,19,15,0.651162790697674
0,0,0,0,0.0,0,0.0,0.0,1,1,0.0,0.0,2,0,2,0,0,21,3,0.96
0,0,0,0,0.0,0,0.0,1.0,1,12,0.0,1.0,26,1,20,100,7,34,36,0.841463414634146
0,83,1,1,1.25,0,3.16666666666667,2.5,1,18,1.0,4.33333333333333,59,5,17,83,34,15,50,1.0
0,0,0,0,0.0,1,0.0,3.0,2,14,0.0,1.0,10,0,8,0,2,40,12,0.954545454545455
0,0,0,0,0.0,4,4.88888888888889,1.66666666666667,3,12,0.0,1.0,25,0,15,22,10,21,35,0.602941176470588
0,0,0,0,0.0,3,2.0,3.25,4,6,0.0,1.0,15,1,10,0,6,39,22,1.0
0,0,0,0,0.0,1,2.0,2.0,4,5,0.0,1.0,7,0,6,0,1,18,9,0.875
0,0,0,0,0.375,0,1.42857142857143,2.14285714285714,2,26,0.0,1.0952380952381,62,0,35,19,26,24,84,1.0
0,0,0,0,0.375,1,3.25,2.25,2,28,0.0,1.25,59,2,21,0,39,30,102,0.775
0,0,0,0,0.888888888888889,1,1.57142857142857,2.28571428571429,2,10,0.0,1.57142857142857,28,0,14,57,14,21,46,0.831168831168831
0,0,0,0,0.6,3,2.42857142857143,2.28571428571429,1,17,0.0,1.57142857142857,36,0,19,83,17,21,56,1.0
0,0,0,0,0.75,2,1.0,7.5,2,7,0.0,1.5,15,1,10,0,4,18,18,0.906976744186046
0,0,0,0,0.0,8,1.5,2.0,2,4,0.0,1.0,15,0,6,0,9,16,18,1.0
1376,1435,18,18,1.67647058823529,21,4.35483870967742,6.51612903225806,1,102,0.777777777777778,16.5161290322581,411,23,118,91,272,30,493,0.948717948717949
0,0,0,0,0.285714285714286,2,0.75,2.75,2,6,0.0,1.16666666666667,49,0,30,75,19,27,52,0.960526315789474
1,248,2,2,0.3,3,2.0,15.625,3,34,1.0,1.125,168,2,37,75,131,21,191,1.0
6,3,2,2,0.0,1,1.33333333333333,2.66666666666667,3,10,1.0,1.0,19,0,11,0,8,21,26,0.456140350877193
0,0,0,0,1.0,2,2.0,5.0,2,4,0.0,2.0,14,0,10,0,4,0,26,1.0
573,1111,9,9,1.05882352941176,24,3.69767441860465,3.51162790697674,4,98,1.0,3.30232558139535,349,5,122,87,210,21,420,1.0
0,0,0,0,0.0,4,2.45454545454545,2.18181818181818,3,16,0.0,1.0,35,0,21,65,14,21,47,0.428571428571429
28,32,2,2,0.0,2,7.82352941176471,0.882352941176471,0,19,0.5,1.0,20,0,20,0,0,193,21,0.815450643776824
7,45,1,1,0.46875,16,2.21428571428571,2.45238095238095,4,52,1.0,2.23809523809524,216,1,113,88,108,163,328,0.998158379373849
17,82,2,2,0.296296296296296,2,3.84,2.2,1,26,0.5,1.48,86,0,39,83,47,33,117,0.474576271186441
0,0,0,0,0.363636363636364,1,2.44444444444444,2.0,1,13,0.0,1.22222222222222,33,0,18,66,15,22,45,0.725
0,0,0,0,0.0,2,1.5,1.5,3,14,0.0,1.0,6,0,4,0,2,47,9,1.0
8,40,3,3,0.6,4,4.0,3.33333333333333,4,5,1.0,1.33333333333333,14,0,8,0,6,9,20,1.0
0,0,0,0,0.75,1,3.3,3.9,3,16,0.0,2.2,81,1,39,70,41,27,111,0.792207792207792
245,146,4,4,1.27777777777778,19,5.0,6.33333333333333,1,26,0.5,3.06666666666667,131,3,48,80,80,33,173,0.469827586206897
0,0,0,0,0.0,2,1.33333333333333,3.33333333333333,3,22,0.0,1.0,20,0,13,50,7,46,24,0.869565217391304
0,0,0,0,0.833333333333333,4,1.875,2.5,4,12,0.0,1.5,35,1,13,50,16,18,50,0.5125
0,0,0,0,0.818181818181818,1,2.0,3.11111111111111,2,15,0.0,1.66666666666667,49,4,24,61,25,73,64,0.894039735099338
90,244,21,21,1.05084745762712,92,8.34782608695652,8.34782608695652,2,407,0.380952380952381,34.9304347826087,1590,13,560,94,1015,159,2118,0.558130841121495
0,0,0,0,0.0,1,2.0,2.0,1,3,0.0,1.0,8,0,6,0,2,3,10,0.875
0,0,0,0,0.230769230769231,0,2.3,1.7,2,17,0.0,1.0,27,0,16,9,11,32,39,0.863636363636364
0,0,0,0,0.0,1,2.0,0.0,0,3,0.0,1.0,3,0,3,0,0,15,4,0.636363636363636
6,14,3,3,0.5,12,6.52941176470588,2.50980392156863,3,67,0.333333333333333,1.70588235294118,208,6,81,91,126,207,298,0.297202797202797
0,0,0,0,0.0,0,2.0,0.5,0,2,0.0,1.0,4,0,4,0,0,0,5,1.0
2,2,1,1,1.125,9,6.4,5.5,1,22,1.0,3.0,255,0,100,82,142,50,257,0.856707317073171
0,0,0,0,0.888888888888889,1,2.28571428571429,1.85714285714286,1,11,0.0,2.14285714285714,34,0,15,57,19,26,50,0.850574712643678
0,0,0,0,0.0,0,5.66666666666667,2.33333333333333,2,9,0.0,1.0,18,0,10,16,8,19,25,0.886792452830189
0,3,1,1,0.5,0,0.0,1.0,0,2,1.0,1.0,4,0,4,0,0,24,5,0.419354838709677
0,0,0,0,0.0,1,5.28571428571429,2.28571428571429,3,11,0.0,1.0,25,0,14,57,11,34,41,0.372093023255814
0,0,0,0,1.5,0,3.33333333333333,4.0,1,22,0.0,4.16666666666667,55,1,26,70,32,43,83,0.925675675675676
341,851,8,8,0.741573033707865,19,3.24285714285714,2.68571428571429,6,86,0.875,2.52857142857143,246,0,90,0,154,38,402,1.0
10,5,2,2,0.3,3,2.125,2.375,3,11,1.0,1.375,29,0,16,0,13,15,42,0.455882352941176
6,26,4,4,0.0,0,0.0,0.0,0,3,1.0,0.0,7,0,10,0,0,6,11,1.0
9,91,4,4,0.176470588235294,9,6.2,4.26666666666667,4,18,0.75,1.06666666666667,109,6,65,90,57,9,140,0.976047904191617
0,0,0,0,0.6,1,3.0,3.33333333333333,2,7,0.0,1.33333333333333,14,0,9,33,6,26,18,0.686274509803922
0,0,0,0,0.0,2,0.0,1.0,3,13,0.0,1.0,13,0,13,0,0,16,14,0.534883720930233
0,0,0,0,0.6,1,1.66666666666667,2.33333333333333,2,6,0.0,1.33333333333333,19,0,12,33,7,35,24,0.390625
151,169,8,8,0.964285714285714,7,3.39130434782609,4.65217391304348,1,41,0.875,2.65217391304348,175,3,72,87,100,134,239,0.550970873786408
0,0,0,0,0.0,0,2.5,1.5,1,19,0.0,1.0,38,0,22,0,16,18,55,0.83695652173913
499,711,19,19,1.03174603174603,37,4.18367346938776,7.08163265306122,1,94,0.578947368421053,12.3061224489796,593,12,210,94,358,78,773,0.458112407211029
0,0,0,0,0.0,0,2.0,0.0,0,2,0.0,1.0,3,0,3,0,0,20,4,1.0
0,0,0,0,0.0,2,4.0,3.5,2,4,0.0,1.0,11,0,5,0,6,25,14,0.883720930232558
2,2,2,2,0.0,0,0.0,1.0,1,2,0.5,1.0,6,0,4,0,2,7,8,0.666666666666667
0,0,0,0,0.0,5,1.36363636363636,1.45454545454545,2,15,0.0,1.0,34,0,18,50,15,20,47,1.0
0,0,0,0,0.0,1,4.0,2.0,5,4,0.0,1.0,6,0,4,0,2,15,9,0.571428571428571
2,34,2,2,0.0,1,9.0,3.0,2,3,1.0,1.0,7,0,5,0,2,20,9,1.0
0,0,0,0,0.6,1,1.33333333333333,1.0,2,9,0.0,1.33333333333333,14,0,9,0,5,21,19,0.73469387755102
0,0,0,0,0.375,1,0.666666666666667,2.83333333333333,2,26,0.0,1.5,33,0,16,66,17,42,46,0.93859649122807
0,0,0,0,0.0,0,1.0,1.0,0,2,0.0,1.0,3,0,3,0,0,21,4,0.888888888888889
1,43,2,2,0.571428571428571,0,3.0,2.5,3,7,1.0,1.5,24,0,12,25,12,3,32,1.0
0,18,1,1,0.0,0,0.0,1.0,5,2,1.0,1.0,6,0,4,0,2,7,9,1.0
0,0,0,0,0.363636363636364,4,4.77777777777778,3.0,3,12,0.0,1.33333333333333,35,0,17,44,18,22,49,0.409638554216867
6,6,2,2,0.923076923076923,6,3.2,3.95,3,24,0.5,2.35,143,2,56,92,85,41,206,0.767527675276753
0,0,0,0,0.6,3,1.66666666666667,2.66666666666667,2,18,0.0,1.33333333333333,30,0,15,0,15,40,34,0.881720430107527
0,0,0,0,0.0,3,1.83333333333333,2.0,3,10,0.0,1.0,19,0,12,16,7,18,26,0.611111111111111
0,0,0,0,0.866666666666667,3,2.69230769230769,2.69230769230769,3,20,0.0,3.15384615384615,76,1,33,66,39,26,92,0.536231884057971
29,28,2,2,0.375,2,1.92857142857143,4.28571428571429,2,47,1.0,2.57142857142857,125,0,40,0,81,45,153,0.546938775510204
0,45,1,1,0.5,1,2.0,1.5,3,6,1.0,1.25,13,0,7,0,6,18,21,1.0
0,0,0,0,0.0,3,2.5,2.5,2,17,0.0,1.0,18,0,11,25,7,42,23,0.890243902439024
0,45,1,1,0.0,5,2.6,2.2,6,6,1.0,1.2,27,0,17,83,9,4,35,1.0
0,0,0,0,0.0,0,0.0,1.0,4,14,0.0,1.0,5,0,4,0,1,40,7,0.983606557377049
4,95,3,3,3.0,15,5.0,16.0,1,14,0.666666666666667,28.0,46,0,28,0,18,15,62,0.78021978021978
5,32,3,3,0.6,2,4.0,2.33333333333333,3,4,1.0,1.33333333333333,11,0,6,0,5,7,16,1.0
0,0,0,0,0.0,2,2.0,2.66666666666667,3,6,0.0,1.0,13,0,8,0,5,28,17,0.607843137254902
7,1,1,1,0.0,3,1.85714285714286,2.28571428571429,3,11,1.0,1.0,30,0,19,66,11,33,38,0.670731707317073
0,0,0,0,0.6,3,7.33333333333333,4.66666666666667,2,11,0.0,1.33333333333333,24,0,15,33,9,27,29,0.373134328358209
10,64,3,3,1.14285714285714,5,2.05882352941176,3.35294117647059,2,24,0.666666666666667,13.3529411764706,138,5,43,100,93,69,188,0.490974729241877
0,0,0,0,0.714285714285714,3,1.0,2.75,3,19,0.0,1.75,26,0,12,0,13,44,41,0.990384615384615
14,98,4,4,0.444444444444444,5,2.58333333333333,2.16666666666667,3,14,0.5,1.33333333333333,52,0,34,50,21,0,70,0.916666666666667
20,23,2,2,0.444444444444444,2,5.0,1.25,2,21,1.0,1.6875,72,0,39,90,34,53,105,0.430167597765363
30,45,5,5,0.6,2,1.66666666666667,4.66666666666667,3,21,1.0,1.33333333333333,38,0,20,50,17,42,41,0.673076923076923
0,0,0,0,0.0,2,2.0,2.0,1,3,0.0,1.0,10,0,7,0,3,3,12,1.0
16,28,4,4,1.2962962962963,6,3.70833333333333,3.41666666666667,2,38,0.75,21.1666666666667,199,2,60,65,130,112,260,0.449877750611247
6,6,3,3,1.10344827586207,13,4.42307692307692,5.92307692307692,2,139,0.666666666666667,8.34615384615385,305,15,127,90,188,284,428,0.509478672985782
3,1,1,1,0.158730158730159,7,1.06779661016949,2.11864406779661,3,78,1.0,1.13559322033898,230,1,119,0,112,59,312,0.857461024498886
0,0,0,0,2.375,2,3.8,8.0,1,19,0.0,4.8,90,0,32,50,57,62,116,0.756476683937824
5,5,2,2,0.0,1,1.77777777777778,2.0,2,20,1.0,1.0,40,1,23,100,17,20,58,0.428571428571429
2,2,1,1,0.75,5,1.58333333333333,3.08333333333333,2,19,1.0,2.0,70,0,31,70,38,22,96,1.0
1,53,2,2,0.5,1,2.0,1.75,3,7,0.5,1.25,14,0,8,0,6,19,27,0.980769230769231
0,0,0,0,0.0,7,0.0,5.5,4,17,0.0,1.0,19,0,15,0,4,49,23,0.97752808988764
0,0,0,0,0.0,1,0.0,2.0,4,23,0.0,1.0,34,0,23,0,11,41,45,1.0
0,0,0,0,0.0,7,3.33333333333333,1.55555555555556,3,14,0.0,1.0,31,0,20,66,11,22,41,0.805194805194805
0,0,0,0,0.0,0,0.0,1.0,4,14,0.0,1.0,5,0,4,0,1,40,10,0.953125
0,0,0,0,2.0,1,4.0,5.0,1,5,0.0,3.0,13,0,6,0,6,32,16,0.981132075471698
6,7,1,1,0.416666666666667,5,5.8,2.2,2,14,1.0,2.1,51,0,22,60,29,49,59,0.483606557377049
0,3,1,1,0.0,0,0.0,0.0,0,2,1.0,1.0,4,0,4,0,0,24,5,0.419354838709677
1,197,3,3,4.25,3,3.0,6.0,1,6,0.666666666666667,4.5,42,0,20,0,21,39,53,1.0
977,1347,27,27,0.777777777777778,15,4.675,4.325,1,69,0.777777777777778,2.2,262,2,108,100,144,28,328,0.87799043062201
0,0,0,0,0.0,0,2.0,2.0,3,3,0.0,1.0,4,0,3,0,1,19,6,0.964285714285714
1,60,2,2,0.3,5,2.57142857142857,2.57142857142857,6,8,1.0,1.28571428571429,31,0,17,75,11,7,44,1.0
0,0,0,0,0.0,3,3.71428571428571,7.14285714285714,3,10,0.0,1.0,26,0,11,0,14,22,47,0.873417721518987
0,0,0,0,0.0,3,1.57142857142857,1.85714285714286,3,11,0.0,1.0,21,0,13,28,8,18,29,0.431034482758621
0,0,0,0,0.428571428571429,1,2.0,2.0,3,9,0.0,1.2,18,0,10,30,8,25,27,0.540983606557377
8,0,2,2,0.0,0,1.0,0.0,0,3,0.5,1.0,3,0,3,0,0,23,5,0.419354838709677
13,68,3,3,1.5,3,5.0,7.5,2,14,0.666666666666667,2.0,29,0,15,19,13,1,40,0.890909090909091
180,225,5,5,0.435897435897436,4,7.27027027027027,3.02702702702703,1,98,0.6,416.972972972973,222,1,75,95,147,275,289,0.351963746223565
0,0,0,0,0.805555555555556,2,10.9117647058824,9.79411764705882,1,41,0.0,7.91176470588235,633,0,66,86,567,24,471,0.949532710280374
1,61,2,2,0.625,5,2.6,2.6,6,6,1.0,1.6,34,0,20,83,13,7,47,1.0
0,0,0,0,0.0,2,1.5,2.25,3,8,0.0,1.0,17,0,10,50,7,22,28,0.724137931034483
0,14,2,2,0.0,0,0.0,1.0,1,1,1.0,1.0,4,0,3,0,1,0,6,1.0
2,0,1,1,0.235294117647059,5,1.0,2.61538461538462,3,31,1.0,1.15384615384615,78,0,27,0,50,55,98,0.743169398907104
2,2,1,1,1.44444444444444,2,5.83333333333333,4.5,2,14,1.0,2.5,51,1,20,0,30,15,61,0.988888888888889
0,36,1,1,0.0,1,0.666666666666667,1.33333333333333,2,4,1.0,1.0,10,0,7,0,3,18,14,1.0
0,0,0,0,0.777777777777778,1,6.71428571428571,3.28571428571429,1,12,0.0,1.42857142857143,38,0,21,71,16,21,47,0.775
0,0,0,0,0.0,2,1.5,1.5,3,14,0.0,1.0,7,0,5,0,2,47,10,1.0
4,12,4,4,0.130434782608696,3,5.80952380952381,1.71428571428571,3,22,1.0,1.04761904761905,65,0,36,86,29,27,86,0.525925925925926
43,30,2,2,0.96875,26,3.75862068965517,6.51724137931035,3,71,0.5,70.3793103448276,317,12,106,86,205,75,355,0.652694610778443
0,0,0,0,1.0,11,5.0,17.3333333333333,4,36,0.0,2.0,67,0,31,0,36,41,77,0.525974025974026
0,0,0,0,0.0,5,0.8,0.0,0,3,0.0,1.0,7,0,7,0,0,21,8,0.4375
0,0,0,0,0.454545454545455,0,6.375,1.875,2,10,0.0,1.25,25,0,12,50,13,57,41,0.62037037037037
46,156,10,10,0.238095238095238,7,1.025,1.95,3,28,0.6,3.15,133,0,67,92,66,73,136,0.946078431372549
0,0,0,0,1.0,3,27.5555555555556,4.55555555555556,2,21,0.0,4.11111111111111,87,4,30,63,57,28,327,0.970744680851064
0,0,0,0,0.0,3,2.0,2.5,3,16,0.0,1.0,13,0,7,0,6,40,16,0.916666666666667
0,0,0,0,0.0,2,6.16666666666667,2.0,2,12,0.0,1.0,22,2,16,50,6,3,69,0.69047619047619
0,0,0,0,0.0,0,2.0,1.28571428571429,2,8,0.0,1.0,18,0,10,42,8,15,26,0.714285714285714
36,204,6,6,0.568965517241379,10,3.90196078431373,3.49019607843137,2,66,0.666666666666667,1.98039215686275,238,9,95,89,141,201,364,0.453100158982512
0,0,0,0,0.0,3,0.0,7.0,4,19,0.0,1.0,18,0,12,0,6,44,20,0.91566265060241
3,1,1,1,0.3,4,1.42857142857143,2.28571428571429,3,21,1.0,1.14285714285714,23,0,14,0,9,42,35,0.918367346938776
1,1,1,1,0.0,0,2.83333333333333,3.33333333333333,3,11,1.0,1.0,25,0,14,33,11,20,32,0.746031746031746
0,0,0,0,0.0,2,0.0,4.0,2,2,0.0,1.0,9,0,7,0,2,8,11,0.7
0,0,0,0,0.0,4,2.0,3.21739130434783,1,31,0.0,1.0,79,0,44,0,36,24,104,0.566037735849057
0,0,0,0,0.0,2,0.0,3.0,4,16,0.0,1.0,19,0,8,0,11,40,22,0.794871794871795
6,12,2,2,0.375,3,11.0,2.5,1,9,1.0,1.16666666666667,18,0,10,50,8,22,26,0.631578947368421
0,0,0,0,0.8,4,2.0,4.33333333333333,4,9,0.0,1.33333333333333,21,0,14,0,9,18,33,0.633333333333333
0,0,0,0,0.0,1,0.0,2.0,2,1,0.0,1.0,5,0,4,0,1,6,7,1.0
2,12,2,2,0.0,3,0.909090909090909,1.45454545454545,4,8,0.5,1.0,28,0,16,72,12,26,26,0.849056603773585
9,37,3,3,0.75,3,1.42857142857143,3.14285714285714,2,14,1.0,1.42857142857143,63,0,40,64,23,27,78,0.982300884955752
6,46,5,5,0.5,3,0.9,1.2,5,9,0.6,1.2,29,0,16,70,13,22,30,0.821428571428571
0,0,0,0,0.0,1,1.5,2.0,1,3,0.0,1.0,11,0,8,0,3,15,14,0.84375
0,0,0,0,0.0,1,2.0,1.5,3,8,0.0,1.0,12,0,8,50,4,21,17,0.717391304347826
0,0,0,0,0.0,2,1.0,6.0,1,4,0.0,1.0,13,0,5,0,8,5,15,0.916666666666667
0,0,0,0,0.0,2,1.5,1.5,3,13,0.0,1.0,6,0,4,0,2,48,9,1.0
0,0,0,0,1.25,8,3.0,4.0,3,23,0.0,2.0,56,2,35,40,24,35,84,1.0
0,0,0,0,0.0,2,1.66666666666667,1.66666666666667,2,9,0.0,1.0,17,2,11,0,6,3,29,1.0
19,84,11,11,0.75,6,6.42307692307692,3.15384615384615,2,31,0.636363636363636,1.61538461538462,105,1,44,96,58,47,160,0.563025210084034
16,136,3,3,0.684210526315789,5,2.26666666666667,4.4,2,35,0.666666666666667,48.2666666666667,146,1,81,80,65,105,215,0.76878612716763
0,0,0,0,1.0,0,2.26315789473684,2.68421052631579,1,26,0.0,7.0,128,7,46,85,82,199,184,0.904645476772616
23,127,5,5,0.769230769230769,7,4.44444444444444,3.22222222222222,5,14,1.0,1.44444444444444,35,0,17,60,18,39,54,1.0
2,1,1,1,0.333333333333333,5,1.875,1.83333333333333,2,29,1.0,1.58333333333333,88,0,41,84,47,29,123,0.994505494505495
0,0,0,0,0.555555555555556,5,2.0,3.16666666666667,1,31,0.0,1.0,29,0,19,50,10,43,42,0.678260869565217
0,0,0,0,0.862745098039216,5,2.60869565217391,3.95652173913043,1,52,0.0,2.15217391304348,246,19,93,97,146,19,324,0.924242424242424
0,0,0,0,0.571428571428571,1,1.6,2.2,2,12,0.0,1.4,23,0,14,40,9,41,31,0.583333333333333
0,0,0,0,0.571428571428571,6,3.5,2.33333333333333,1,29,0.0,3.08333333333333,55,2,22,81,33,28,75,0.992424242424242
0,0,0,0,2.0,0,2.25,4.5,2,17,0.0,4.0,51,0,12,50,38,30,60,1.0
57,57,4,4,0.416666666666667,18,4.0,2.70588235294118,2,46,1.0,4.26470588235294,171,1,81,92,88,43,241,0.603658536585366
34,138,5,5,0.620689655172414,1,2.33333333333333,2.92592592592593,3,42,0.6,2.88888888888889,187,4,48,84,138,142,264,0.287946428571429
0,0,0,0,0.0,0,0.0,0.5,0,2,0.0,1.0,4,0,4,0,0,1,5,1.0
10,29,3,3,0.24390243902439,4,1.84615384615385,2.28205128205128,1,51,0.666666666666667,1.33333333333333,143,0,79,86,64,158,191,0.506265664160401
0,0,0,0,0.78125,4,1.03333333333333,2.83333333333333,3,35,0.0,1.76666666666667,114,1,37,0,77,116,122,0.800796812749004
0,0,0,0,0.0,0,2.0,1.0,0,3,0.0,1.0,5,0,5,0,0,27,6,0.944444444444444
0,0,0,0,1.0,4,3.25,3.75,1,9,0.0,6.75,33,0,16,62,17,23,45,0.415584415584416
42,48,3,3,0.653846153846154,6,3.04545454545455,2.90909090909091,2,36,0.666666666666667,1.5,112,0,50,82,58,42,149,0.541850220264317
79,104,9,9,0.988636363636364,24,3.72151898734177,4.27848101265823,2,156,0.777777777777778,2.91139240506329,544,21,207,96,326,291,703,0.883376849434291
0,0,0,0,0.0,0,1.33333333333333,2.33333333333333,2,8,0.0,1.0,11,0,7,0,4,31,15,0.777777777777778
0,0,0,0,0.8,2,0.666666666666667,5.33333333333333,3,22,0.0,1.66666666666667,28,0,12,0,16,43,38,0.941747572815534
0,0,0,0,0.6,4,1.33333333333333,5.0,2,9,0.0,1.33333333333333,25,0,16,0,9,23,30,0.935483870967742
0,3712,1,1,0.510018214936248,5,3.49908592321755,2.63619744058501,1,557,1.0,1828155.06581353,1966,274,629,98,1337,0,3155,1.0
185,229,4,4,1.0,2,4.0,3.0,1,3,1.0,2.0,12,0,6,33,5,28,13,1.0
24,36,6,6,0.761904761904762,20,5.38888888888889,4.27777777777778,2,71,0.5,4.0,129,1,66,84,65,101,182,0.463276836158192
0,0,0,0,0.4,2,2.6,2.6,3,26,0.0,2.66666666666667,89,0,37,65,46,32,122,0.573033707865168
1,1,1,1,0.6,1,4.0,2.0,2,7,1.0,1.33333333333333,14,0,8,0,6,21,17,1.0
227,429,6,6,3.5,7,18.0,20.0,1,19,0.666666666666667,338.0,152,0,33,0,117,6,177,1.0
0,1254,1,1,0.0,0,125.5,1.0,1,251,1.0,1.0,502,0,252,0,250,0,1003,1.0
90,232,2,2,1.18181818181818,11,2.8,4.6,2,25,1.0,4.95,170,6,68,85,100,39,213,0.465703971119134
0,62,1,1,0.666666666666667,1,3.75,2.5,2,9,1.0,1.75,20,1,10,0,10,19,35,1.0
0,0,0,0,0.75,1,4.0,2.5,2,6,0.0,1.5,13,0,8,0,5,26,18,0.92
0,0,0,0,0.0,3,2.33333333333333,2.0,3,9,0.0,1.0,19,0,12,16,7,20,26,0.636363636363636
0,0,0,0,0.0,1,19.3636363636364,1.90909090909091,1,14,0.0,1.0,31,0,17,72,14,28,43,0.317647058823529
0,0,0,0,0.6,1,1.88888888888889,2.33333333333333,2,23,0.0,1.66666666666667,69,0,29,5,40,44,97,0.98780487804878
0,0,0,0,2.6,1,9.66666666666667,5.66666666666667,1,10,0.0,557.333333333333,62,0,15,0,46,41,60,0.953703703703704
214,560,10,10,0.37037037037037,0,1.4,1.84,3,31,0.4,1.6,93,4,43,93,50,26,135,0.869109947643979
0,0,0,0,0.0,0,3.25,0.75,0,1,0.0,1.0,6,0,6,0,0,21,7,0.448275862068966
15,10,1,1,0.0,1,1.33333333333333,1.66666666666667,2,11,1.0,1.0,23,0,16,66,7,33,30,0.689189189189189
0,0,0,0,0.142857142857143,3,4.11538461538461,2.07692307692308,2,123,0.0,1.07692307692308,81,1,42,90,39,138,137,0.511450381679389
0,0,0,0,0.0,3,1.57142857142857,1.85714285714286,3,11,0.0,1.0,21,0,13,28,8,18,28,0.379310344827586
0,0,0,0,1.0,5,5.6,4.4,2,15,0.0,1.8,53,0,36,84,18,50,70,0.699248120300752
0,0,0,0,0.0,0,4.0,2.66666666666667,3,6,0.0,1.0,11,0,8,0,3,21,15,0.452380952380952
0,0,0,0,1.5,0,2.16666666666667,4.33333333333333,2,12,0.0,2.66666666666667,47,0,23,66,22,57,62,0.862595419847328
0,0,0,0,1.0,0,3.0,1.0,2,5,0.0,1.0,7,0,5,0,2,23,10,0.552631578947368
0,0,0,0,0.0,0,6.16666666666667,1.83333333333333,1,8,0.0,1.0,21,0,14,33,7,16,28,0.96078431372549
4,13,1,1,0.666666666666667,0,3.71428571428571,3.0,3,11,1.0,1.28571428571429,31,0,13,42,18,31,41,0.542168674698795
1,38,2,2,0.888888888888889,5,4.0,3.71428571428571,2,13,1.0,2.0,40,1,19,64,20,19,62,0.946808510638298
0,0,0,0,1.21428571428571,2,4.66666666666667,3.58333333333333,1,29,0.0,3.33333333333333,117,1,25,80,90,26,140,1.0
2,2,2,2,0.0,3,3.0,3.5,1,5,1.0,1.0,8,0,6,0,2,21,11,0.513513513513513
0,0,0,0,0.5,1,2.25,2.5,1,8,0.0,1.25,19,0,10,37,9,21,27,0.928571428571429
0,0,0,0,0.5,0,2.0,2.0,1,9,0.0,1.16666666666667,23,1,12,50,11,19,30,0.517241379310345
68,89,6,6,1.29411764705882,1,3.06666666666667,3.66666666666667,1,36,0.5,9.93333333333333,142,6,58,88,82,116,168,0.575
0,0,0,0,1.01333333333333,1,2.97747747747748,4.0045045045045,1,225,0.0,1.9954954954955,900,1,451,98,449,32,904,0.989664082687339
0,0,0,0,0.0,1,1.5,1.0,1,8,0.0,1.0,18,0,12,66,6,4,25,0.837837837837838
8,0,2,2,0.833333333333333,2,5.33333333333333,3.66666666666667,3,18,0.5,1.0,15,0,8,16,7,41,19,0.526315789473684
6,4,2,2,0.333333333333333,0,0.0,0.866666666666667,0,19,0.5,1.0,20,0,20,100,0,125,21,0.987878787878788
0,0,0,0,2.25,4,3.5,10.5,3,23,0.0,18.5,55,0,26,0,27,21,64,1.0
0,0,0,0,0.0,3,0.0,1.0,0,3,0.0,1.0,3,0,3,0,0,20,4,1.0
0,0,0,0,0.411764705882353,15,9.0,4.76923076923077,3,38,0.0,1.23076923076923,95,0,63,90,32,52,120,0.795238095238095
8,25,5,5,0.0,4,4.45,1.65,3,24,0.8,1.0,53,0,33,80,23,21,78,0.439024390243902
0,0,0,0,0.0,16,8.0,23.0,4,26,0.0,1.0,32,0,24,0,11,40,47,0.849557522123894
9,136,2,2,0.857142857142857,5,1.9,3.5,2,15,1.0,2.2,66,0,29,62,36,22,90,1.0
0,0,0,0,0.0,0,2.0,2.0,2,5,0.0,1.0,7,0,5,0,2,26,10,1.0
38,114,4,4,0.0,5,3.5,4.5,2,8,1.0,1.0,19,0,14,0,5,6,24,1.0
0,0,0,0,0.0,1,0.0,0.5,3,6,0.0,1.0,7,0,6,100,1,21,10,0.648648648648649
0,0,0,0,0.0,3,7.4,2.2,3,8,0.0,1.0,18,0,11,19,7,22,23,0.615384615384615
17,7,2,2,0.178571428571429,5,2.33333333333333,2.95833333333333,3,46,1.0,1.125,98,5,52,84,46,77,130,0.503968253968254
0,0,0,0,0.0,5,1.0,1.0,0,5,0.0,1.0,8,0,8,0,0,20,9,0.823529411764706
21,123,5,5,0.785714285714286,10,2.69565217391304,3.60869565217391,2,41,0.8,2.08695652173913,162,2,67,72,94,23,211,0.644688644688645
0,0,0,0,0.166666666666667,0,2.4375,1.6875,1,29,0.0,1.0625,46,0,28,76,18,44,64,0.927007299270073
0,0,0,0,0.545454545454545,3,4.55555555555556,2.66666666666667,3,13,0.0,1.22222222222222,38,0,20,33,17,23,51,0.758620689655172
0,0,0,0,1.0,2,2.46153846153846,4.76923076923077,3,23,0.0,2.0,88,0,49,76,38,23,115,0.639751552795031
11,21,1,1,1.33333333333333,5,4.0,6.25,3,10,1.0,2.0,52,2,20,50,30,30,58,0.787878787878788
0,0,0,0,0.0,1,0.5,2.0,2,15,0.0,1.0,8,0,6,0,2,42,11,0.970588235294118
0,0,0,0,0.0,1,0.0,5.0,4,15,0.0,1.0,10,0,6,0,4,42,12,0.985507246376812
0,0,0,0,1.66666666666667,3,2.57142857142857,6.14285714285714,1,14,0.0,3.28571428571429,72,0,23,28,47,22,104,0.871428571428571
8,20,2,2,2.83333333333333,1,5.33333333333333,3.66666666666667,2,10,0.5,4.0,21,0,11,50,10,27,31,0.764705882352941
0,34,1,1,0.0,1,2.0,1.5,2,3,1.0,1.0,8,0,6,0,2,18,13,1.0
0,0,0,0,0.0,0,1.25,1.0,2,7,0.0,1.0,10,0,6,0,4,34,15,0.732142857142857
33,212,5,5,0.966666666666667,5,3.18518518518519,3.62962962962963,1,40,0.8,3.33333333333333,188,2,55,70,130,57,250,0.494219653179191
4,5,2,2,0.666666666666667,2,2.25,4.0,1,9,1.0,1.5,29,0,17,50,10,30,34,0.602739726027397
0,6,2,2,0.0,1,0.285714285714286,1.0,0,2,1.0,1.0,9,0,9,0,0,20,10,0.5625
13,0,1,1,0.0,3,0.0,6.5,3,9,1.0,1.0,41,0,24,0,17,39,48,0.833333333333333
0,0,0,0,0.666666666666667,7,5.14285714285714,5.57142857142857,1,15,0.0,1.57142857142857,50,0,32,39,18,25,62,0.909090909090909
0,0,0,0,0.0,2,3.0,1.5,3,10,0.0,1.0,19,0,12,41,7,21,26,0.684210526315789
0,0,0,0,0.0,1,0.0,2.0,2,5,0.0,1.0,6,0,5,0,1,14,8,1.0
122,296,15,15,0.932203389830508,28,12.5090909090909,4.43636363636364,1,73,0.4,3.0,446,0,153,91,284,148,616,0.262650602409639
0,0,0,0,0.0,3,4.4,1.0,1,10,0.0,1.0,18,1,13,80,6,29,26,0.369230769230769
0,40,2,2,0.0,3,0.0,8.0,2,8,0.5,1.0,21,0,21,0,4,18,42,0.52
0,0,0,0,0.0,2,3.2,1.4,3,10,0.0,1.0,19,0,13,60,6,22,25,0.666666666666667
1,27,1,1,0.0,2,1.0,0.555555555555556,0,11,1.0,1.0,13,0,14,0,0,63,15,0.640449438202247
0,0,0,0,1.0,2,13.0,12.0,3,5,0.0,2.0,23,0,14,0,9,1,28,1.0
0,0,0,0,0.375,2,5.0,2.78571428571429,3,18,0.0,1.14285714285714,55,0,25,42,29,21,73,0.625
0,0,0,0,0.0,3,4.0,3.8,1,9,0.0,1.0,27,0,16,0,11,49,33,0.813186813186813
43,41,5,5,0.831168831168831,27,4.0,4.49152542372881,2,161,0.6,3.42372881355932,449,5,184,94,244,220,578,0.423442449841605
11,30,4,4,0.565789473684211,14,3.38805970149254,3.34328358208955,3,87,0.5,7.83582089552239,347,2,149,91,194,330,445,0.45707656612529
0,0,0,0,0.0,0,0.222222222222222,0.944444444444444,2,3,0.0,1.0,20,0,20,0,0,21,21,0.533333333333333
0,0,0,0,0.666666666666667,1,5.28571428571429,3.14285714285714,2,16,0.0,2.28571428571429,66,2,22,68,43,53,81,0.906666666666667
0,31,1,1,1.0,0,0.0,3.0,1,3,1.0,2.0,12,0,8,0,4,13,15,1.0
74,74,2,2,0.0,3,1.0,0.666666666666667,5,6,0.5,1.0,10,0,9,0,1,17,14,1.0
0,68,1,1,1.0,3,1.33333333333333,5.33333333333333,2,11,1.0,3.0,41,0,17,0,23,3,54,1.0
100,458,14,14,1.06896551724138,16,4.19230769230769,5.76923076923077,1,38,0.642857142857143,3.42307692307692,262,22,108,96,141,21,281,0.997058823529412
0,0,0,0,0.0,1,5.0,2.0,4,4,0.0,1.0,7,0,5,50,2,31,10,0.533333333333333
0,0,0,0,0.0,0,3.0,1.25,2,8,0.0,1.0,12,0,8,25,4,21,17,0.717391304347826
0,0,0,0,0.0,1,2.0,1.625,2,13,0.0,1.0,22,0,13,0,9,34,31,0.987179487179487
0,0,0,0,0.0,1,3.0,2.0,1,9,0.0,1.0,15,0,9,19,6,17,21,0.659574468085106
1,16,2,2,0.0,0,0.0,1.0,0,3,0.5,1.0,8,0,11,0,0,0,12,0.933333333333333
0,0,0,0,0.4,5,1.57142857142857,4.0,3,13,0.0,1.28571428571429,44,0,30,80,14,40,59,0.482142857142857
0,0,0,0,0.0,2,4.0,2.5,1,5,0.0,1.0,11,0,9,0,2,21,14,0.6
0,0,0,0,0.25,0,0.0,0.0,0,2,0.0,1.0,3,0,3,0,0,0,4,0.833333333333333
14,48,4,4,0.5,1,1.78947368421053,2.05263157894737,2,28,0.5,1.89473684210526,96,1,29,84,61,41,130,0.869346733668342
0,0,0,0,2.0,3,2.66666666666667,7.0,1,13,0.0,12.0,37,1,15,66,22,43,45,0.95
8,0,2,2,1.5,0,2.5,3.0,1,8,0.5,2.0,15,0,10,0,5,25,23,0.545454545454545
170,552,10,10,1.02325581395349,10,4.47368421052632,4.63157894736842,3,93,0.7,2.65789473684211,356,8,120,93,232,71,449,0.963875205254516
0,0,0,0,0.3,0,2.0,1.125,2,11,0.0,1.25,23,0,13,25,10,57,34,0.872549019607843
0,0,0,0,0.818181818181818,1,2.5,2.125,1,12,0.0,1.375,32,0,17,65,15,23,44,0.772151898734177
1,61,2,2,0.625,5,2.6,3.0,6,6,1.0,1.6,34,0,20,83,13,7,47,1.0
0,38,2,2,0.0,0,0.0,1.0,1,1,0.5,0.0,2,0,2,100,0,16,2,1.0
140,170,9,9,0.711111111111111,9,6.11904761904762,4.61904761904762,1,65,0.555555555555556,2.52380952380952,328,11,120,90,202,188,375,0.865814696485623
0,0,0,0,0.0,1,1.66666666666667,4.66666666666667,6,5,0.0,1.0,13,0,8,0,5,20,17,0.738095238095238
149,408,11,11,0.649350649350649,10,3.57534246575342,3.0958904109589,3,93,0.727272727272727,15.1917808219178,388,7,135,93,246,351,559,0.636363636363636
1,1,1,1,0.0,0,2.0,3.0,3,4,1.0,1.0,4,0,3,0,1,19,6,0.931034482758621
2,14,2,2,0.0,0,2.0,1.66666666666667,3,2,0.5,1.0,11,0,8,0,3,16,13,0.7
17,125,7,7,0.0,0,2.0,1.5,3,6,1.0,1.0,22,0,10,83,13,12,36,1.0
15,17,8,8,1.75,7,4.85714285714286,7.57142857142857,1,62,0.5,12.4285714285714,220,11,86,81,132,103,336,0.348697394789579
0,0,0,0,2.2,1,5.33333333333333,2.66666666666667,1,7,0.0,6.0,42,1,12,22,29,21,51,0.575
233,414,13,13,1.40909090909091,5,7.65,3.75,1,47,0.615384615384615,3.45,210,7,62,73,138,48,241,0.889880952380952
397,471,7,7,2.71428571428571,8,4.0,10.8,1,25,0.428571428571429,38.2,119,3,45,60,71,24,141,0.857894736842105
0,0,0,0,0.0,4,4.66666666666667,2.0,3,10,0.0,1.0,20,0,13,66,7,21,27,0.620689655172414
0,0,0,0,0.0,0,2.0,1.0,0,3,0.0,1.0,3,0,3,0,0,20,4,1.0
0,0,0,0,0.0,0,3.0,2.0,5,2,0.0,1.0,5,0,4,0,1,15,6,0.916666666666667
272,930,14,14,0.684782608695652,26,4.30379746835443,3.45569620253165,2,106,1.0,1.63291139240506,354,4,140,82,211,47,505,1.0
0,0,0,0,0.0,0,1.0,0.0,1,3,0.0,1.0,4,0,4,0,0,22,5,0.933333333333333
0,0,0,0,0.0,0,0.0,0.0,0,2,0.0,1.0,5,0,5,0,0,18,6,0.615384615384615
0,0,0,0,0.0,2,0.631578947368421,1.10526315789474,2,24,0.0,1.0,42,0,24,73,18,106,64,0.5
808,1354,51,51,1.04878048780488,77,4.53631284916201,4.7877094972067,4,380,0.470588235294118,42.1675977653631,1806,59,616,96,1125,335,2310,0.506123800066203
1,60,2,2,0.3,5,2.57142857142857,2.57142857142857,6,8,1.0,1.28571428571429,31,0,17,75,11,7,44,1.0
0,0,0,0,0.0,0,1.0,1.0,0,2,0.0,1.0,3,0,3,0,0,24,4,0.766666666666667
0,0,0,0,1.42307692307692,1,4.08333333333333,4.375,2,31,0.0,2.91666666666667,195,2,72,79,111,95,267,0.636132315521629
0,0,0,0,0.0,0,1.0,1.0,2,3,0.0,1.0,6,0,5,0,1,8,8,0.526315789473684
0,0,0,0,0.5,3,1.25,1.5,2,5,0.0,1.25,25,0,9,0,16,20,33,1.0
0,0,0,0,0.0,3,2.0,2.25,3,8,0.0,1.0,16,0,10,25,6,22,21,0.549019607843137
0,0,0,0,0.0,3,3.6,1.4,2,11,0.0,1.0,16,0,11,0,5,19,22,0.653846153846154
0,0,0,0,0.0,3,1.2,1.4,4,16,0.0,1.0,21,0,16,0,5,40,28,0.523809523809524
0,9,1,1,1.0,0,1.0,2.0,1,1,1.0,2.0,7,0,4,0,3,0,7,1.0
16,50,4,4,1.5,1,3.0,5.5,2,6,0.5,3.0,27,0,13,25,14,32,32,0.304347826086957
2,2,1,1,1.0,5,1.9,3.5,2,14,1.0,2.2,66,0,29,62,36,22,90,1.0
4,4,1,1,1.27272727272727,4,4.33333333333333,5.04166666666667,2,104,1.0,5.70833333333333,328,4,141,94,193,49,411,0.719360568383659
0,0,0,0,0.0,0,0.0,0.0,0,1,0.0,0.0,2,0,2,0,0,23,2,0.961538461538462
0,64,1,1,0.5,1,2.5,1.75,3,7,1.0,1.5,18,0,10,0,8,19,39,1.0
0,0,0,0,0.428571428571429,0,1.2,2.6,3,11,0.0,1.2,20,0,11,19,9,18,27,0.428571428571429
0,0,0,0,1.2,2,1.5,5.5,4,5,0.0,1.5,15,0,10,0,4,22,18,0.711111111111111
0,0,0,0,0.5,3,21.25,2.5,2,8,0.0,1.25,20,0,14,50,5,29,24,0.557377049180328
0,0,0,0,0.692307692307692,5,2.20833333333333,2.95833333333333,2,30,0.0,1.70833333333333,109,0,41,77,64,44,147,0.927927927927928
0,0,0,0,0.0,1,1.75,1.75,5,7,0.0,1.0,16,0,10,0,6,25,21,0.452830188679245
9,75,8,8,0.0,3,1.0,0.25,0,3,0.75,1.0,8,0,8,0,0,21,9,1.0
137,405,16,16,1.73913043478261,13,5.42857142857143,6.47619047619048,2,60,0.5625,3.47619047619048,225,9,94,86,131,59,280,0.979274611398964
0,0,0,0,1.54545454545455,0,2.55555555555556,4.88888888888889,2,36,0.0,4.55555555555556,97,0,34,59,61,48,117,1.0
0,0,0,0,0.609375,11,1.625,2.98214285714286,2,79,0.0,1.69642857142857,261,2,102,91,133,41,355,0.534883720930233
1,3,3,3,0.130434782608696,6,5.19047619047619,1.9047619047619,3,26,0.666666666666667,1.04761904761905,68,0,37,82,32,38,100,0.518292682926829
0,0,0,0,0.0,0,2.0,1.0,0,4,0.0,1.0,4,0,4,0,0,28,4,0.621621621621622
0,0,0,0,0.142857142857143,3,4.26315789473684,1.47368421052632,3,23,0.0,1.10526315789474,54,0,29,84,25,25,72,0.458333333333333
0,0,0,0,0.0,3,3.2,1.6,3,9,0.0,1.0,18,0,12,50,6,21,24,0.611111111111111
1,61,2,2,0.625,5,2.6,3.0,6,6,1.0,1.6,34,0,20,83,13,7,47,1.0
0,46,1,1,0.0,5,2.5,2.16666666666667,6,7,1.0,1.16666666666667,26,0,16,75,8,4,35,1.0
0,0,0,0,0.0,2,2.4,1.4,3,8,0.0,1.0,17,0,11,50,6,21,23,0.692307692307692
0,0,0,0,3.25,1,2.0,8.5,4,5,0.0,6.5,35,0,18,0,15,18,43,0.666666666666667
0,0,0,0,0.0,0,2.0,3.0,2,5,0.0,1.0,7,0,5,0,2,23,10,1.0
0,146,2,2,0.3,4,2.14285714285714,3.71428571428571,3,16,1.0,1.14285714285714,37,0,20,44,16,10,47,1.0
0,0,0,0,0.666666666666667,3,1.42857142857143,3.14285714285714,4,13,0.0,1.28571428571429,34,0,18,57,15,29,44,0.988372093023256
0,0,0,0,0.0,0,1.4,1.2,1,18,0.0,1.0,15,0,9,60,6,42,21,0.962962962962963
