Del_lines,COMM,ADEV,CountLineCodeExe,CountLineCode,Added_lines,CountSemicolon,OWN_COMMIT,CountStmt,CountOutput_Max,CountOutput_Mean,CountLine,DDEV,CountStmtExe,CountLineCodeDecl,CountLineBlank,CountDeclClassMethod,CountStmtDecl,MAJOR_COMMIT,OWN_LINE
22,8,8,117,196,43,123,0.375,151,18,6.23529411764706,275,3,65,90,48,1,86,3,0.647272727272727
112,14,14,222,387,164,142,0.285714285714286,223,17,4.88636363636364,590,6,136,116,64,5,87,6,0.532203389830509
1,1,1,9,28,1,16,1.0,23,3,2.0,78,1,9,14,8,0,14,1,0.538461538461538
111,17,17,246,465,126,188,0.470588235294118,313,14,3.96491228070175,721,5,200,144,104,7,113,5,0.438280166435506
147,15,15,306,538,185,260,0.466666666666667,384,19,5.29508196721311,708,5,264,172,127,2,120,5,0.823446327683616
93,15,15,273,418,73,204,0.533333333333333,290,11,4.91489361702128,530,4,169,108,82,20,121,4,0.615094339622641
240,2,2,48,88,480,38,1.0,61,4,1.71428571428571,240,1,31,31,22,0,30,1,1.0
236,23,23,246,407,447,231,0.304347826086957,321,17,4.83333333333333,549,6,185,136,61,12,136,4,0.493624772313297
211,49,49,1149,1673,306,925,0.510204081632653,1224,102,8.68571428571429,2185,6,708,511,387,105,516,5,0.732723112128146
39,10,10,62,110,35,63,0.5,84,9,5.92307692307692,177,4,47,43,29,7,37,4,0.548022598870056
349,12,12,281,506,404,267,0.5,363,27,9.78048780487805,598,4,172,222,60,41,191,4,0.488294314381271
1,1,1,5,15,1,9,1.0,12,4,3.0,46,1,4,8,4,0,8,1,0.847826086956522
15,7,7,12,32,23,16,0.571428571428571,22,5,4.4,78,3,11,15,8,5,11,3,0.461538461538462
910,20,20,370,573,1813,303,0.65,448,28,5.2037037037037,898,3,314,133,138,2,134,3,0.959910913140312
76,11,11,251,473,66,195,0.454545454545455,319,19,4.26229508196721,780,5,198,140,95,17,121,5,0.474358974358974
23,6,6,106,170,25,102,0.666666666666667,129,13,7.0,238,3,66,63,30,12,63,3,0.630252100840336
1911,79,79,1281,1840,3094,877,0.455696202531646,1227,57,10.2626262626263,2724,6,882,395,465,15,345,4,0.614537444933921
131,10,10,101,189,153,124,0.4,165,20,5.95833333333333,258,5,88,73,34,20,77,5,0.604651162790698
46,10,10,127,222,71,125,0.5,172,21,6.13636363636364,332,4,89,93,59,9,83,4,0.882530120481928
182,27,27,319,597,249,329,0.703703703703704,468,16,3.13392857142857,909,5,269,199,172,3,199,3,0.677667766776678
798,74,74,764,1132,1233,562,0.310810810810811,795,29,8.92537313432836,1586,7,532,295,243,39,263,4,0.489281210592686
247,15,15,879,1095,214,786,0.866666666666667,917,64,14.4222222222222,1325,3,568,348,149,0,349,3,0.814339622641509
55,7,7,907,1230,167,681,0.428571428571429,920,57,4.31914893617021,1550,3,729,191,146,22,191,3,0.885161290322581
1,1,1,43,82,2,50,1.0,65,9,3.45454545454545,130,1,28,38,18,1,37,1,0.715384615384615
39,10,10,17,39,104,23,0.8,31,12,6.66666666666667,101,3,12,21,9,0,19,3,0.435643564356436
128,22,22,255,386,167,199,0.409090909090909,294,29,8.36842105263158,619,5,191,96,76,0,103,3,0.554119547657512
38,7,7,26,58,43,31,0.428571428571429,43,12,4.75,116,3,21,27,20,2,22,3,0.663793103448276
27,4,4,93,149,225,78,0.5,107,22,14.6666666666667,198,3,68,41,22,0,39,3,0.823232323232323
135,7,7,22,35,191,22,0.857142857142857,29,14,8.0,56,2,17,12,9,0,12,2,1.0
61,23,23,215,409,173,197,0.478260869565217,298,57,4.94642857142857,586,5,179,119,104,2,119,4,0.302047781569966
187,31,31,1002,1628,193,952,0.387096774193548,1406,20,4.84659090909091,2435,7,937,483,433,17,469,4,0.55564681724846
7,4,4,25,52,8,36,0.5,42,15,9.33333333333333,89,3,18,24,7,0,24,3,0.651685393258427
123,19,19,209,351,180,199,0.421052631578947,269,20,6.93939393939394,577,5,150,137,92,20,119,5,0.386481802426343
334,8,8,460,658,565,351,0.375,512,37,3.54285714285714,810,3,362,144,106,22,150,3,0.565432098765432
17,19,19,17,48,250,18,0.578947368421053,28,4,2.11111111111111,66,3,15,21,17,0,13,3,0.939393939393939
52,11,11,329,502,131,290,0.636363636363636,384,27,4.75806451612903,580,4,183,162,46,26,201,4,0.498275862068966
0,1,1,0,11,1,9,1.0,10,1,1.0,44,1,0,10,3,0,10,1,1.0
67,14,14,216,384,249,208,0.357142857142857,289,12,3.56410256410256,532,5,165,118,71,10,124,5,0.379699248120301
147,7,7,5,42,287,40,0.857142857142857,41,1,0.655172413793103,139,2,0,41,27,0,41,2,1.0
58,13,13,88,123,98,93,0.461538461538462,105,25,7.6,186,5,66,40,20,4,39,5,0.478494623655914
1025,8,8,1216,1593,1345,898,0.75,1150,56,6.72857142857143,2132,3,968,224,253,4,182,3,0.850844277673546
26,10,10,114,191,285,85,0.6,115,15,6.94736842105263,226,4,50,81,35,19,65,4,0.716814159292035
135,19,19,288,434,485,192,0.578947368421053,275,15,6.85714285714286,522,2,169,107,52,3,106,2,0.902298850574713
167,36,36,322,572,303,274,0.666666666666667,415,18,5.56896551724138,835,7,272,178,138,18,143,4,0.625149700598802
1776,99,99,948,1876,2170,845,0.464646464646465,1332,54,2.93125,2720,8,782,559,419,8,550,5,0.620588235294118
168,41,41,369,679,325,336,0.658536585365854,501,28,4.11111111111111,905,6,284,234,195,99,217,4,0.748066298342541
0,2,2,575,771,57,452,1.0,560,36,5.4,849,1,386,169,45,5,174,1,1.0
650,45,45,662,1243,1044,639,0.533333333333333,954,22,4.49079754601227,1825,7,576,391,256,6,378,4,0.332602739726027
166,10,10,102,266,345,106,0.4,174,23,4.88461538461539,382,5,99,117,76,3,75,5,0.769633507853403
30,5,5,330,471,30,258,1.0,357,21,4.11363636363636,543,1,216,118,41,21,141,1,0.998154981549816
4,3,3,5,20,13,9,0.666666666666667,14,2,1.5,27,2,4,11,6,0,10,2,0.37037037037037
1,3,3,1504,1905,20,1029,0.666666666666667,1305,6,2.95238095238095,2348,2,1023,376,94,63,282,2,0.517461669505963
607,14,14,154,274,1332,147,0.428571428571429,211,26,4.35483870967742,725,3,127,84,74,3,84,3,0.900689655172414
507,22,22,240,377,420,191,0.363636363636364,284,21,6.53846153846154,523,7,193,101,78,2,91,4,0.367112810707457
6,2,2,38,77,15,43,0.5,59,10,3.27272727272727,121,2,30,30,16,1,29,2,0.702479338842975
135,20,20,251,415,160,252,0.3,348,40,6.51219512195122,598,7,209,134,122,8,139,7,0.341137123745819
20,8,8,1045,1410,45,885,1.0,1142,29,5.74418604651163,1608,1,848,282,115,3,294,1,0.994402985074627
1361,88,88,1846,2604,1497,1353,0.443181818181818,1915,38,5.31111111111111,3461,6,1335,934,501,36,580,4,0.340941924299335
11,3,3,0,34,35,23,0.666666666666667,24,1,0.105263157894737,69,2,0,33,5,0,24,2,0.927536231884058
57,10,10,331,548,82,306,0.4,421,29,4.25454545454545,729,4,247,179,108,10,174,4,0.558299039780521
18,6,6,12,34,22,18,0.666666666666667,26,5,3.6,84,2,10,16,7,0,16,2,0.797619047619048
151,15,15,240,505,643,223,0.6,329,17,4.50649350649351,669,3,169,228,127,65,160,3,0.732436472346786
629,53,53,545,875,594,412,0.716981132075472,608,40,7.875,1162,6,394,273,190,68,214,3,0.369191049913941
84,5,5,97,159,113,86,0.4,110,18,9.09090909090909,208,4,56,57,18,2,54,4,0.538461538461538
485,12,12,213,392,684,216,0.333333333333333,317,24,5.23214285714286,482,5,215,144,84,2,102,5,0.761410788381743
136,9,9,253,380,231,191,0.444444444444444,291,27,4.70967741935484,503,3,196,98,57,10,95,3,0.47117296222664
119,8,8,110,180,200,124,0.75,146,16,5.07692307692308,272,2,104,55,38,0,42,2,0.919117647058823
1082,54,54,1276,2224,2209,1138,0.518518518518518,1699,27,5.24888888888889,3184,7,1072,629,451,6,627,6,0.472178560201195
2510,25,25,1773,2483,2625,1293,0.68,1689,92,3.70631970260223,3134,5,1027,595,545,2,662,4,0.970006381620932
36,9,9,143,250,136,123,0.444444444444444,174,12,6.39285714285714,328,5,96,90,42,9,78,5,0.454268292682927
0,0,0,0,33,0,31,0.0,32,1,1.0,64,0,0,32,1,0,32,0,1.0
1566,5,5,1921,2790,1578,1160,0.8,1252,187,13.1176470588235,3332,2,973,719,67,0,279,2,0.756602641056423
1,1,1,28,59,1,39,1.0,50,6,3.875,105,1,21,28,19,0,29,1,0.80952380952381
5,5,5,10,25,65,14,0.8,19,8,6.0,60,2,8,11,7,0,11,2,0.983333333333333
0,0,0,2,9,0,4,0.0,7,2,1.5,42,0,2,5,6,0,5,0,1.0
1,1,1,41,80,1,49,1.0,62,11,5.5,142,1,27,36,25,2,35,1,0.309859154929577
1,2,2,6,14,27,7,0.5,10,4,4.0,26,2,4,6,4,0,6,2,0.884615384615385
1,1,1,0,6,1,4,1.0,5,0,0.0,38,1,0,5,4,0,5,1,0.763157894736842
102,6,6,43,71,6,57,0.5,64,20,8.66666666666667,95,3,31,34,21,0,33,3,0.884210526315789
0,0,0,0,4,0,2,0.0,3,0,0.0,39,0,0,3,1,0,3,0,1.0
0,0,0,0,3,0,1,0.0,2,0,0.0,34,0,0,2,1,0,2,0,1.0
133,5,5,86,90,176,87,0.4,88,0,0.0,127,3,0,88,0,0,88,3,0.677165354330709
6,2,2,14,39,3,22,0.5,30,8,3.8,81,2,12,18,9,0,18,2,0.481481481481481
0,0,0,9,31,0,17,0.0,24,5,2.0,88,0,9,15,9,0,15,0,0.556818181818182
12,4,4,65,116,11,73,0.5,100,15,6.75,185,2,56,41,34,0,44,2,0.756756756756757
0,0,0,4,17,0,9,0.0,13,3,2.33333333333333,60,0,4,9,4,0,9,0,0.666666666666667
9,13,13,35,52,13,48,0.307692307692308,50,5,5.0,93,4,34,16,4,1,16,4,0.397849462365591
4,5,5,22,64,102,35,0.4,46,8,4.375,93,3,14,37,20,1,32,3,0.978494623655914
101,2,2,14,41,107,21,0.5,31,6,2.14285714285714,107,2,14,17,11,0,17,2,0.94392523364486
0,0,0,0,5,0,3,0.0,4,1,1.0,39,0,0,4,2,0,4,0,0.82051282051282
11,5,5,35,60,26,40,0.4,50,14,6.6,101,4,21,28,12,1,29,4,0.722772277227723
18,4,4,74,156,23,81,0.5,122,5,1.71875,319,2,67,54,51,0,55,2,0.968652037617555
0,0,0,7,22,0,10,0.0,17,2,1.2,60,0,8,9,7,0,9,0,1.0
1,1,1,9,32,1,16,1.0,24,4,1.85714285714286,84,1,9,15,10,0,15,1,0.619047619047619
53,9,9,36,63,135,28,0.777777777777778,47,9,4.0,82,2,30,17,17,7,17,2,0.768292682926829
0,0,0,2,14,0,7,0.0,10,2,2.0,48,0,2,9,3,0,8,0,1.0
53,8,8,185,272,74,170,0.625,212,32,6.70588235294118,352,4,130,80,39,2,82,4,0.295454545454545
0,0,0,9,33,0,19,0.0,26,6,2.16666666666667,100,0,9,17,10,0,17,0,0.96
0,0,0,0,4,0,2,0.0,3,1,1.0,5,0,0,3,1,0,3,0,1.0
0,0,0,5,19,0,7,0.0,13,3,1.8,54,0,5,8,5,0,8,0,1.0
1,1,1,1,10,1,6,1.0,8,1,1.0,47,1,1,7,3,0,7,1,0.978723404255319
0,0,0,0,3,0,1,0.0,2,0,0.0,34,0,0,2,1,0,2,0,1.0
0,0,0,7,26,0,14,0.0,20,4,2.0,65,0,7,13,8,0,13,0,0.646153846153846
0,0,0,16,29,0,19,0.0,24,6,3.25,37,0,14,10,8,0,10,0,1.0
0,0,0,7,21,0,7,0.0,13,3,1.75,54,0,6,8,5,0,7,0,0.518518518518518
0,0,0,3,12,0,4,0.0,8,2,1.66666666666667,45,0,3,5,3,0,5,0,1.0
12,1,1,20,38,11,20,1.0,26,7,4.0,73,1,13,13,5,0,13,1,0.835616438356164
5,1,1,5,29,5,9,1.0,19,1,1.0,66,1,5,14,7,0,14,1,0.909090909090909
0,0,0,10,36,0,14,0.0,25,2,1.9,71,0,10,15,5,0,15,0,1.0
0,0,0,0,16,0,14,0.0,15,1,1.0,49,0,0,15,3,0,15,0,1.0
0,0,0,0,5,0,3,0.0,4,1,1.0,37,0,0,4,2,0,4,0,1.0
0,0,0,0,5,0,4,0.0,5,1,1.0,46,0,0,5,2,0,5,0,0.957446808510638
0,1,1,0,5,37,3,1.0,4,1,1.0,37,1,0,4,2,0,4,1,1.0
42,3,3,76,127,44,87,0.666666666666667,109,13,4.41666666666667,179,2,58,50,22,1,51,2,0.720670391061452
28,15,15,162,293,98,160,0.6,230,14,4.24390243902439,458,5,141,95,79,7,89,5,0.395196506550218
0,0,0,7,23,0,11,0.0,17,5,3.5,64,0,7,10,7,0,10,0,0.953125
3,3,3,8,48,45,13,0.666666666666667,19,3,1.42857142857143,85,2,7,34,10,0,12,2,0.752941176470588
0,0,0,0,10,0,2,0.0,6,0,0.0,44,0,0,6,4,0,6,0,1.0
0,0,0,7,26,0,14,0.0,20,4,2.0,81,0,7,13,9,0,13,0,0.506172839506173
0,0,0,73,93,0,27,0.0,31,8,6.0,117,0,8,25,12,3,23,0,0.547008547008547
0,0,0,8,27,0,13,0.0,20,4,2.16666666666667,65,0,8,12,8,0,12,0,1.0
0,0,0,15,30,0,16,0.0,24,6,2.6,78,0,12,12,8,0,12,0,0.987179487179487
96,4,4,98,302,111,107,1.0,202,8,2.07446808510638,413,1,98,109,98,0,104,1,1.0
0,0,0,0,6,0,6,0.0,6,1,1.0,54,0,0,6,6,0,6,0,0.945454545454545
143,8,8,222,340,178,198,0.375,261,31,6.92,455,5,171,87,57,3,90,5,0.404395604395604
0,0,0,1,4,0,2,0.0,3,0,0.0,5,0,0,3,1,0,3,0,0.8
486,13,13,117,213,285,111,0.384615384615385,175,12,4.69565217391304,325,4,114,74,41,1,61,4,0.363076923076923
8,3,3,26,53,5,30,0.666666666666667,40,8,3.57142857142857,100,2,22,19,11,0,18,2,0.47
0,0,0,121,124,0,121,0.0,122,0,0.0,158,0,0,123,5,0,122,0,1.0
0,0,0,1,8,0,4,0.0,6,2,2.0,12,0,1,5,4,0,5,0,0.833333333333333
0,0,0,0,44,0,41,0.0,42,1,0.555555555555556,84,0,0,42,11,0,42,0,0.630952380952381
37,10,10,322,529,148,296,0.3,424,7,2.09210526315789,746,4,259,194,100,9,165,4,0.333780160857909
6,2,2,1,13,8,3,1.0,11,1,0.142857142857143,48,1,1,10,4,0,10,1,0.729166666666667
27,2,2,12,22,54,8,1.0,12,1,1.0,27,1,8,5,5,1,4,1,1.0
25,2,2,11,23,23,8,1.0,12,3,2.33333333333333,57,1,4,10,5,0,8,1,0.614035087719298
0,0,0,12,29,0,13,0.0,21,2,1.14285714285714,69,0,10,11,8,0,11,0,0.608695652173913
12,7,7,26,63,22,27,0.571428571428571,40,11,4.375,119,3,22,29,14,2,18,3,0.403361344537815
236,16,16,86,146,462,95,0.5625,125,23,7.77777777777778,226,2,72,53,37,3,53,2,0.747787610619469
0,1,1,0,4,40,2,1.0,3,1,1.0,40,1,0,3,2,0,3,1,1.0
1,1,1,6,18,1,10,1.0,13,8,8.0,23,1,3,11,5,0,10,1,0.91304347826087
0,0,0,5,23,0,8,0.0,17,2,1.25,26,0,6,10,3,0,11,0,1.0
0,0,0,43,78,0,50,0.0,66,13,3.875,122,0,28,36,13,3,38,0,1.0
3,2,2,36,61,95,43,1.0,56,20,20.0,86,1,35,21,12,0,21,1,1.0
0,0,0,101,187,0,74,0.0,131,11,2.76470588235294,274,0,69,52,47,1,62,0,1.0
0,2,2,24,50,91,30,1.0,39,8,3.85714285714286,91,1,18,21,11,0,21,1,1.0
0,0,0,9,20,0,10,0.0,15,6,5.5,56,0,9,6,8,0,6,0,0.839285714285714
0,0,0,19,42,0,23,0.0,31,6,3.71428571428571,82,0,12,19,10,0,19,0,1.0
0,0,0,1,6,0,2,0.0,4,1,1.0,7,0,1,3,1,0,3,0,1.0
0,1,1,162,235,638,158,1.0,210,30,4.33333333333333,638,1,158,55,88,0,52,1,1.0
0,0,0,0,19,0,17,0.0,18,1,0.785714285714286,24,0,0,18,5,0,18,0,1.0
0,0,0,2,13,0,7,0.0,10,2,2.0,55,0,2,8,5,0,8,0,0.981818181818182
21,9,9,74,137,61,72,0.555555555555556,94,14,6.16666666666667,237,4,49,59,30,4,45,4,0.371308016877637
225,4,4,13,26,10,17,0.75,21,10,6.5,66,2,8,13,6,0,13,2,0.848484848484849
1,1,1,6,23,1,13,1.0,18,4,2.5,76,1,6,12,10,0,12,1,0.513157894736842
0,0,0,7,20,0,12,0.0,16,3,2.66666666666667,59,0,7,9,7,0,9,0,0.542372881355932
5,4,4,8,29,5,17,1.0,23,4,2.0,82,1,7,16,10,0,16,1,0.48780487804878
0,0,0,0,3,0,1,0.0,2,0,0.0,34,0,0,2,1,0,2,0,1.0
0,0,0,13,29,0,13,0.0,21,4,3.0,63,0,8,13,6,0,13,0,0.603174603174603
0,0,0,2,9,0,3,0.0,6,2,2.0,41,0,2,4,2,0,4,0,1.0
17,2,2,10,32,53,20,1.0,26,5,2.0,36,1,7,19,4,0,19,1,1.0
26,8,8,53,88,28,66,0.5,76,29,7.6,111,3,37,39,19,1,39,3,0.783783783783784
0,0,0,2,9,0,3,0.0,6,2,2.0,41,0,2,4,2,0,4,0,1.0
1,1,1,35,57,1,47,1.0,53,12,6.0,105,1,24,28,16,0,29,1,0.323809523809524
269,5,5,117,226,547,90,0.8,152,9,1.66666666666667,278,2,88,64,48,1,64,2,0.971223021582734
0,0,0,2,7,0,3,0.0,5,1,1.0,9,0,1,4,2,0,4,0,0.777777777777778
1,1,1,0,14,1,12,1.0,13,1,0.444444444444444,51,1,0,13,10,0,13,1,0.980392156862745
0,0,0,49,99,0,52,0.0,76,7,2.5,232,0,40,36,29,1,36,0,0.823275862068966
65,9,9,25,53,55,25,0.888888888888889,35,8,4.0,108,2,16,21,12,1,19,2,0.981481481481482
177,24,24,545,803,420,455,0.416666666666667,623,26,9.5625,1042,5,391,220,101,40,232,4,0.36468330134357
11,3,3,108,170,290,95,0.666666666666667,130,13,3.38888888888889,279,2,89,40,36,0,41,2,0.996415770609319
16,4,4,215,364,503,225,1.0,308,11,3.39393939393939,487,1,181,115,47,4,127,1,1.0
0,2,2,23,65,71,63,1.0,64,1,1.0,71,1,0,64,3,0,64,1,1.0
3,1,1,94,159,2,109,1.0,132,21,4.38461538461539,234,1,70,59,41,0,62,1,1.0
108,1,1,328,418,108,1614,1.0,1655,5,1.63636363636364,506,1,1585,70,64,21,70,1,1.0
18,2,2,5,16,17,7,1.0,11,3,2.33333333333333,50,1,4,8,5,0,7,1,0.58
17,5,5,16,50,18,26,0.8,38,5,2.0,118,2,16,22,12,0,22,2,0.457627118644068
0,1,1,0,3,4,1,1.0,2,0,0.0,4,1,0,2,1,0,2,1,1.0
0,0,0,3,10,0,4,0.0,7,1,1.0,42,0,2,5,5,0,5,0,1.0
1,1,1,6,23,1,13,1.0,18,4,2.5,77,1,6,12,8,0,12,1,0.493506493506494
0,1,1,2,9,28,5,1.0,7,2,2.0,28,1,1,6,6,1,6,1,1.0
0,0,0,4,20,0,10,0.0,15,2,1.5,67,0,4,11,6,0,11,0,0.686567164179104
0,0,0,26,72,0,36,0.0,54,4,1.41176470588235,123,0,21,33,24,0,33,0,1.0
103,19,19,328,433,386,310,0.631578947368421,365,20,9.44444444444444,535,4,219,146,59,13,146,4,0.764485981308411
31,12,12,0,144,50,140,0.666666666666667,141,1,0.0296296296296296,478,5,0,143,74,0,141,5,0.794979079497908
0,0,0,0,4,0,2,0.0,3,0,0.0,18,0,0,3,2,0,3,0,1.0
14,14,14,0,52,73,50,0.5,51,1,1.0,59,3,0,51,4,0,51,3,0.76271186440678
6,4,4,5,24,6,14,0.75,19,3,1.75,76,2,5,14,8,0,14,2,0.5
0,1,1,0,9,51,7,1.0,8,1,1.0,51,1,0,8,8,0,8,1,1.0
2,1,1,58,96,3,50,1.0,69,13,7.16666666666667,184,1,42,26,25,2,27,1,0.75
0,0,0,10,30,0,16,0.0,23,4,2.66666666666667,69,0,7,16,9,1,16,0,0.507246376811594
3,2,2,17,50,2,24,0.5,37,5,2.83333333333333,95,2,17,20,15,0,20,2,0.6
0,0,0,5,21,0,11,0.0,16,3,2.0,71,0,5,11,7,0,11,0,0.535211267605634
2,1,1,53,94,2,58,1.0,76,10,5.0,150,1,33,43,28,9,43,1,1.0
0,0,0,7,26,0,14,0.0,20,4,2.0,77,0,7,13,8,0,13,0,0.519480519480519
7,2,2,22,51,3,28,0.5,39,13,4.8,95,2,18,21,11,0,21,2,0.378947368421053
0,0,0,5,21,0,11,0.0,16,3,2.0,58,0,5,11,8,0,11,0,0.655172413793103
20,8,8,209,377,522,211,0.375,286,17,3.70212765957447,500,4,147,140,86,6,139,4,0.898
0,0,0,7,26,0,14,0.0,20,4,2.0,76,0,7,13,8,0,13,0,0.513157894736842
0,0,0,9,33,0,17,0.0,25,4,1.57142857142857,106,0,9,16,12,0,16,0,0.452830188679245
0,0,0,5,21,0,11,0.0,16,3,2.0,80,0,5,11,8,0,11,0,0.4875
0,0,0,1,6,0,4,0.0,5,1,1.0,45,0,0,5,5,0,5,0,1.0
9,7,7,0,23,44,19,0.857142857142857,20,1,1.0,74,2,0,22,3,0,20,2,1.0
0,1,1,0,4,14,2,1.0,3,0,0.0,14,1,0,3,2,0,3,1,1.0
0,0,0,0,3,0,1,0.0,2,0,0.0,34,0,0,2,1,0,2,0,1.0
1,1,1,30,53,1,37,1.0,43,13,6.33333333333333,96,1,19,25,11,0,24,1,0.354166666666667
42,4,4,32,61,35,31,0.5,42,4,2.0,102,3,18,24,14,1,24,3,0.450980392156863
0,0,0,0,4,0,2,0.0,3,1,1.0,32,0,0,3,1,0,3,0,0.78125
0,0,0,5,23,0,13,0.0,18,4,2.0,72,0,5,13,7,0,13,0,0.555555555555556
0,0,0,2,10,0,4,0.0,6,1,1.0,38,0,2,5,3,0,4,0,0.736842105263158
34,4,4,29,74,173,31,0.75,51,5,1.52941176470588,139,2,27,26,17,0,24,2,0.992805755395683
0,0,0,17,38,0,17,0.0,27,5,2.28571428571429,76,0,14,13,8,0,13,0,1.0
1,1,1,13,40,1,20,1.0,30,5,2.25,84,1,13,17,13,1,17,1,0.404761904761905
0,0,0,0,3,0,1,0.0,2,0,0.0,34,0,0,2,1,0,2,0,1.0
0,0,0,2,10,0,5,0.0,8,2,1.5,42,0,2,6,5,0,6,0,1.0
0,0,0,13,43,0,19,0.0,31,4,1.81818181818182,87,0,13,18,14,0,18,0,0.701149425287356
255,11,11,187,329,281,148,0.545454545454545,223,18,6.2,433,4,148,99,63,28,75,4,0.674364896073903
3,3,3,10,45,51,23,0.666666666666667,34,1,1.0,48,2,10,24,3,0,24,2,0.895833333333333
0,0,0,5,21,0,11,0.0,16,3,2.0,72,0,5,11,8,0,11,0,0.527777777777778
0,0,0,0,3,0,1,0.0,2,0,0.0,34,0,0,2,1,0,2,0,1.0
0,0,0,6,14,0,8,0.0,11,2,1.5,52,0,2,9,3,0,9,0,0.557692307692308
0,0,0,45,48,0,61,0.0,92,2,1.5,80,0,45,47,2,0,47,0,1.0
36,12,12,58,98,45,51,0.583333333333333,72,15,7.83333333333333,147,5,41,36,14,6,31,5,0.312925170068027
0,0,0,0,3,0,1,0.0,2,0,0.0,16,0,0,2,2,0,2,0,1.0
0,0,0,1,6,0,2,0.0,4,2,2.0,7,0,1,3,1,1,3,0,1.0
0,0,0,1,4,0,2,0.0,3,0,0.0,33,0,0,3,2,0,3,0,1.0
6,2,2,110,166,7,111,1.0,140,36,9.44444444444444,217,1,79,58,20,0,61,1,0.944700460829493
10,6,6,30,63,13,33,0.666666666666667,47,10,4.0,112,3,24,29,19,2,23,3,0.571428571428571
46,11,11,85,156,121,85,0.727272727272727,112,23,7.9,220,4,55,64,28,2,57,4,0.468181818181818
1,1,1,1,10,1,6,1.0,8,1,1.0,47,1,1,7,3,0,7,1,0.957446808510638
1,2,2,18,39,3,19,0.5,29,6,3.33333333333333,104,2,16,13,13,3,13,2,0.528846153846154
33,6,6,262,373,32,142,0.666666666666667,199,10,6.42307692307692,479,3,117,211,54,26,82,3,0.835073068893528
0,0,0,5,14,0,6,0.0,10,2,1.5,20,0,4,6,3,0,6,0,1.0
0,0,0,0,3,0,1,0.0,2,0,0.0,16,0,0,2,1,0,2,0,1.0
9,1,1,10,34,1,18,1.0,26,5,2.0,106,1,10,16,12,0,16,1,0.490566037735849
0,0,0,0,3,0,1,0.0,2,0,0.0,34,0,0,2,1,0,2,0,1.0
0,0,0,1,6,0,2,0.0,4,2,2.0,37,0,1,3,1,0,3,0,1.0
1,1,1,59,73,6,67,1.0,85,3,1.66666666666667,130,1,43,39,5,3,42,1,0.984615384615385
3,2,2,27,57,5,32,0.5,43,11,5.25,99,2,19,24,12,3,24,2,0.909090909090909
0,0,0,20,36,0,22,0.0,28,6,6.0,91,0,11,17,15,0,17,0,0.967032967032967
0,0,0,3,11,0,7,0.0,9,2,2.0,41,0,2,7,3,0,7,0,0.951219512195122
11,5,5,25,48,77,38,0.8,46,13,7.66666666666667,66,2,24,22,17,0,22,2,0.984848484848485
3,3,3,64,110,10,64,0.666666666666667,86,17,6.0,176,2,47,37,24,2,39,2,0.261363636363636
2,3,3,18,36,4,20,0.333333333333333,26,10,7.33333333333333,73,3,9,17,6,3,17,3,0.986301369863014
13,8,8,0,20,41,18,1.0,19,1,0.0666666666666667,80,1,0,19,13,0,19,1,0.95
43,4,4,22,50,34,26,0.75,42,6,3.75,117,2,18,20,10,0,24,2,0.504273504273504
0,0,0,374,385,0,256,0.0,259,3,2.0,422,0,123,138,6,2,136,0,0.834123222748815
33,2,2,0,3,66,1,1.0,2,0,0.0,33,1,0,2,2,0,2,1,1.0
0,0,0,160,221,0,151,0.0,185,7,4.81818181818182,288,0,119,63,40,0,66,0,0.895833333333333
9,6,6,34,95,58,44,0.833333333333333,70,8,1.82608695652174,169,2,33,39,30,0,37,2,0.585798816568047
5,1,1,5,21,5,11,1.0,16,3,1.75,78,1,5,11,7,0,11,1,0.5
10,1,1,8,29,2,15,1.0,22,3,1.83333333333333,81,1,8,14,9,0,14,1,0.580246913580247
0,0,0,0,5,0,3,0.0,4,1,1.0,46,0,0,5,4,0,4,0,1.0
0,0,0,149,266,0,141,0.0,205,9,3.08108108108108,391,0,118,83,77,1,87,0,1.0
21,7,7,48,89,38,51,1.0,68,13,5.5,143,1,48,24,18,0,20,1,0.986013986013986
0,0,0,6,25,0,13,0.0,19,3,1.6,75,0,6,13,8,0,13,0,0.613333333333333
0,1,1,0,4,14,2,1.0,3,1,1.0,14,1,0,3,2,0,3,1,1.0
0,0,0,5,21,0,11,0.0,16,3,2.0,57,0,5,11,7,0,11,0,0.666666666666667
1269,25,25,551,718,1995,440,0.92,543,49,9.42857142857143,999,2,378,170,133,0,165,2,0.92992992992993
0,0,0,39,81,0,47,0.0,67,11,2.84615384615385,147,0,26,40,25,1,41,0,0.748299319727891
3,4,4,63,116,196,53,0.75,78,11,1.83333333333333,193,2,40,34,23,2,38,2,0.989637305699482
0,0,0,3,16,0,8,0.0,12,2,1.66666666666667,59,0,3,9,5,0,9,0,0.610169491525424
0,0,0,10,34,0,18,0.0,26,5,2.0,94,0,10,16,10,0,16,0,0.585106382978723
1,6,6,10,23,35,17,0.666666666666667,20,3,3.0,34,3,8,12,8,0,12,3,0.970588235294118
0,0,0,2,9,0,5,0.0,7,2,2.0,28,0,1,6,6,1,6,0,1.0
0,1,1,13,33,11,15,1.0,24,4,1.625,70,1,11,13,10,0,13,1,1.0
0,0,0,3,11,0,5,0.0,8,3,2.0,43,0,3,5,2,0,5,0,1.0
0,0,0,0,192,0,190,0.0,191,1,1.0,233,0,0,191,2,0,191,0,0.399141630901288
0,0,0,2,9,0,3,0.0,6,1,1.0,11,0,2,4,2,0,4,0,1.0
0,1,1,5,16,26,7,1.0,12,3,2.0,26,1,4,8,6,0,8,1,1.0
0,0,0,0,3,0,1,0.0,2,0,0.0,12,0,0,2,3,0,2,0,1.0
0,1,1,2,9,28,5,1.0,7,2,2.0,28,1,1,6,6,1,6,1,1.0
1,1,1,7,26,1,14,1.0,20,4,2.2,81,1,7,13,8,0,13,1,0.530864197530864
5,3,3,17,39,7,24,0.333333333333333,31,13,4.25,87,3,13,18,10,0,18,3,0.390804597701149
0,0,0,0,4,0,3,0.0,4,1,0.5,44,0,0,4,2,0,4,0,0.8
0,0,0,0,7,0,5,0.0,6,1,1.0,40,0,0,6,2,0,6,0,0.725
10,3,3,7,31,19,19,0.333333333333333,26,3,2.0,79,3,8,18,9,0,18,3,0.531645569620253
228,4,4,56,95,400,60,0.5,76,11,5.0,172,2,39,38,25,1,37,2,1.0
0,0,0,16,25,0,17,0.0,21,3,1.33333333333333,59,0,1,20,4,0,20,0,1.0
7,3,3,163,302,369,293,1.0,346,38,3.10869565217391,362,1,254,91,60,2,92,1,1.0
948,55,55,1435,2024,935,1421,0.8,1695,37,6.11274509803922,2766,6,1225,479,527,0,470,3,0.819956616052061
0,0,0,11,30,0,12,0.0,21,1,1.0,67,0,7,14,9,0,14,0,0.552238805970149
0,0,0,9,32,0,18,0.0,25,5,2.0,93,0,9,16,9,0,16,0,0.43010752688172
0,0,0,0,10,0,8,0.0,9,1,0.5,44,0,0,9,4,0,9,0,1.0
83,3,3,216,281,121,158,0.666666666666667,211,18,8.85714285714286,359,2,174,36,35,0,37,2,0.545961002785515
0,0,0,0,7,0,5,0.0,6,1,1.0,43,0,0,6,4,0,6,0,0.976744186046512
0,0,0,5,21,0,11,0.0,16,3,2.0,67,0,5,11,7,0,11,0,0.537313432835821
0,0,0,4,21,0,11,0.0,16,2,1.5,73,0,4,12,6,0,12,0,0.671232876712329
0,1,1,0,23,103,21,1.0,22,1,1.0,103,1,0,22,10,0,22,1,1.0
20,7,7,73,133,15,62,0.714285714285714,93,13,5.14285714285714,229,3,55,43,27,2,38,3,0.432314410480349
0,0,0,5,21,0,11,0.0,16,3,2.0,74,0,5,11,7,0,11,0,0.540540540540541
1,1,1,6,14,1,8,1.0,11,2,2.0,47,1,4,8,6,1,7,1,1.0
6,2,2,46,104,86,54,1.0,78,9,4.71428571428571,161,1,43,36,27,1,35,1,0.53416149068323
35,7,7,61,80,59,55,0.857142857142857,70,5,2.25,125,2,26,44,10,4,44,2,0.768
18,10,10,60,110,215,59,0.6,89,6,2.8125,197,5,46,43,46,0,43,5,0.928934010152284
2,3,3,21,47,7,25,1.0,38,6,3.0,106,1,19,20,18,0,19,1,0.981132075471698
2,2,2,6,17,3,7,0.5,11,3,3.0,23,2,4,8,6,0,7,2,0.826086956521739
3,1,1,41,78,1,55,1.0,66,7,4.0,123,1,26,40,18,0,40,1,0.552845528455285
0,0,0,12,40,0,22,0.0,31,6,2.0,107,0,12,19,11,0,19,0,0.392523364485981
22,7,7,29,63,49,37,0.571428571428571,48,13,4.4,145,3,16,35,26,4,32,3,0.717241379310345
7,1,1,4,22,1,14,1.0,18,4,3.33333333333333,68,1,4,14,5,0,14,1,0.558823529411765
0,0,0,22,53,0,25,0.0,37,4,1.88888888888889,131,0,20,18,14,0,17,0,1.0
0,0,0,1,6,0,2,0.0,4,2,2.0,37,0,1,3,1,0,3,0,1.0
2,1,1,15,35,2,21,1.0,28,9,6.66666666666667,43,1,14,13,8,0,14,1,1.0
0,0,0,3,14,0,4,0.0,9,2,1.0,53,0,2,7,5,1,7,0,0.641509433962264
41,8,8,80,131,229,55,0.625,76,16,5.15384615384615,188,2,45,36,20,2,31,2,0.978723404255319
0,0,0,14,29,0,15,0.0,22,5,3.33333333333333,64,0,13,9,4,0,9,0,1.0
52,9,9,188,316,103,162,0.555555555555556,233,15,5.08108108108108,406,4,146,87,49,9,87,4,0.62807881773399
0,2,2,104,185,32,89,1.0,137,7,2.31818181818182,251,1,81,55,28,14,56,1,0.49402390438247
0,2,2,26,49,153,15,1.0,29,4,2.42857142857143,153,1,20,9,9,7,9,1,1.0
26,6,6,0,12,26,8,1.0,9,1,1.0,19,1,0,11,2,0,9,1,1.0
0,13,13,0,51,82,49,0.461538461538462,50,1,1.0,82,3,0,50,2,0,50,3,0.609756097560976
1,1,1,6,23,1,13,1.0,18,4,2.5,75,1,6,12,7,0,12,1,0.52
66,4,4,45,67,72,40,0.75,53,21,9.33333333333333,135,2,38,15,17,0,15,2,0.644444444444444
8,2,2,5,26,2,16,0.5,21,4,3.0,74,2,5,16,6,0,16,2,0.527027027027027
5,1,1,11,38,20,20,1.0,30,4,1.875,106,1,12,18,11,0,18,1,0.386792452830189
0,1,1,19,62,8,25,1.0,44,2,1.11111111111111,112,1,18,26,20,3,26,1,0.929203539823009
1,1,1,1,10,1,6,1.0,8,1,1.0,42,1,1,7,5,0,7,1,0.976190476190476
0,0,0,2,8,0,4,0.0,6,2,2.0,18,0,1,5,4,0,5,0,1.0
55,2,2,34,74,35,39,0.5,59,7,3.30769230769231,153,2,34,24,24,0,25,2,0.568627450980392
1,1,1,1,10,1,6,1.0,8,1,1.0,40,1,1,7,3,0,7,1,0.975
0,1,1,27,57,93,32,1.0,41,14,7.66666666666667,93,1,17,23,6,0,24,1,1.0
0,0,0,10,30,0,16,0.0,23,6,2.33333333333333,68,0,10,13,8,0,13,0,1.0
372,4,4,23,67,48,38,0.75,52,8,1.68421052631579,185,2,20,33,22,1,32,2,0.924324324324324
13,7,7,76,230,316,99,1.0,171,7,2.12903225806452,303,1,81,91,46,0,90,1,1.0
0,0,0,25,41,0,30,0.0,36,13,13.0,63,0,17,19,6,0,19,0,1.0
0,0,0,3,12,0,4,0.0,8,1,1.0,17,0,2,6,5,1,6,0,1.0
10,6,6,44,83,81,51,0.666666666666667,63,34,11.75,202,3,29,39,23,0,34,3,0.702970297029703
0,0,0,15,28,0,16,0.0,22,14,7.5,62,0,11,11,4,1,11,0,1.0
0,0,0,0,4,0,2,0.0,3,1,1.0,32,0,0,3,1,0,3,0,0.875
0,0,0,4,11,0,7,0.0,9,2,2.0,42,0,3,6,3,1,6,0,0.642857142857143
0,0,0,2,9,0,3,0.0,6,5,3.5,41,0,2,4,2,0,4,0,1.0
109,5,5,393,657,139,331,0.8,487,24,4.890625,955,2,322,163,148,0,165,2,0.680628272251309
2,2,2,4,16,22,8,0.5,11,3,2.5,20,2,3,10,4,0,8,2,0.9
1,1,1,10,26,1,11,1.0,19,7,2.5,62,1,8,11,8,0,11,1,1.0
2,2,2,49,75,102,40,0.5,54,9,6.5,100,2,34,21,11,2,20,2,0.95
0,0,0,3,16,0,8,0.0,12,2,1.33333333333333,64,0,3,9,5,0,9,0,0.6875
0,0,0,8,30,0,16,0.0,23,4,1.66666666666667,86,0,8,15,9,0,15,0,0.616279069767442
0,0,0,0,3,0,1,0.0,2,0,0.0,34,0,0,2,1,0,2,0,1.0
7,1,1,21,45,9,25,1.0,51,3,1.41176470588235,105,1,16,31,10,0,35,1,0.514285714285714
0,0,0,2,9,0,3,0.0,6,2,2.0,41,0,2,4,2,0,4,0,1.0
6,2,2,30,52,5,23,1.0,33,8,5.16666666666667,91,1,21,13,8,0,12,1,0.582417582417582
0,0,0,242,547,0,327,0.0,439,6,2.67368421052632,729,0,244,193,101,0,195,0,0.762688614540466
29,8,8,88,167,30,93,0.25,129,10,4.35,251,5,66,68,39,3,63,5,0.310756972111554
1,1,1,9,33,1,17,1.0,25,4,1.57142857142857,104,1,9,16,11,0,16,1,0.413461538461538
0,0,0,2,9,0,5,0.0,7,2,2.0,28,0,1,6,6,1,6,0,1.0
0,0,0,9,20,0,12,0.0,16,6,3.33333333333333,54,0,9,7,7,0,7,0,1.0
0,0,0,0,3,0,1,0.0,2,0,0.0,36,0,0,2,1,0,2,0,0.722222222222222
0,1,1,2794,2802,4228,2797,1.0,2799,1,1.0,4228,1,2792,8,1399,0,7,1,1.0
4,4,4,24,51,12,27,0.75,40,5,2.0,139,2,19,21,14,0,21,2,0.971223021582734
1,1,1,17,31,1,18,1.0,23,11,6.5,43,1,12,11,10,0,11,1,0.883720930232558
0,0,0,6,28,0,15,0.0,21,3,2.0,79,0,6,16,9,0,15,0,0.544303797468354
0,0,0,0,5,0,3,0.0,4,1,0.5,37,0,0,4,1,0,4,0,1.0
0,0,0,1,6,0,2,0.0,4,1,1.0,7,0,1,3,1,0,3,0,1.0
0,0,0,3,11,0,6,0.0,9,2,1.5,17,0,3,6,6,0,6,0,1.0
0,0,0,0,12,0,10,0.0,11,1,0.75,47,0,0,11,5,0,11,0,1.0
0,0,0,3,14,0,6,0.0,10,1,0.666666666666667,21,0,3,7,7,0,7,0,1.0
0,0,0,1,8,0,4,0.0,6,1,1.0,40,0,1,5,2,0,5,0,0.925
0,0,0,89,154,0,98,0.0,130,24,5.18181818181818,205,0,62,66,17,1,68,0,1.0
0,1,1,2,9,28,5,1.0,7,2,2.0,28,1,1,6,6,1,6,1,1.0
7,7,7,27,58,17,38,0.571428571428571,46,15,6.75,95,3,20,26,8,0,26,3,0.968421052631579
0,0,0,0,4,0,2,0.0,3,0,0.0,18,0,0,3,2,0,3,0,1.0
0,0,0,4,19,0,11,0.0,15,4,3.0,60,0,4,11,5,0,11,0,0.516666666666667
868,39,39,514,777,1600,397,0.5256972397310603,575,28,6.567584976397056,1150,4,393,192,176,15,181,3,0.7874391099231695
80,8,8,125,212,170,123,0.6081533756895093,158,14,5.687812984418106,297,3,100,71,39,4,58,3,0.7033228086660281
5,1,1,38,77,13,43,0.5451448850272042,59,9,3.289143594555344,121,1,29,30,16,1,29,1,0.7036445532944082
566,46,46,600,911,531,473,0.7416339660690325,658,43,8.953311160822679,1188,5,422,285,183,56,236,3,0.442505908934184
87,11,11,241,445,97,177,0.4003877812385384,288,18,4.462483833393314,719,5,178,132,85,13,110,5,0.4929143097121851
75,14,14,217,384,233,195,0.3438201064000103,276,12,3.8107287296604104,542,5,159,117,69,9,117,5,0.4081440934618972
147,15,15,306,539,189,260,0.4748216949776198,385,18,5.306249607735034,713,5,264,172,127,2,120,4,0.8153607546444005
864,42,42,531,801,1575,408,0.5112353091084443,589,28,6.726264930892846,1179,4,403,199,180,17,186,3,0.7673729806828595
38,7,7,23,51,62,28,0.5483332370300097,39,12,5.3680016398022925,111,3,18,25,16,1,21,3,0.5902295612158095
138,18,18,287,435,483,193,0.5776378029793802,276,15,6.905634803033005,523,2,169,108,52,3,107,2,0.8954314141529798
125,9,9,105,184,175,124,0.5707674295952516,155,18,5.528287150744559,264,3,95,64,35,10,59,3,0.7580815433973361
109,9,9,110,202,149,123,0.410066478897686,167,18,6.056751140413387,273,5,89,76,35,17,77,5,0.5705900780491475
98,16,16,325,535,172,303,0.6602577245515521,413,23,4.181776890875254,696,4,213,175,90,17,200,3,0.5619289910395373
157,26,26,1009,1589,167,940,0.4939665210030589,1359,21,5.003101367895206,2290,5,921,447,377,14,438,3,0.6321511634362235
15,3,3,34,71,23,39,0.4779241241501762,54,10,3.729296523257718,119,2,27,29,17,1,26,2,0.6905228834275888
89,21,21,228,411,167,218,0.4093210904420779,317,50,5.5519658405707455,590,5,190,124,110,4,126,5,0.3171650118530047
463,12,12,214,399,681,216,0.3502053363368704,317,23,5.186231014554094,493,4,212,149,86,5,105,4,0.7595775830798659
18,5,5,1332,1696,40,914,0.6312446052957292,1165,9,3.6971999004999767,2110,2,908,337,91,54,257,2,0.5225028955197527
1926,41,41,1428,2022,2150,1043,0.5540819903960398,1384,70,5.486363212497391,2606,5,858,492,441,14,525,4,0.8060472016803166
9,2,2,0,31,31,21,0.7044911737468633,22,1,0.2067920979521061,66,1,0,30,4,0,22,1,0.9357589508145354
26,18,18,16,47,252,19,0.599897264087919,28,3,2.001469635807868,71,2,13,22,17,0,15,2,0.9439579625285716
70,22,22,219,409,171,203,0.4563952760374788,304,54,5.138486508970109,587,5,182,120,106,2,121,4,0.3068425055571682
120,17,17,212,360,175,184,0.3861432383543396,257,19,6.409831961281766,580,5,146,131,84,16,110,5,0.4240694658746099
324,41,41,397,675,401,320,0.6837743876209221,480,25,6.353054031774631,946,6,313,210,155,35,167,3,0.5381196758103847
137,19,19,261,437,164,253,0.3304629666331307,354,36,6.289733857422031,618,6,219,140,122,6,135,6,0.4292925388642726
1,1,1,2,15,6,9,0.8517336038664876,11,1,1.2223995942002688,36,1,1,10,4,0,10,1,0.7199412517478094
728,60,60,716,1184,1144,598,0.4154741505820417,869,25,6.839573071127315,1698,7,552,340,249,23,317,4,0.4155875824364876
1953,30,30,1622,2287,2064,1203,0.638934468157311,1576,94,4.910597689825181,2904,5,949,574,506,26,626,4,0.9126188793017525
38,9,9,58,105,35,60,0.4933498022995786,80,9,5.813860214689231,171,3,44,41,28,6,35,3,0.5588011532765738
16,5,5,11,32,19,17,0.7009280806822247,24,4,3.538329454771996,80,1,9,15,6,0,15,1,0.8027795401027578
1753,71,71,1199,1722,2842,824,0.4476603179040033,1155,55,9.59345859826583,2533,5,830,370,429,15,325,3,0.6096474391587957
63,19,19,215,399,200,201,0.4338228473094949,294,40,4.439255173767395,566,5,173,118,91,4,120,4,0.3305379914878775
4,1,1,39,78,10,45,0.6695148955243504,61,9,3.334369052917942,124,1,29,32,16,1,31,1,0.7068546120523129
76,14,14,235,395,187,206,0.4186702583841353,289,11,4.035811733082895,531,4,166,114,74,13,122,4,0.4619014678897415
17,9,9,13,37,84,18,0.6426276911289687,26,4,3.1919784552068005,79,2,11,17,9,0,15,2,0.8364716515887433
490,20,20,244,390,418,198,0.3776667827337397,292,21,6.872032778240052,530,6,190,113,76,6,101,4,0.3795811441190115
159,19,19,254,425,187,253,0.3225827151469765,349,38,6.881229735328642,598,6,204,143,114,11,144,6,0.3577531683355677
64,9,9,133,253,182,119,0.4346611353714495,174,14,6.060856249109436,339,5,96,95,49,7,77,5,0.523687888527821
114,8,8,99,178,138,110,0.4,145,19,7.07969632056971,240,4,76,67,28,13,68,4,0.5809573719279225
35,6,6,27,59,40,32,0.4345814260710753,44,11,4.625702324439132,116,2,21,27,19,1,22,2,0.6670481619401762
183,14,14,246,505,604,230,0.5838371285905386,334,18,5.358922423083728,657,3,169,227,116,61,165,3,0.6929760892985357
17,7,7,13,34,25,17,0.5569363126467253,24,5,4.435506034015523,81,3,12,16,9,4,12,3,0.4820563478111681
159,27,27,315,558,256,268,0.587952478598585,402,18,5.461172910912984,785,6,268,175,133,11,133,4,0.703193490586904
135,9,9,252,380,230,191,0.4447554558517696,291,27,4.711854831920759,503,3,195,98,57,9,95,3,0.4696175092104687
305,8,8,446,646,515,346,0.3775367885716508,502,36,3.6150732538838746,801,3,350,147,106,20,152,3,0.5647082962648786
13,4,4,20,48,19,26,0.6105836281846762,37,6,3.4898733062535445,96,2,16,20,10,0,20,2,0.7656047039283247
130,10,10,101,189,152,124,0.4005061583846219,165,20,5.959234448639286,258,4,88,73,34,19,77,4,0.606057670434152
79,6,6,95,153,110,87,0.4098958800872307,109,19,8.851158905159364,204,4,57,54,18,2,51,4,0.5288183757421264
0,1,1,4,18,1,12,1.0,15,1,1.4512662106334138,59,1,4,11,5,0,11,1,0.7917232873999627
133,8,8,107,206,244,118,0.6421633191924426,154,18,5.017672153402445,305,2,102,74,49,0,52,2,0.8730608659008592
365,19,19,213,360,755,201,0.3475824522357023,282,20,4.66679866718135,610,4,164,117,65,8,117,3,0.6352991214443056
38,9,9,139,243,121,123,0.4569038505255863,173,14,6.335333521274725,328,4,94,90,45,9,79,4,0.5503142770717261
196,16,16,285,454,461,213,0.5562246753695426,300,18,7.69854227626975,543,2,169,140,54,13,130,2,0.7831397426018643
1014,58,58,1154,1964,1977,1001,0.4692400543988125,1484,27,6.1211314213157655,2804,7,943,549,401,13,540,5,0.476236148400353
38,9,9,123,213,61,124,0.4593250377300915,165,20,6.168555585112016,313,3,81,92,55,6,83,3,0.8059774357419178
532,19,19,218,350,651,179,0.3800979607066221,265,22,5.9848943833842725,574,5,176,96,76,2,89,3,0.5023791268093268
95,13,13,27,62,330,25,0.7264703582959098,39,4,1.972076547240956,126,2,20,24,18,0,18,2,0.9606283091486534
104,8,8,110,181,212,118,0.7273835115741267,141,15,5.358942446767977,265,2,95,58,37,2,45,2,0.8886150171282139
1328,32,32,1238,1677,1943,890,0.6492341739997848,1176,56,7.938586241655467,2334,4,938,282,325,7,237,3,0.7699358646821592
64,7,7,81,137,79,76,0.4431691396664528,98,14,7.7233831979788,194,4,52,50,22,4,46,4,0.5425889659828851
22,7,7,115,193,41,121,0.4023218072831936,148,17,6.306927763633248,271,3,65,87,46,2,83,3,0.6456783240433841
276,13,13,265,505,491,250,0.5367715803059433,350,23,7.841156756116705,624,3,170,224,84,49,179,3,0.5780692440582235
186,13,13,923,1178,169,812,0.9020269823575636,976,54,12.12078648159609,1400,2,642,330,139,0,334,2,0.8620928526915046
250,4,4,1433,1828,343,997,0.6869991369482572,1267,18,3.8737323199981577,2295,2,1009,338,132,48,257,2,0.5988035731815603
69,14,14,216,387,259,208,0.3636974367029774,290,12,3.5895371728440115,535,4,165,120,72,11,124,4,0.389219430120336
142,7,7,11,39,249,32,0.857142857142857,36,6,3.542407426000688,106,2,6,29,19,0,29,2,1.0
167,40,40,363,667,322,329,0.6594142556489669,491,26,4.268491516303096,897,6,282,227,188,90,209,4,0.7347970281901953
233,27,27,978,1308,247,837,0.735181387770453,1030,78,12.306246022784286,1642,4,619,408,236,38,410,3,0.7842344444322411
73,22,22,213,397,174,197,0.4665223857861351,292,49,5.355362537368023,584,5,173,122,101,5,119,4,0.3193726882462232
825,30,30,878,1232,967,653,0.733403492208791,877,47,7.304808953167025,1644,4,679,248,221,36,198,3,0.6087474993877251
292,14,14,247,378,310,191,0.410254859363746,288,24,5.48342887600589,511,4,194,99,65,6,93,3,0.4271455163536812
27,6,6,18,45,32,24,0.5494005490907471,34,8,4.166395347891694,99,2,15,21,13,0,18,2,0.7317074022229273
5,1,1,38,77,12,44,0.5976214938990223,60,9,3.308225997781459,122,1,29,31,16,1,30,1,0.7049990035933248
289,13,13,282,486,426,246,0.5219116751109338,338,23,8.969119598273183,576,3,171,190,57,30,167,3,0.6032003976739024
3,2,2,5,18,9,9,0.7602574541469521,13,2,1.9211585436612837,32,1,4,10,5,0,9,1,0.5044267398771556
67,14,14,217,384,244,207,0.3614270988474464,289,11,3.5969483540012397,531,4,165,117,71,10,123,4,0.3854231072634009
20,5,5,1088,1423,41,772,0.572125945575245,991,14,3.414034343684516,1774,2,747,306,98,44,243,2,0.5319396486305908
135,17,17,281,424,440,191,0.5551254641733211,277,17,6.476803794453068,518,2,173,105,52,4,104,2,0.8259418515794184
80,5,5,98,160,123,85,0.4119082831294172,110,17,8.963279644928734,209,4,55,58,19,3,54,4,0.5490809059901537
231,48,48,1126,1653,340,911,0.5112696791713686,1211,98,8.492448502160553,2168,6,701,505,380,100,509,4,0.7142889972013258
285,49,49,1159,1719,468,943,0.5109119362869047,1264,95,8.39311805984971,2270,6,738,521,392,96,525,5,0.710541492825105
269,14,14,283,479,433,239,0.5292230552833247,330,22,8.698386238626071,569,3,170,179,57,26,159,3,0.6415416953984936
133,19,19,250,414,161,251,0.300883235230221,347,39,6.466627585792946,596,6,208,133,121,8,138,6,0.3417331637148139
180,27,27,319,595,252,325,0.7010488356513975,464,16,3.3084755198564273,903,5,269,197,169,4,194,3,0.6739031963029348
2,2,2,5,17,7,9,0.8093947161057716,13,2,2.1422762224759717,35,1,4,9,5,0,9,1,0.5748093397360445
61,22,22,215,408,175,197,0.4742221675239223,297,55,4.900334660573643,584,5,178,118,102,2,119,4,0.3046370837736113
187,31,31,1007,1629,197,951,0.391575420858663,1399,22,4.986258305489653,2425,6,928,484,431,20,470,4,0.5620888569131332
1,1,1,11,31,2,18,0.92650472773368,25,4,3.077930659906026,79,1,10,15,7,0,15,1,0.5551043745322173
2,1,1,13,35,3,21,0.8527755539652071,28,6,4.159291875176961,81,1,11,16,7,0,16,1,0.5718001770623296
11,4,4,10,31,13,17,0.7950325762006419,24,4,2.9838436342369197,81,1,9,15,7,0,15,1,0.6978180794923583
2,1,1,1,14,4,10,0.9362014306500814,11,1,1.5061353168426868,49,1,1,10,3,0,10,1,0.9198428231244616
1781,32,32,1575,2226,1890,1176,0.6261879370836688,1541,95,5.284399418346411,2833,5,925,568,494,34,615,4,0.8948060920632408
135,10,10,252,385,218,201,0.4199621588120085,300,29,5.0151910957182055,519,3,198,104,68,9,102,3,0.4491328307948966
101,14,14,250,404,113,176,0.4235888840373056,260,13,4.902249165611726,556,4,154,111,74,13,105,4,0.5783571753211398
907,70,70,828,1218,1321,608,0.334381777971993,852,33,8.592161489312854,1684,6,563,314,262,36,288,4,0.5199732177035815
59,10,10,307,445,71,240,0.8203812434897568,337,23,5.406964130654449,566,2,208,111,51,14,129,1,0.8631814404260558
26,7,7,104,172,259,81,0.5570061170089364,111,18,10.26619447650316,213,3,57,63,29,10,53,3,0.7625674601777606
13,6,6,11,30,20,15,0.6130756401874718,21,4,4.263952908720924,74,2,10,14,7,4,10,2,0.4990765385636251
62,4,4,95,155,156,82,0.438499277330083,108,19,11.237535463253126,204,3,60,50,19,1,48,3,0.6480962326454963
1033,8,8,1216,1595,1362,897,0.7470728103154952,1150,56,6.763721667690693,2137,3,967,225,255,4,183,3,0.8484939344937309
115,18,18,209,355,189,200,0.412099893763079,271,18,6.466569570949915,570,5,152,134,89,18,119,5,0.3855316749855929
671,44,44,1060,1498,736,785,0.7317971927934442,1107,29,4.69042444153817,1948,3,754,511,262,28,352,2,0.6815949397928854
499,12,12,205,377,763,207,0.3450120883878135,304,24,5.12456174455431,511,4,204,136,82,2,99,4,0.7784901279616385
124,30,30,422,702,255,366,0.7470546183278328,516,30,4.445231559339025,890,4,310,217,156,74,205,3,0.813375420057504
194,36,36,1046,1641,227,943,0.4243963505160529,1350,44,6.00978486058489,2359,6,867,491,419,43,483,4,0.6092981472398851
114,17,17,228,370,148,200,0.4544579274119733,275,17,6.337072871514845,563,4,155,128,89,20,119,4,0.4544976708423306
29,7,7,20,48,35,25,0.479927307317108,35,9,4.624178097073086,102,3,17,22,15,3,18,3,0.5910843493885777
958,27,27,1083,1457,1312,799,0.6210576359649185,1045,48,7.373534492847992,1971,4,839,244,250,14,205,3,0.7446923099913496
125,17,17,217,356,189,197,0.4255120197548881,273,21,6.5143233584032165,562,4,158,129,85,18,114,4,0.4026272272718562
287,22,22,244,401,441,223,0.3156059252166498,313,17,5.1571143398419075,544,6,186,129,64,10,127,4,0.4696018453914862
54,8,8,105,177,310,78,0.6531710725679585,107,13,6.251746870163548,227,3,47,74,33,16,60,3,0.7544573965082888
56,12,12,85,121,92,90,0.464875363363213,103,23,7.454511080440851,185,4,64,40,20,4,38,4,0.4845268323673603
16,6,6,12,33,22,17,0.6201278475105654,24,5,3.99092608091125,81,2,10,15,7,2,13,2,0.6333907146354988
156,25,25,313,554,243,266,0.5663634077292271,399,18,5.431608454055426,771,5,267,174,132,9,131,4,0.7245986902633473
16,5,5,9,34,24,19,0.666666666666667,25,4,2.895094730704941,80,2,7,19,6,0,17,2,0.8238239700203623
113,16,16,274,516,130,241,0.5417598286951026,371,17,3.867326103976255,825,5,222,160,121,12,148,4,0.5455243848951864
32,12,12,17,41,147,21,0.734118993920124,30,9,5.308960218618428,90,3,12,21,11,0,17,3,0.5857778617114662
147,15,15,249,490,610,216,0.5957008983039179,317,16,4.986513335481376,638,2,169,203,111,52,148,2,0.7671236151679464
41,17,17,20,52,275,20,0.6252609087083935,31,4,2.067462437229191,85,2,16,22,17,0,14,2,0.9460602823140866
167,39,39,353,642,317,315,0.661284513470338,471,24,4.603858839777813,881,6,279,215,175,71,191,4,0.7065210836084889
734,66,66,681,1035,993,505,0.463361459346107,724,33,8.530870891163643,1426,6,480,286,223,49,244,3,0.4441773934619576
34,6,6,27,59,40,32,0.4352844242743481,44,11,4.611163043416898,116,2,21,27,19,1,22,2,0.6674289108958104
787,52,52,1701,2309,874,1216,0.5374298169743399,1657,24,4.316387761143355,2991,4,1203,698,329,47,454,3,0.4153838063592654
23,8,8,115,193,44,121,0.3781103890785642,149,18,6.284344750122614,271,3,65,88,46,1,84,3,0.6412064584616366
167,38,38,343,621,313,302,0.6628813169257527,455,22,4.890191395021452,867,6,277,204,164,55,177,4,0.6823794249038717
9,5,5,8,26,18,12,0.6149862252659449,18,3,3.0736694406519725,54,2,7,13,7,2,10,2,0.4198422458992663
67,14,14,1032,1472,87,904,0.8243779422439546,1217,26,5.486988011930838,1844,2,873,339,206,7,344,1,0.8686812433667094
88,10,10,106,189,207,108,0.4818333478861978,144,17,6.363013595358279,244,4,72,76,34,19,72,4,0.6505445303539594
1,1,1,9,28,1,16,0.9847498750304752,23,3,2.223668499553029,78,1,9,14,7,0,14,1,0.5419148943319058
36,9,9,142,248,133,123,0.4465193438194003,173,12,6.383277574963673,328,4,95,90,42,9,78,4,0.4702630962616476
53,15,15,1063,1456,91,892,0.9131104786904448,1156,41,6.266011506949965,1710,1,823,322,163,21,333,1,0.9479811223272694
57,12,12,288,459,173,260,0.535790924800751,349,21,4.328010594807973,562,4,176,146,55,20,173,4,0.4555656754344206
13,6,6,11,29,20,15,0.6258830768508074,20,4,4.222115282287362,73,2,10,14,7,4,10,2,0.51062036525516
87,22,22,467,722,196,391,0.8216730331520182,529,31,4.726886464818252,878,3,332,202,123,54,196,2,0.8684293223287342
142,9,9,218,353,257,171,0.4342219356932712,264,26,4.749914279172578,475,3,173,102,61,8,90,3,0.5398208118665018
324,14,14,273,484,413,259,0.457774146794096,353,24,8.712787843643666,587,4,174,203,60,34,179,4,0.4894447392891896
173,35,35,350,648,296,333,0.6755695358708675,488,23,3.7426062685334465,906,5,278,220,186,62,210,3,0.7215183416006973
1652,91,91,906,1772,2033,802,0.4569953661432357,1262,52,2.983449119214938,2556,7,746,523,392,9,515,4,0.6158807988625444
8,4,4,564,766,70,446,0.9823525830155974,556,35,5.333388003827128,851,1,380,172,52,9,176,1,0.986979632677964
416,47,47,920,1471,651,790,0.5210434983174712,1097,64,6.719785984695694,2016,6,646,454,325,58,451,4,0.5452085527866651
141,7,7,12,38,242,31,0.857142857142857,35,6,4.029128244725769,100,2,7,27,18,0,27,2,1.0
92,11,11,20,39,212,20,0.7562774913942379,28,10,5.8648649754894375,59,2,16,15,11,0,12,2,0.9780260546362548
74,14,14,231,393,200,206,0.4054029554869594,289,11,3.934095939826888,531,4,166,115,74,12,123,4,0.444176003681939
138,9,9,252,380,236,191,0.4410614024367797,291,26,4.71266345253958,504,3,195,98,57,10,95,3,0.4717151267525348
1,1,1,6,21,1,12,1.0,17,3,2.516300348301195,61,1,6,10,5,0,10,1,0.6981865626015402
17,4,4,25,53,19,34,0.4769316805041969,42,14,7.853116165685954,97,3,18,24,11,0,23,3,0.6555956566367355
135,17,17,251,407,174,239,0.3295842163111872,336,37,6.143014612285681,578,6,206,126,108,8,129,6,0.3677702586415182
85,12,12,226,382,244,203,0.3807869425704983,289,16,3.87436118113976,524,4,173,112,67,10,116,4,0.4044732800430241
104,7,7,98,214,292,93,0.4438971420705636,144,22,9.178656333312842,301,4,85,83,52,1,59,4,0.7931618559884266
130,9,9,101,188,156,124,0.4274597334697931,163,19,5.889181074137423,259,4,89,71,34,18,74,4,0.6293230651997996
19,7,7,1033,1393,45,874,1.0,1127,29,5.7354606743593335,1588,1,836,279,113,3,290,1,0.9945448735638928
618,14,14,162,285,1349,152,0.4368421367498884,219,26,4.386545162928715,731,3,133,85,76,2,85,3,0.9029016630422824
1652,67,67,1146,1646,2679,790,0.4424604211172828,1109,53,9.160450541415962,2410,5,796,353,406,16,313,3,0.606483191973159
619,66,66,881,1296,951,672,0.3714315082719958,925,51,8.852510662611797,1768,6,585,360,286,59,339,4,0.5632938279770641
16,6,6,12,32,22,16,0.610376470896597,23,5,4.072837644468584,80,2,10,15,7,2,13,2,0.5989796067765911
31,5,5,28,62,35,34,0.5275967543261979,46,11,4.525505085362767,118,2,22,28,19,1,24,2,0.6727336194307107
16,7,7,971,1310,46,817,1.0,1050,30,5.690342599266698,1489,1,775,264,104,3,275,1,0.9952785655373384
100,16,16,256,401,99,202,0.5052358851183609,284,13,5.421510445026971,541,4,164,115,84,20,120,4,0.5578856757578781
549,47,47,815,1115,773,662,0.5613758088975892,849,44,11.403206131285383,1468,5,548,318,200,21,301,3,0.6358088751572661
236,24,24,956,1259,240,825,0.7649307914930836,1004,74,12.784999467679391,1570,3,607,394,216,29,396,3,0.791045937766002
894,67,67,937,1503,1564,757,0.3813904347658365,1102,28,7.676094143272096,2129,7,715,408,313,27,386,4,0.4834696851245778
1015,69,69,1400,1983,1124,1029,0.4336386171495699,1461,35,6.166955797212508,2665,5,1014,699,382,25,446,3,0.4006175671476639
130,9,9,101,188,155,124,0.415797151767882,164,19,5.918551128789671,258,4,88,72,34,19,75,4,0.6188445192989719
789,11,11,964,1276,1036,714,0.6606466761462847,925,48,7.15838107119288,1735,3,764,190,206,2,161,3,0.7730718110437278
88,9,9,119,216,145,123,0.4198064865550486,169,16,6.151977108134924,289,5,91,80,37,15,77,5,0.5376336461554654
102,25,25,448,714,220,381,0.7911197451882702,523,31,4.6115599270757235,883,4,323,208,136,62,200,2,0.8458869280205166
77,14,14,239,398,175,206,0.4310723919515627,289,11,4.130894574234155,531,4,166,113,75,14,122,4,0.4784710432098782
1673,96,96,1170,2056,2003,970,0.4593290065384854,1476,50,3.5208153479308795,2903,7,918,651,439,14,557,4,0.551311177961032
79,16,16,1029,1487,97,908,0.7818231969556783,1235,25,5.424666701099629,1902,3,879,353,228,7,356,2,0.8382177767387838
20,7,7,13,33,42,17,0.6267780318938582,24,6,4.948882149614097,83,3,11,16,8,3,12,3,0.4552679114667091
1,1,1,42,81,2,49,0.992803255685122,64,9,3.4519284566127673,129,1,28,37,17,1,36,1,0.715198863433449
21,4,4,545,750,79,437,0.9656081065164692,549,33,5.136971105708435,855,1,372,172,59,4,176,1,0.9625860465692778
88,6,6,1493,1902,161,1022,0.6569614679279006,1301,8,3.288671550479364,2365,2,1016,376,111,60,284,2,0.5219274116519593
56,12,12,88,124,95,93,0.4698930876551738,105,24,7.575562718608618,188,4,66,40,20,4,39,4,0.4846755239445839
53,11,11,88,126,116,90,0.4670976698457308,105,24,8.621411872988887,187,4,66,40,20,3,39,4,0.528322809422077
108,7,7,106,173,174,112,0.6462802507830083,135,16,6.266436284726341,253,2,89,55,32,0,45,2,0.8063132009970334
129,14,14,229,364,204,195,0.4321444170546739,279,23,5.882120719307735,541,4,171,118,75,15,107,4,0.4266401339586964
1735,97,97,1035,1947,2104,894,0.4625464889759257,1389,52,3.164081714271515,2792,7,836,595,427,10,552,4,0.5932292731787945
248,13,13,260,505,525,244,0.5508384124883168,345,21,7.0992728288550095,634,3,170,225,94,53,175,3,0.6124123117056575
69,8,8,447,660,117,361,0.7474817222503651,476,27,5.350324273229578,782,2,328,170,83,3,148,2,0.91640682013055
20,17,17,17,46,224,18,0.6172340975590563,28,5,2.900141851812291,72,3,14,21,15,0,14,3,0.852143432469572
114,21,21,1020,1533,128,922,0.6530058495329509,1291,23,5.236014039808874,2076,4,898,395,295,10,393,2,0.7460019042731754
436,37,37,449,740,431,351,0.6172296325219156,518,31,6.846890449577266,981,5,342,232,164,41,176,3,0.5502139287301504
26,5,5,25,55,29,32,0.4560107072819848,42,13,6.510687050594006,105,3,19,25,15,1,22,3,0.6591419277660333
173,35,35,350,649,297,333,0.6750183536193479,488,23,3.7545309981196704,906,5,278,221,186,63,210,3,0.722377427204563
8,3,3,563,763,65,446,0.986576589697172,555,35,5.297337877855849,851,1,380,170,50,4,175,1,0.9853970573562056
74,13,13,297,488,129,251,0.574262079928232,357,22,4.460939683418786,632,4,189,155,67,18,168,4,0.4758007176613816
21,4,4,1280,1652,74,898,0.5775856942176757,1160,25,3.463743641034947,2049,2,913,306,113,47,247,2,0.6550328366301357
101,6,6,103,169,156,105,0.5760976905030307,128,16,7.071327185839369,240,2,80,55,28,0,47,2,0.7299834287468315
252,21,21,251,421,440,236,0.3324259006370678,327,18,5.543300257210615,556,5,183,148,60,16,143,4,0.492859797448933
328,22,22,243,396,437,217,0.3245833815245689,308,18,5.415304448649746,540,6,187,124,66,8,120,4,0.4504454341408442
9,2,2,0,30,29,20,0.7209781423604769,22,1,0.576915446814665,65,1,0,28,4,0,21,1,0.914548705087712
51,6,6,949,1277,156,705,0.445373511285817,947,53,4.222697831567191,1606,2,749,204,142,24,197,2,0.8592131886619392
689,60,60,623,966,822,465,0.5717424554264818,674,36,8.25059318352583,1313,6,443,280,208,57,231,3,0.4121329762497662
53,6,6,922,1247,163,690,0.4348836453670532,930,55,4.282914125713627,1571,2,736,195,144,23,193,2,0.875413091489075
1392,37,37,1242,1695,2069,889,0.6280921805646587,1181,56,8.192463237955517,2377,4,932,294,340,8,249,3,0.7529602172408659
131,9,9,250,380,232,192,0.4392264496482101,290,26,4.641206686826772,504,3,194,99,57,10,96,3,0.4657056004185417
23,4,4,1250,1618,82,881,0.5655890899704477,1141,27,3.532609254352013,2009,2,898,297,116,45,243,2,0.6735596533278653
22,7,7,112,185,36,114,0.4882162284769023,142,16,6.532129943569694,260,3,65,79,41,5,77,3,0.640665831966477
450,41,41,441,700,441,336,0.6071530621104674,495,36,8.05100910274226,968,5,321,209,149,43,174,3,0.4351572238048295
125,24,24,289,526,194,237,0.5694615080775575,371,18,4.970180013357183,809,6,238,160,118,17,132,4,0.5560494144400858
240,13,13,258,505,534,242,0.5545616789315935,344,21,6.90290796892293,636,3,170,225,96,54,174,3,0.6215023747470791
758,43,43,727,1315,1136,677,0.541918494712776,997,26,4.444877985437684,1901,6,602,402,272,5,394,4,0.3699132837908846
1112,64,64,709,1363,1363,636,0.4396862941219703,980,44,3.442177865589773,1951,6,575,412,298,8,404,4,0.5965382125998301
1377,88,88,1811,2575,1523,1333,0.44401484900883,1892,38,5.218750043211495,3432,6,1313,919,497,34,578,4,0.3517948399577649
1244,81,81,1695,2394,1371,1243,0.4399551355212293,1761,37,5.600483534417367,3192,5,1226,854,460,32,534,3,0.3611190494995185
226,28,28,311,481,250,240,0.4693730852395861,355,31,8.271813584807914,725,5,230,130,98,13,124,3,0.5179121872294185
334,12,12,281,501,409,261,0.5054758921743552,356,26,9.577720796396294,592,3,171,214,59,38,185,3,0.5170102075798677
19,18,18,17,47,235,18,0.6012246108307999,28,4,2.570210895163832,69,3,14,21,16,0,13,3,0.8886269834045304
167,36,36,322,573,303,275,0.6665185217426707,416,18,5.54240074842753,836,6,272,179,139,19,144,4,0.6273894654125701
9,4,4,25,52,11,35,0.4932540742317194,42,14,8.900469763201992,91,3,18,24,8,0,23,3,0.6528288812567311
34,8,8,100,155,48,99,0.6016424150597659,121,16,7.190195935950186,221,3,66,55,26,9,55,3,0.5821460084894524
38,5,5,328,475,41,258,0.9620327208212112,358,20,4.197741879384268,554,1,219,121,47,19,139,1,0.9857177086067752
378,12,12,221,428,670,218,0.4183935014116694,320,21,5.000678398147225,541,4,200,170,97,22,120,4,0.7521686876621619
367,13,13,931,1172,389,803,0.84856878627977,953,62,13.228747035347514,1450,3,630,328,165,0,323,3,0.8200023959015211
0,1,1,0,11,1,9,0.992242688088058,10,1,0.9791777417100506,44,1,0,10,3,0,10,1,0.99831362784523
21,6,6,12,34,37,18,0.6914042023214755,26,6,4.168963320060597,87,2,10,16,7,0,16,2,0.7304611869437323
7,4,4,6,23,15,10,0.6398233547834858,16,2,2.31737884684286,41,2,5,12,6,1,10,2,0.3960665321730733
9,2,2,0,31,30,21,0.7060549425405523,22,1,0.2109895826088504,66,1,0,30,4,0,22,1,0.936098900552294
87,15,15,226,393,222,221,0.3398135523065227,306,20,4.458149469964596,552,5,178,122,86,9,128,5,0.3680047889729154
328,18,18,233,401,534,225,0.3151031058904383,319,19,4.981314459915165,524,5,196,138,69,8,123,4,0.5929886891078109
119,18,18,254,481,141,205,0.4991514042540425,331,14,3.8630935200126864,744,5,208,150,112,6,123,4,0.4676118470919004
