COMM,ADEV,Added_lines,CountClassCoupled,CountLineCodeExe,MAJOR_COMMIT,Del_lines,CountLine,DDEV,OWN_LINE,CountSemicolon,CountLineCode,CountLineBlank,CountLineCodeDecl,CountStmt,RatioCommentToCode,AvgLine,CountStmtDecl,CountStmtExe,CountOutput_Mean
1,1,5,11,152,1,0,336,1,0.94047619047619,132,198,40,76,151,0.49,22,71,80,5.07692307692308
2,2,17,11,175,1,327,320,1,0.9409087583229676,173,244,43,84,191,0.1306666666666667,23,76,114,7.376719576719579
5,5,114,12,343,4,70,827,4,0.9015745656370648,281,527,71,172,403,0.5157142857142856,30,161,241,5.7960526315789505
6,6,322,10,441,2,185,806,2,0.6964405704046585,324,670,103,171,451,0.07,17,146,304,5.672213622291023
1,1,5,4,35,1,0,116,1,0.9310659186535768,42,76,21,39,53,0.2475,4,33,19,3.3874999999999993
6,6,58,12,167,4,16,346,4,0.760115606936416,172,230,37,48,198,0.3399999999999999,137,43,155,7.5
1,1,2017,22,4394,1,866,9624,1,0.7633136094674555,3382,7699,1243,1863,5216,0.0763157894736842,7,1619,3597,2.9141531639412475
0,0,0,5,18,0,0,76,0,0.993548387096774,24,38,9,25,29,0.7606666666666664,20,21,8,8.233333333333333
0,0,0,7,599,0,0,1258,0,0.5035856573705181,444,1152,86,354,690,0.0199999999999999,6,226,464,3.3291139240506302
2,2,284,7,846,1,195,1673,1,0.7753229268850442,675,1478,130,381,990,0.0717391304347826,10,303,686,4.0526149968494
15,15,271,19,209,6,135,557,6,0.2944344703770199,171,345,79,107,242,0.4,19,87,155,6.30434782608696
1,1,41,9,123,1,9,274,1,0.9425473574045006,122,204,23,84,153,0.2265384615384615,17,76,76,6.084188034188033
1,1,5,4,37,1,0,109,1,0.9082568807339448,40,60,18,27,46,0.5199999999999999,17,22,24,7.75
1,1,4,0,1,1,0,32,1,0.8824286824286819,4,8,2,5,5,2.470769230769231,2,4,1,1.4188034188034175
1,1,2,1,6,1,0,48,1,1.0,10,21,7,11,15,0.9499999999999996,3,10,5,2.0
0,0,0,2,21,0,0,136,0,0.8925538525269257,37,89,21,53,57,0.2885714285714287,3,39,17,1.4841269841269806
1,1,5,5,42,1,0,124,1,0.935483870967742,44,84,21,43,55,0.23,4,36,19,4.0
3,3,516,16,102,2,1,262,2,0.9961832061068698,128,206,32,94,168,0.12,8,90,78,4.473684210526321
3,3,366,2,56,2,4,180,2,1.0,60,111,28,46,81,0.3899999999999999,7,43,38,2.358333333333332
1,1,4,2,4,1,1,102,1,0.9175857377690524,13,22,11,16,16,3.647794117647057,7,14,2,1.5412815126050414
0,0,1,6,39,0,0,183,0,0.991969009826152,49,84,11,41,64,1.032142857142857,16,36,28,3.6047619047619026
1,1,693,3,219,1,0,693,1,1.0,212,383,71,126,295,0.6199999999999998,9,120,175,3.039999999999999
2,2,20,12,277,1,403,551,1,0.9624631977989992,229,418,59,119,305,0.2126315789473683,26,107,198,8.353383458646615
7,7,341,22,907,3,56,1678,3,0.625957302910957,627,1276,157,446,814,0.2096551724137931,34,265,548,7.601346261769657
5,5,378,15,194,1,13,364,1,0.9643835616438357,187,289,28,104,250,0.1699999999999999,17,111,139,6.3125
6,6,100,5,543,4,17,1655,4,0.6090634441087611,468,894,148,287,672,0.6899999999999997,14,275,397,2.424242424242419
4,4,12,1,38,3,9,113,3,0.903508771929825,30,61,7,19,44,0.75,17,19,25,3.0
5,5,67,19,307,2,11,612,2,0.7308759830639401,268,437,69,138,330,0.2432558139534885,22,129,200,8.364569083447341
3,3,74,6,50,2,24,210,2,0.8669628871911258,53,112,29,45,74,0.624285714285714,7,37,36,2.308270676691729
0,0,2,1,2,0,0,46,0,0.7498897279322356,5,13,5,8,8,2.496874999999999,5,6,1,1.6493055555555576
8,8,1601,7,290,3,507,546,3,1.0,185,397,63,98,240,0.23,35,74,166,5.9375
9,9,116,7,209,4,27,670,4,0.5264957236354348,190,356,50,112,268,0.7499999999999997,10,109,159,4.034138655462178
4,4,606,3,348,2,220,702,2,0.3632478632478629,272,576,94,134,404,0.08,9,118,286,3.05263157894737
1,1,142,3,145,1,61,385,1,0.874031007751938,127,294,61,93,201,0.11,6,84,117,2.261913229018493
1,1,4,3,12,1,0,58,1,0.8934751842130182,17,29,7,18,21,0.7624175824175818,9,14,6,5.323260073260071
1,1,65,17,348,1,32,725,1,1.0,279,565,68,153,382,0.1771428571428571,11,124,257,4.96047379098227
4,4,51,9,272,2,46,1012,2,0.6961323698396933,221,462,79,160,315,1.0676470588235292,19,130,184,5.003389915381091
1,1,5,4,45,1,0,104,1,0.980769230769231,51,75,12,50,58,0.23,9,40,18,5.166666666666671
1,1,5,0,4,1,0,49,1,0.8682711807509651,7,14,4,8,10,2.1038461538461517,5,7,3,1.3290598290598297
1,1,166,0,34,1,0,166,1,1.0,38,70,20,29,55,1.09,10,30,25,2.27272727272727
1,1,93,3,30,1,0,90,1,1.0,38,58,11,38,45,0.3361538461538459,11,31,13,4.184615384615387
1,1,0,5,62,1,164,164,1,1.0,50,116,12,45,74,0.31,13,36,38,6.0
3,3,16,2,21,2,2,94,2,0.6004407590019425,26,54,14,25,39,0.4913333333333331,4,23,16,2.3333333333333295
2,2,37,5,159,0,35,307,0,0.7339897039897041,165,225,40,56,198,0.164,81,59,139,20.000000000000018
2,2,14,3,54,2,9,136,2,0.7352941176470592,55,88,18,35,71,0.3399999999999999,26,35,36,6.5
2,2,327,0,0,1,63,264,1,1.0,1,1,16,1,1,247.0,0,1,0,0.0
1,1,177,4,433,0,61,885,0,0.8112204895896856,348,747,84,185,511,0.0861538461538461,7,156,354,3.3429217840982557
0,0,0,5,703,0,0,1425,0,0.5137034434293747,550,1297,96,401,821,0.02,6,282,539,3.25
3,3,67,3,91,1,3,227,1,0.709251101321586,76,155,19,50,107,0.3399999999999999,20,48,59,7.0
8,8,532,1,0,3,169,160,3,1.0,20,30,15,28,22,3.8299999999999983,7,22,0,0.7692307692307687
7,7,680,6,117,3,71,305,3,1.0,104,190,44,72,130,0.37,19,64,66,5.444444444444442
4,4,154,24,433,2,6,789,2,0.7885540916700343,429,561,101,156,493,0.2266666666666667,45,154,338,15.041666666666666
2,2,10,1,54,2,0,179,2,0.5195530726256979,60,129,27,54,85,0.19,4,36,49,2.33333333333333
6,6,1182,6,162,2,418,372,2,1.0,135,258,38,109,178,0.2936000000000001,22,96,82,6.939393939393932
1,1,10,1,15,1,1,110,1,0.8891417468492566,18,38,10,17,27,1.631086956521738,8,15,11,2.725879917184265
1,1,2,3,225,1,0,401,1,1.0,165,338,31,72,238,0.0899999999999999,12,66,172,3.34615384615385
3,3,8,5,44,1,6,211,1,0.6213389879657821,52,103,21,58,73,0.8504545454545455,12,44,28,3.0
1,1,7,6,65,1,0,172,1,0.887179658731527,63,119,14,47,88,0.3476923076923077,14,44,43,5.307692307692306
1,1,3,1,0,1,0,69,1,0.9128417564208778,8,9,7,9,9,5.2620000000000005,6,9,0,0.69
1,1,1,14,85,1,0,275,1,1.0,89,155,19,67,122,0.65,13,55,67,5.06666666666667
0,0,0,0,0,0,0,337,0,0.9440685383757306,1,1,21,1,1,315.0769230769231,0,1,0,0.0
5,5,184,18,71,3,49,224,3,0.5625,84,137,22,89,94,0.47,21,68,26,8.42857142857143
2,2,5,10,164,1,346,346,1,0.9682080924855488,164,251,45,98,204,0.1999999999999999,17,96,108,6.214285714285709
0,0,0,0,0,0,0,169,0,0.6406209021767636,1,1,16,1,1,151.99999999999997,0,1,0,0.0
2,2,52,0,0,2,0,47,2,0.9787234042553192,5,7,5,6,6,5.0,6,6,0,0.6666666666666671
2,2,12,33,364,1,0,672,1,0.9955357142857136,345,553,94,264,399,0.0499999999999999,14,184,215,5.756756756756759
0,0,0,26,509,0,0,1255,0,0.9581913339824734,480,934,146,366,666,0.1838461538461538,9,328,338,3.7240157296734337
2,2,10,2,16,1,1,93,1,0.7439895718906833,20,45,12,22,30,0.809189189189189,4,18,12,2.121921921921921
0,0,0,0,0,0,0,186,0,0.8978494623655915,1,1,21,1,1,164.0,0,1,0,0.0
2,2,7,3,60,1,2,151,1,0.403973509933775,63,102,16,51,79,0.32,23,50,29,10.25
4,4,1226,5,149,2,123,339,2,1.0,146,252,58,92,191,0.12,10,88,103,3.9130434782608696
0,0,0,2,5,0,0,41,0,1.0,8,17,5,8,12,1.0958333333333334,4,7,5,4.749999999999999
2,2,43,0,3,2,0,40,2,1.0,5,11,4,6,8,2.2699999999999996,5,6,2,1.0
6,6,205,18,318,3,142,560,3,0.7458735351360302,322,441,63,167,367,0.1389473684210526,16,147,220,8.227446393762182
1,1,7,9,159,1,1,312,1,0.7544033122503663,165,235,38,94,192,0.1639393939393939,17,84,108,6.158126721763083
5,5,134,7,226,2,59,570,2,0.7164801768222124,190,356,71,121,246,0.4028124999999999,16,100,146,4.650238472754709
3,3,629,8,121,2,2,313,2,0.996810919343814,110,209,44,73,151,0.2784210526315788,12,68,83,5.03792569659443
3,3,342,11,260,2,301,462,2,0.9588744588744584,261,298,82,70,276,0.3199999999999999,57,68,208,16.1428571428571
1,1,2,1,16,1,0,142,1,1.0,24,55,17,30,36,1.2699999999999998,6,24,12,1.72727272727273
2,2,873,15,293,1,111,806,1,1.0,279,487,95,204,353,0.4699999999999998,15,178,175,5.11111111111111
2,2,174,9,203,2,5,787,2,0.780177890724269,204,424,73,157,293,0.6799999999999999,8,122,171,2.5714285714285694
4,4,252,5,34,1,113,114,1,1.0,41,72,14,29,53,0.385,9,23,30,4.857142857142861
2,2,326,11,334,2,18,624,2,0.7163461538461539,185,554,41,106,366,0.05,15,112,254,5.0
3,3,101,23,348,3,5,611,3,0.9869067103109662,352,471,102,244,388,0.0799999999999999,21,218,170,11.6363636363636
1,1,253,10,90,1,0,253,1,1.0,82,163,39,54,122,0.31,9,53,69,3.82352941176471
2,2,3,7,79,2,1,277,2,1.0,80,160,47,67,106,0.4400000000000001,11,50,56,4.066666666666668
2,2,18,7,73,2,2,196,2,0.6658174033648919,65,122,18,42,87,0.5042857142857141,26,37,49,10.928571428571429
2,2,4,4,82,1,0,300,1,0.4003659305993692,76,164,27,54,114,0.666,10,48,65,3.187631578947367
7,7,102,21,261,3,77,581,3,0.825970469571771,224,448,57,168,312,0.1977777777777778,15,139,172,5.654255319148935
4,4,524,33,205,2,0,376,2,0.6303191489361698,151,291,41,226,153,0.3199999999999999,82,121,32,15.0
9,9,590,14,67,3,217,196,3,0.9487179487179492,71,134,20,73,89,0.31,15,59,30,6.875
1,1,4,1,84,1,0,298,1,0.5637583892617447,80,136,56,46,106,0.8000000000000002,22,44,62,4.333333333333329
1,1,3,1,44,1,0,144,1,1.0,40,106,18,38,66,0.1899999999999999,5,25,41,2.57142857142857
2,2,12,11,65,2,0,179,2,0.8324022346368709,65,127,12,48,91,0.31,14,41,50,5.5
3,3,29,10,54,1,18,143,1,0.6346813666296348,62,88,15,42,79,0.4058333333333331,52,42,37,24.666666666666664
0,0,0,0,48,0,0,197,0,0.9795918367346936,41,83,25,22,66,1.0676190476190477,14,23,43,2.200680272108843
3,3,6,3,54,2,3,153,2,0.9934640522875818,61,91,10,38,80,0.57,13,39,41,6.285714285714289
2,2,3,6,41,1,1,109,1,0.899082568807339,40,73,13,37,50,0.3199999999999999,14,32,18,8.75
1,1,2,5,34,1,0,159,1,0.9937106918238992,40,79,18,37,58,0.7799999999999999,7,33,25,4.090909090909092
3,3,205,1,22,2,5,98,2,0.9046563840057472,21,45,11,25,27,0.9308888888888892,10,19,8,4.889999999999998
1,1,5,1,25,1,0,104,1,0.685714285714286,30,59,11,26,44,0.58,7,22,22,2.375
8,8,284,19,208,2,86,441,2,0.5079365079365079,221,319,52,130,268,0.22,27,129,139,7.799999999999998
2,2,77,3,75,2,8,240,2,0.6938246248793517,70,125,24,52,100,0.7291666666666666,17,54,46,4.5435606060606055
3,3,17,11,140,3,14,431,3,0.6261616123710239,124,260,42,96,180,0.5016666666666666,12,88,92,4.264953797610998
4,4,28,18,187,2,10,416,2,0.7596904772336702,164,307,47,110,216,0.2152173913043477,16,101,114,6.660654193027323
1,1,5,6,29,1,0,142,1,0.929577464788732,47,86,22,53,62,0.4,6,45,17,3.44444444444444
9,9,27,15,287,3,13,543,3,0.9060773480662978,208,439,75,158,270,0.07,21,134,136,7.10526315789474
1,1,216,2,75,1,0,216,1,1.0,77,142,31,49,108,0.3199999999999999,8,45,63,3.3333333333333295
7,7,207,15,372,5,83,584,5,0.48458904109589,241,461,55,181,265,0.2400000000000001,23,138,127,9.150000000000002
9,9,590,14,67,3,217,196,3,0.948717948717949,71,134,20,73,89,0.3099999999999999,15,59,30,6.875
6,6,19,9,64,4,12,144,4,0.4027777777777779,56,103,17,37,71,0.27,17,33,38,7.200000000000001
1,1,5,19,212,1,2,351,1,0.8831908831908835,226,280,38,100,246,0.1234374999999999,31,88,157,12.84821428571428
1,1,2,16,221,1,0,413,1,0.924939467312349,197,338,34,93,271,0.12,20,104,167,9.0
3,3,17,13,73,2,2,190,2,0.926701570680628,78,120,10,52,94,0.5,20,47,47,7.1666666666666705
2,2,186,1,48,2,6,183,2,1.0,47,118,23,47,74,0.3599999999999999,6,34,40,2.0
1,1,5,2,18,1,0,81,1,0.938271604938272,30,44,14,21,39,0.5499999999999999,10,20,19,3.0
1,1,0,25,196,1,511,511,1,1.0,159,325,50,130,225,0.4183333333333332,25,111,114,8.18333333333333
1,1,5,4,83,1,0,172,1,0.7441860465116282,88,111,28,41,102,0.3199999999999999,25,40,62,8.799999999999999
1,1,0,2,40,1,116,116,1,1.0,37,76,11,28,52,0.3771428571428572,8,25,27,3.2209183673469397
2,2,135,4,40,1,0,127,1,1.0,42,84,24,43,55,0.27,6,34,21,2.27272727272727
6,6,47,4,144,3,8,463,3,0.6933045356371488,137,250,33,83,192,0.7200000000000001,12,81,111,3.6785714285714297
8,8,50,10,122,4,41,376,4,0.2898936170212769,98,224,48,76,145,0.46,12,58,87,4.454545454545451
1,1,11,10,75,1,0,172,1,0.915143752787365,83,126,23,61,94,0.1797777777777777,10,49,44,6.093333333333337
0,0,0,3,254,0,0,571,0,0.6479859894921187,212,504,48,170,318,0.0399999999999999,5,119,199,2.7721518987341804
4,4,28,12,186,2,14,565,2,0.4875530776334038,152,339,52,114,227,0.5245454545454544,12,98,129,4.504538063562455
5,5,903,2,119,2,350,280,2,1.0,117,191,34,77,146,0.30175,19,71,75,5.173333333333335
1,1,0,9,176,1,482,482,1,1.0,121,331,54,105,224,0.29,14,94,130,4.333333333333329
1,1,4,0,2,0,0,40,0,0.8879764072564628,4,10,4,5,7,2.6430434782608705,4,5,2,1.592132505175983
1,1,88,1,13,1,0,88,1,1.0,14,38,11,17,23,1.0299999999999996,6,12,11,2.8571428571428603
2,2,3,20,139,2,1,336,2,1.0,93,211,35,45,160,0.4299999999999999,22,58,102,11.615384615384604
1,1,3,4,17,1,0,102,1,0.9810924369747906,29,49,14,31,35,0.7825000000000001,8,25,10,3.628571428571429
2,2,330,3,216,2,168,497,2,0.4627766599597588,181,392,72,109,273,0.1,7,97,176,2.733333333333329
2,2,15,19,17,2,6,272,2,0.6617647058823531,41,206,46,159,84,0.1,3,67,17,0.4047619047619049
2,2,2,3,7,1,78,75,1,0.9844206426484906,10,23,4,11,15,2.3599999999999985,12,10,5,2.9230769230769234
17,17,256,18,272,6,90,785,6,0.754140127388535,238,480,92,182,337,0.45,11,166,171,4.319148936170208
0,0,0,11,97,0,0,273,0,0.6290769230769232,102,151,30,62,119,0.6023076923076927,15,46,73,4.651310228233306
1,1,35,1,0,1,0,35,1,1.0,2,8,3,5,4,2.902307692307693,3,4,0,0.0769230769230769
1,1,4,4,1,1,0,67,1,0.9532085561497322,8,14,6,11,9,3.439090909090909,12,9,0,0.6818181818181819
1,1,47,0,0,1,0,45,1,0.9986273164035688,4,6,4,5,5,5.3474193548387134,5,5,0,0.7849462365591398
8,8,23,24,305,3,11,626,3,0.8226837060702878,294,433,45,218,341,0.34,26,191,150,11.5
1,1,5,4,29,1,0,86,1,0.9651162790697668,31,52,7,39,35,0.5199999999999998,14,26,9,7.3333333333333295
0,0,3,2,12,0,0,133,0,0.8612114418566035,17,48,14,26,29,1.4595238095238094,7,18,10,1.2484330484330466
2,2,5,2,16,1,1,79,1,0.9797130973601564,27,41,8,26,31,0.7082352941176469,9,21,10,4.313725490196078
2,2,21,6,61,1,2,161,1,0.5497298175760779,64,98,23,44,75,0.425,46,41,34,18.78125
1,1,4,5,10,1,0,148,1,0.9864864864864868,19,49,14,30,29,1.7300000000000002,10,20,9,1.4444444444444395
2,2,304,7,94,2,3,300,2,0.9788135593220342,93,187,34,86,127,0.4387500000000002,9,70,56,3.5614035087719293
8,8,92,7,43,2,289,202,2,0.8222089985486213,50,95,18,42,67,0.9230769230769232,12,36,31,4.043841575091572
3,3,27,2,5,2,0,138,2,0.5943961084650359,14,34,14,21,21,3.0824999999999996,7,16,5,0.9204545454545452
1,1,5,0,28,1,0,78,1,1.0,17,41,4,7,32,0.8,24,7,25,4.0
0,0,0,8,102,0,0,401,0,1.0,110,222,34,101,155,0.67,10,89,66,3.375
1,1,152,3,292,1,71,621,1,1.0,233,505,83,123,351,0.0899999999999999,8,112,238,3.0372520561199794
2,2,98,2,0,2,16,119,2,0.7357723577235767,17,20,15,19,19,4.1149999999999975,5,19,0,0.8846153846153846
5,5,78,10,75,4,39,257,4,0.7122475917656639,75,139,29,62,98,0.6372727272727271,14,51,47,4.223140495867766
1,1,4,1,5,1,0,76,1,0.5554633336588223,13,29,10,19,19,1.2078571428571427,3,15,4,1.336734693877552
2,2,45,4,225,2,0,398,2,0.8793969849246231,210,314,49,159,240,0.11,13,127,113,7.81818181818182
0,0,0,4,46,0,0,160,0,0.9292435170525536,55,98,18,47,71,0.4377777777777775,9,39,32,3.812169312169315
2,2,8,10,50,1,1,134,1,0.6180071136592875,57,85,24,40,69,0.2928571428571427,25,35,33,7.952380952380951
7,7,147,13,72,3,66,362,3,0.8093922651933699,94,214,60,115,133,0.41,5,82,51,2.5
2,2,49,11,103,2,1,395,2,0.8759493670886079,116,226,36,118,149,0.5899999999999999,14,76,73,3.842105263157889
5,5,55,3,17,2,40,263,2,0.6960167331914543,35,78,28,53,45,2.616363636363635,6,33,12,1.152755173215534
2,2,7,12,72,2,1,181,2,0.7902319902319903,77,120,22,53,91,0.3149999999999999,33,45,46,13.499999999999998
1,1,5,4,37,1,0,109,1,0.9082568807339448,40,60,18,27,46,0.52,17,22,24,7.75
0,0,0,0,0,0,0,35,0,0.9628571428571432,1,2,2,1,1,17.418249999999997,0,1,0,0.0
2,2,246,3,145,2,123,383,2,0.5062759453512828,128,291,60,94,199,0.1226315789473684,6,84,114,2.4383656509695317
3,3,8,7,34,1,3,120,1,0.9221052302470458,46,73,17,42,55,0.3953846153846153,10,34,20,5.179487179487185
5,5,184,15,89,3,131,194,3,0.7007640067911718,88,147,19,65,113,0.1912903225806451,30,60,52,14.238095238095228
2,2,12,13,118,2,0,250,2,0.9280000000000002,106,207,18,67,146,0.12,18,58,88,12.2222222222222
1,1,0,2,84,1,219,219,1,1.0,69,154,25,48,113,0.2439130434782608,9,48,65,2.523369565217392
3,3,83,2,27,2,3,77,2,0.9743589743589745,17,43,7,16,25,0.6299999999999999,18,12,13,5.5
3,3,20,10,96,2,0,317,2,0.523659305993691,86,168,28,58,116,0.7200000000000001,11,52,64,3.526315789473679
1,1,2,0,3,1,40,40,1,0.9145136411838428,5,11,4,6,8,2.065217391304349,4,6,2,1.5797101449275344
0,0,0,5,175,0,0,440,0,0.8998478113894908,167,286,28,120,220,0.463125,19,111,109,7.538143382352941
3,3,14,18,139,1,2,302,1,0.4701986754966888,127,193,31,67,146,0.4000000000000001,45,63,83,17.4
3,3,516,2,76,3,0,260,3,1.0,75,198,41,88,121,0.1099999999999999,4,63,58,2.3611111111111103
0,0,2,7,197,0,0,448,0,0.637996859402256,164,368,38,137,235,0.1199999999999999,11,102,133,4.8924053492364665
0,0,0,0,0,0,0,200,0,1.0,1,0,21,0,1,0.0,0,1,0,0.0
1,1,4,3,29,1,0,133,1,0.6268656716417907,28,65,13,24,45,0.8499999999999999,7,20,25,2.3000000000000003
1,1,2,2,57,1,0,237,1,0.9901129943502824,57,121,25,51,85,0.7643589743589747,8,46,38,2.811141636141635
0,0,2,5,25,0,0,89,0,0.9813282647584975,30,48,7,23,36,0.7522500000000003,24,20,16,7.033333333333333
4,4,11,10,135,2,4,259,2,0.9459459459459458,148,205,19,111,171,0.1699999999999999,15,100,71,6.538461538461541
7,7,680,6,117,3,71,305,3,1.0,104,190,44,72,130,0.37,19,64,66,5.44444444444444
5,5,346,2,33,3,112,116,3,1.0,37,57,18,19,44,0.7400000000000001,14,18,26,4.4
3,3,46,8,59,2,23,180,2,0.5342084942084943,53,103,16,37,70,0.58,17,32,38,5.55952380952381
1,1,108,4,31,1,0,108,1,1.0,32,60,10,27,44,0.6219999999999998,11,24,20,4.866666666666665
3,3,5,5,25,0,0,108,0,0.954773389609084,33,66,9,31,44,0.4913333333333335,5,22,21,3.2740740740740706
4,4,72,0,1,3,33,31,3,0.9528619528619526,3,7,2,6,6,2.741111111111111,1,6,0,0.611111111111111
2,2,52,0,3,2,0,49,2,1.0,6,16,6,8,10,1.6003124999999998,2,7,3,1.705357142857142
5,5,54,6,115,4,4,330,4,0.7939393939393937,74,218,27,63,143,0.3899999999999999,10,60,83,2.5416666666666705
2,2,6,7,96,1,2,483,1,0.9137152644587572,98,234,42,105,148,0.8958064516129031,10,76,71,2.9735230452457637
2,2,226,9,44,1,0,115,1,1.0,66,81,17,40,74,0.22,13,38,36,6.5
5,5,18,5,128,1,14,362,1,0.9778180349813584,121,269,54,112,177,0.1471428571428572,6,97,79,3.1067674817674793
1,1,4,1,84,1,0,298,1,0.563758389261745,80,136,56,46,106,0.8,22,44,62,4.33333333333333
10,10,382,17,69,4,38,171,4,0.7368421052631577,91,129,20,76,104,0.1699999999999999,28,69,35,14.666666666666693
1,1,4,0,14,1,0,110,1,0.981818181818182,18,39,11,17,28,1.54,7,16,12,1.5
2,2,18,2,51,1,4,202,1,0.5491456280788175,51,107,24,40,77,0.654375,7,34,43,2.9527020676691715
0,0,2,0,2,0,0,36,0,0.9880739415623137,6,9,3,9,7,2.4076744186046506,0,7,0,0.3488372093023255
1,1,5,2,19,1,0,73,1,0.8744413145539909,17,37,9,24,22,0.9326666666666668,19,14,7,6.933333333333334
3,3,48,9,169,2,2,277,2,0.8411552346570399,134,237,15,102,167,0.11,27,83,84,14.625
0,0,0,0,3,0,0,60,0,1.0,12,24,5,19,15,1.2759999999999998,16,12,2,3.0666666666666664
1,1,3,1,4,1,0,45,1,0.8374975485556265,7,15,3,8,10,1.82967741935484,8,7,2,3.1433691756272406
6,6,130,11,80,2,9,235,2,0.7787234042553189,74,147,17,50,103,0.4800000000000002,12,45,58,4.538461538461542
0,0,0,5,681,0,0,1393,0,0.501797268152408,534,1265,96,390,800,0.03,6,273,527,3.2241379310344787
1,1,2,13,122,1,0,353,1,0.9971671388101976,111,221,30,81,169,0.46,11,83,86,6.14285714285714
1,1,2,0,28,1,0,146,1,0.9953416149068324,28,63,10,27,40,1.1507142857142856,14,22,18,3.0009276437847836
1,1,0,6,10,1,84,84,1,1.0,17,37,10,20,24,1.0,5,16,8,1.3999999999999997
0,0,0,9,814,0,0,1621,0,0.5534941249226959,622,1488,101,432,934,0.0199999999999999,6,301,633,3.3214285714285694
1,1,5,2,17,1,0,71,1,0.859154929577465,19,35,9,15,24,0.8299999999999998,25,12,12,4.0
3,3,34,9,62,2,34,185,2,0.7027027027027031,53,107,19,36,68,0.5499999999999998,19,28,40,5.83333333333333
3,3,54,3,55,2,0,160,2,0.6977950165821237,53,105,19,38,81,0.3521739130434781,8,40,40,3.752204317421709
2,2,14,16,145,1,0,257,1,0.9883268482490272,149,200,39,98,179,0.09,50,97,82,23.25
1,1,3,0,5,1,0,42,1,1.0,12,18,4,13,14,1.11,7,12,2,3.0
6,6,276,10,93,2,42,229,2,0.9781659388646292,99,179,28,72,129,0.12,15,64,65,6.111111111111112
3,3,15,9,29,3,1,100,3,0.9379048300895128,40,54,16,28,42,0.5711764705882355,49,24,17,20.76470588235293
6,6,19,9,64,4,12,144,4,0.402777777777778,56,103,17,37,71,0.27,17,33,38,7.2
1,1,6,12,83,1,1,273,1,1.0,86,153,19,63,120,0.6483333333333334,12,52,67,4.761437908496735
1,1,4,5,89,1,0,236,1,0.5127118644067801,89,152,19,61,125,0.4299999999999999,18,64,61,5.888888888888889
1,1,4,2,20,1,0,105,1,0.981132075471698,21,61,15,30,38,0.5600000000000002,4,19,19,1.36363636363636
1,1,9,2,32,1,0,121,1,0.9225948093999896,31,71,18,29,47,0.4405882352941177,5,24,22,2.958823529411762
5,5,87,0,2,3,28,28,3,1.0,3,7,2,4,5,2.71,3,4,1,1.0
0,0,38,3,402,0,19,793,0,0.6163975155279502,319,708,59,216,466,0.0419999999999999,6,166,300,3.203021685033771
2,2,23,8,43,1,16,153,1,0.6609113222530114,48,81,13,38,61,0.7448387096774197,20,36,25,9.311827956989246
0,0,2,2,10,0,0,74,0,0.9097793505968844,12,27,7,15,18,1.43883495145631,8,12,5,3.233009708737864
2,2,11,11,135,1,5,332,1,0.8647031275881281,132,228,53,103,163,0.2265714285714286,12,80,83,5.06812030075188
8,8,143,5,17,1,65,107,1,0.8691588785046725,21,39,6,20,30,1.59,12,18,12,3.7999999999999985
2,2,146,18,60,1,0,146,1,1.0,70,96,18,50,78,0.33,44,44,34,22.5
2,2,14,2,27,1,0,112,1,0.7510037685402352,31,66,15,27,44,0.4606250000000001,4,24,20,2.370738636363636
5,5,84,26,333,3,17,595,3,0.4655462184873949,337,434,109,244,380,0.12,22,245,135,10.454545454545496
2,2,25,1,160,2,10,381,2,0.7375328083989499,145,261,46,78,193,0.2800000000000001,17,74,119,4.882352941176471
2,2,21,3,11,1,6,83,1,0.9813953488372094,14,32,7,15,21,1.368,9,13,7,2.3499999999999996
2,2,186,1,48,2,6,183,2,1.0,47,118,23,47,74,0.36,6,34,40,2.0
3,3,78,6,101,2,5,222,2,0.6576576576576582,105,151,26,80,120,0.2999999999999999,32,68,52,11.2
2,2,7,1,45,2,7,119,2,1.0,39,74,8,25,51,0.5,65,24,27,16.0
1,1,7,3,22,1,1,77,1,0.9114920162837326,29,45,11,23,34,0.4816923076923076,12,19,14,6.201538461538462
3,3,24,7,62,1,2,163,1,0.570552147239264,65,98,24,43,75,0.44,50,40,35,20.0
3,3,75,5,97,2,12,327,2,0.5963302752293579,92,192,31,60,133,0.54,9,51,82,2.5
1,1,4,5,79,1,0,185,1,0.9979831932773108,69,119,14,31,90,0.4317647058823529,18,31,59,5.477941176470593
1,1,0,0,4,1,45,45,1,1.0,7,18,5,10,12,1.5359090909090911,6,8,3,2.0909090909090913
2,2,170,4,304,1,83,648,1,1.0,247,529,85,128,369,0.0899999999999999,9,120,249,3.18867924528302
4,4,37,11,133,4,24,287,4,0.5121951219512197,120,196,48,72,142,0.22,43,64,78,13.199999999999992
1,1,12,2,22,1,10,106,1,0.8568734670901852,25,54,11,23,36,0.7355882352941175,4,17,18,1.9779411764705883
1,1,2,3,61,1,1,246,1,0.835188782805221,56,106,21,52,74,1.2586666666666668,13,43,31,3.072839506172842
1,1,5,7,67,1,0,181,1,0.955801104972376,75,124,25,62,97,0.2599999999999999,17,57,40,6.571428571428569
1,1,3,1,19,1,0,115,1,0.8691075514874141,22,54,15,24,37,0.8226315789473685,5,22,15,2.0874231032125756
0,0,1,0,41,0,0,149,0,0.8263428991905811,45,88,18,36,67,0.4733333333333336,6,28,38,2.833333333333334
2,2,6,17,100,1,0,250,1,0.952,109,155,34,63,125,0.39,24,52,73,7.285714285714289
1,1,2,1,14,1,0,81,1,1.0,20,36,7,19,27,1.0423076923076928,9,18,9,3.1282051282051286
1,1,4,1,28,1,0,97,1,0.8733089892861232,30,52,12,24,40,0.6327083333333334,12,21,18,4.562499999999998
4,4,10,2,114,3,6,247,3,0.9635627530364368,97,164,23,63,129,0.3699999999999999,49,62,67,13.5
1,1,4,2,5,1,0,77,1,0.6623376623376621,13,32,10,23,19,1.09,3,15,4,1.0
3,3,67,3,91,1,3,227,1,0.709251101321586,76,155,19,50,107,0.3399999999999999,20,48,59,7.0
2,2,7,10,83,2,177,176,2,0.960227272727273,99,134,16,67,113,0.19,23,68,45,10.571428571428598
2,2,77,2,19,2,0,72,2,0.9973009446693656,14,34,7,7,22,0.9342105263157894,17,10,12,2.144736842105263
1,1,2,0,4,1,1,46,1,0.9584195411172526,9,17,7,10,13,1.2784905660377353,4,9,4,2.3584905660377355
0,0,3,0,0,0,0,34,0,0.8787702416737626,2,4,2,4,3,6.229487179487183,4,3,0,0.5833333333333334
1,1,5,8,43,1,0,123,1,0.9465263550009312,56,86,17,42,67,0.2242857142857143,10,36,31,6.97142857142857
1,1,6,1,13,1,1,67,1,0.901779004677555,18,37,8,18,26,0.612037037037037,5,14,11,2.8847222222222233
2,2,410,2,86,2,0,205,2,1.0,77,140,35,64,97,0.2099999999999999,10,58,39,2.833333333333329
2,2,135,4,40,1,0,127,1,1.0,42,84,24,43,55,0.27,6,34,21,2.27272727272727
1,1,219,4,17,1,13,270,1,0.9858732876712332,39,77,30,59,45,2.271875000000001,9,35,9,1.091415229885058
1,1,5,0,1,0,0,33,0,0.8810410371044965,2,7,2,4,4,3.2926190476190484,3,3,1,1.0
7,7,108,14,157,2,68,330,2,0.7702153325098158,146,244,33,100,186,0.2166666666666667,9,95,90,5.589874686716793
7,7,96,15,196,2,69,489,2,0.6789366053169729,167,334,49,145,219,0.3199999999999999,22,106,113,7.5625
1,1,4,4,20,1,0,80,1,0.9170780913055672,29,50,9,33,34,0.408529411764706,11,24,9,6.225490196078431
0,0,0,6,38,0,0,161,0,1.0,45,84,13,40,63,0.76,20,34,29,4.799999999999999
0,0,0,6,17,0,0,62,0,0.951612903225806,21,33,6,20,24,0.6999999999999998,23,16,8,13.0
1,1,5,2,48,1,0,111,1,0.927927927927928,50,72,16,27,58,0.3199999999999999,33,21,37,9.5
3,3,22,21,87,3,4,265,3,0.7773584905660378,123,183,57,101,141,0.1499999999999999,10,82,59,5.153846153846148
2,2,2,1,1,1,78,76,1,0.407894736842105,11,19,6,18,12,2.6800000000000006,8,12,0,0.333333333333333
1,1,4,2,39,1,0,168,1,0.9778459441036128,46,84,18,49,61,0.7652777777777772,12,42,19,5.1180555555555545
1,1,5,13,47,1,0,177,1,0.5254237288135588,63,114,28,68,80,0.31,6,52,28,2.5
2,2,6,0,41,1,1,175,1,1.0,46,114,25,60,70,0.3199999999999999,3,41,29,2.22727272727273
1,1,4,1,0,1,0,29,1,0.9655172413793098,4,6,3,5,5,3.329999999999999,2,5,0,1.0
1,1,2,2,33,1,0,183,1,0.9508196721311468,43,113,36,46,77,0.2999999999999998,3,44,33,1.606060606060609
6,6,322,15,49,3,9,153,3,0.699346405228758,71,110,23,62,86,0.1799999999999999,7,53,33,4.55555555555556
3,3,323,6,29,2,0,126,2,1.0,36,71,13,32,53,0.59,6,30,23,3.0
2,2,6,13,78,1,3,321,1,0.9345794392523356,77,166,22,78,104,0.8000000000000002,13,52,52,4.3684210526315805
1,1,5,11,106,1,0,343,1,0.97667638483965,128,193,39,99,148,0.6,16,82,66,5.82352941176471
3,3,37,7,30,2,25,102,2,0.9150169000482856,37,62,13,45,43,0.4252631578947367,7,33,10,5.548245614035086
4,4,75,14,61,3,83,182,3,0.7142857142857139,64,107,8,41,84,0.63,28,42,42,10.0
1,1,4,6,28,1,1,131,1,0.8343835521928108,28,62,11,25,43,0.958813559322034,17,23,19,4.21920903954802
2,2,217,2,68,2,1,219,2,0.8172248200809703,61,130,25,47,92,0.5059574468085106,8,44,47,3.0186170212765955
1,1,4,0,4,1,0,52,1,0.8632075471698115,6,13,6,7,10,2.4774999999999996,6,7,3,1.0833333333333324
2,2,24,0,0,1,0,57,1,0.5616927899686519,7,8,5,8,8,5.1917241379310335,6,8,0,0.6666666666666672
0,0,0,8,33,0,0,89,0,1.0,47,54,14,31,52,0.3899999999999999,50,32,20,22.0
3,3,19,6,14,2,6,68,2,0.941251003273603,21,38,7,21,27,0.5979591836734695,8,17,9,5.712585034013604
5,5,21,20,89,2,11,216,2,0.9334059941307516,105,169,22,89,127,0.1602564102564102,12,75,51,7.973679098679096
0,0,2,1,5,0,0,38,0,0.9654631083202512,7,14,4,7,10,1.3538461538461537,4,7,3,2.5
1,1,233,2,61,1,1,231,1,1.0,57,110,23,46,80,0.927272727272727,16,41,39,3.2939393939393957
2,2,49,11,103,2,1,395,2,0.875949367088608,116,226,36,118,149,0.59,14,76,73,3.84210526315789
3,3,25,7,48,2,3,167,2,0.5688622754491022,36,95,16,37,51,0.5899999999999999,8,25,26,3.0909090909090917
1,1,2,2,0,1,0,145,1,0.815068493150685,19,20,3,20,20,6.099999999999998,7,20,0,1.0
1,1,4,2,10,1,0,56,1,0.91733908118153,15,27,7,15,20,0.7796296296296296,7,12,7,4.36278659611993
2,2,36,6,93,2,9,178,2,0.7808988764044941,81,137,22,42,92,0.14,9,33,59,6.0
1,1,3,6,58,1,1,129,1,0.945736434108527,67,88,14,46,78,0.31,28,46,32,9.666666666666671
4,4,28,4,74,2,4,257,2,0.802,70,148,24,52,104,0.5680769230769233,10,44,60,3.202548225768042
3,3,9,4,73,1,3,175,1,0.9885714285714292,53,123,15,27,81,0.2999999999999999,14,24,57,6.375
0,0,0,5,27,0,0,79,0,1.0,23,47,13,18,34,0.4300000000000001,9,16,18,5.75
5,5,22,12,24,3,5,159,3,0.8113207547169807,45,112,25,69,68,0.2,3,48,20,1.09090909090909
2,2,7,13,75,1,3,199,1,0.8838383838383838,75,138,30,73,85,0.22,16,56,29,8.28571428571429
2,2,9,11,76,2,3,225,2,0.9227008112650076,72,149,30,66,99,0.3129411764705881,8,57,41,3.5361014994233
1,1,4,7,40,1,0,180,1,0.994444444444444,46,87,12,40,65,0.93,19,35,30,4.33333333333333
3,3,124,15,31,1,21,103,1,1.0,51,65,10,47,55,0.43,16,42,13,10.6666666666667
2,2,16,1,8,2,2,73,2,1.0,12,25,12,15,17,1.4399999999999995,4,12,5,1.75
1,1,2,0,69,0,2,271,0,0.9704433497536946,68,132,27,45,97,0.8662068965517241,15,44,53,3.4965517241379307
2,2,82,0,59,2,1,196,2,0.5969387755102039,65,118,29,49,95,0.4199999999999999,4,50,45,2.79166666666667
1,1,0,3,7,1,41,41,1,1.0,12,16,4,8,14,1.3100000000000005,10,8,6,4.0
1,1,5,4,46,1,0,114,1,0.95358187134503,59,70,18,27,62,0.37,33,22,40,13.0
2,2,7,3,60,1,2,151,1,0.4039735099337749,63,102,16,51,79,0.32,23,50,29,10.25
2,2,34,10,65,2,13,197,2,0.5542859330115633,60,126,18,45,91,0.419642857142857,9,43,47,3.0446428571428545
1,1,5,6,29,1,0,142,1,0.929577464788732,47,86,22,53,62,0.3999999999999999,6,45,17,3.44444444444444
1,1,126,4,39,1,0,126,1,1.0,37,57,19,24,42,0.8799999999999999,28,21,21,8.0
0,0,1,1,42,0,0,148,0,0.9761589403973514,41,103,21,38,71,0.2259999999999999,4,33,37,1.928571428571428
3,3,38,14,55,1,30,186,1,0.575268817204301,68,114,22,66,80,0.44,15,56,24,5.11111111111111
2,2,3,12,49,2,149,148,2,0.97972972972973,72,111,15,67,84,0.1999999999999999,9,58,26,5.3333333333333295
1,1,5,7,109,1,0,235,1,0.548936170212766,128,161,44,59,145,0.19,23,58,87,6.42857142857143
1,1,5,4,36,1,0,89,1,0.966292134831461,39,63,9,33,44,0.27,11,26,18,6.75
1,1,3,7,41,1,0,119,1,0.753948746446663,42,77,9,36,52,0.433846153846154,15,30,21,5.730769230769231
1,1,104,3,146,1,40,385,1,1.0,127,294,61,93,201,0.11,6,84,117,2.27027027027027
6,6,315,9,52,2,18,150,2,0.9407316630355844,63,101,22,52,77,0.2675555555555556,10,46,31,4.91358024691358
6,6,253,4,12,3,61,84,3,0.9199829931972788,15,47,13,25,26,0.4877777777777778,3,16,9,1.5370370370370343
2,2,21,10,89,2,3,184,2,0.880434782608696,84,149,12,48,106,0.1499999999999999,28,39,67,17.5
1,1,5,0,0,1,0,53,1,0.7507835004997293,5,8,5,7,6,5.643529411764702,6,6,0,0.7294117647058823
1,1,3,0,7,1,0,68,1,0.9539170506912438,9,20,5,9,15,2.1142857142857143,6,9,5,1.6857142857142855
4,4,356,14,69,1,12,174,1,1.0,82,127,20,71,97,0.21,17,65,32,7.599999999999997
3,3,3,1,8,1,70,67,1,0.932121212121212,13,31,7,17,21,0.8736363636363637,4,14,6,1.6363636363636374
0,0,0,5,14,0,0,138,0,1.0,21,51,19,24,35,1.33,6,22,13,1.46153846153846
1,1,3,0,1,1,1,53,1,0.972334682860998,10,21,8,16,13,1.2321052631578946,2,12,1,0.9397926634768736
4,4,61,4,26,3,27,138,3,0.5144927536231878,33,82,22,41,53,0.4299999999999999,4,31,22,1.5625
3,3,37,19,66,1,28,178,1,0.98314606741573,63,108,13,51,71,0.53,21,45,26,11.0
1,1,90,4,22,1,0,90,1,1.0,28,48,9,25,36,0.7029268292682924,12,24,12,4.560975609756097
1,1,2,4,33,1,0,85,1,1.0,43,52,14,25,45,0.37,43,21,24,18.0
7,7,264,5,10,3,74,80,3,0.9875,14,46,14,26,25,0.43,3,16,9,1.33333333333333
2,2,15,8,101,1,3,243,1,0.9237178406131484,104,159,38,67,120,0.2999999999999999,22,56,63,6.675324675324674
2,2,13,10,55,2,1,150,2,0.9000000000000002,61,111,15,55,76,0.2199999999999999,14,42,34,8.0
2,2,54,1,16,2,1,98,2,0.5204081632653059,19,36,10,17,27,1.4400000000000002,10,16,11,2.6
0,0,1,5,21,0,0,87,0,0.955857406577305,29,51,10,32,36,0.5019298245614036,11,25,10,5.12456140350877
1,1,10,2,0,1,0,152,1,0.8681019980098649,13,21,12,20,14,5.4629411764705855,8,14,0,0.8743315508021385
1,1,2,9,32,1,0,149,1,1.0,37,70,14,32,54,0.9299999999999998,10,31,23,6.5
2,2,7,9,39,2,0,110,2,0.8972141000649774,45,77,9,36,55,0.2999999999999998,21,34,21,20.319444444444457
4,4,36,6,0,2,29,81,2,0.827160493827161,16,19,10,18,17,2.74,4,17,0,0.75
8,8,292,4,33,3,99,95,3,1.0,32,65,10,27,41,0.31,10,19,22,4.857142857142861
1,1,5,2,44,1,0,110,1,0.9272727272727268,45,74,17,34,53,0.26,5,29,24,5.0
3,3,120,1,7,1,1,61,1,1.0,14,27,8,17,20,0.9600000000000002,5,15,5,2.0
1,1,5,2,7,1,0,47,1,0.9038482414242288,14,22,6,16,16,0.8818181818181817,8,12,3,5.363636363636364
13,13,131,15,231,4,170,728,4,0.4629120879120879,192,454,70,169,284,0.4500000000000001,10,134,150,3.117647058823529
1,1,2,14,43,1,0,233,1,0.5450643776824029,59,139,22,70,90,0.5199999999999999,7,57,33,2.0
1,1,5,5,47,1,0,134,1,0.9405665492003252,47,92,23,43,60,0.2032142857142858,4,36,24,3.7767857142857144
2,2,7,1,25,2,11,113,2,0.8570732488355388,24,52,8,18,35,1.0285714285714287,10,17,18,2.871428571428567
3,3,28,14,129,2,20,346,2,0.7464736755781534,102,214,20,81,139,0.5528571428571428,23,62,77,5.4033613445378155
1,1,116,4,18,1,0,116,1,1.0,37,76,20,46,50,0.2650000000000001,3,34,15,2.1818181818181808
3,3,6,4,21,3,2,84,3,0.630952380952381,21,48,5,25,33,0.65,40,20,13,14.0
3,3,112,2,37,2,1,107,2,1.0,36,74,13,22,57,0.2699999999999999,10,25,32,4.666666666666669
1,1,5,5,24,1,0,67,1,0.5771739481416898,25,36,8,15,27,0.6140740740740741,29,11,16,7.962962962962963
2,2,9,8,77,2,161,155,2,0.9419354838709676,66,112,17,35,72,0.23,18,33,39,3.7999999999999985
1,1,0,2,30,1,138,138,1,1.0,31,70,16,32,45,0.74,8,24,21,2.8999999999999995
0,0,2,3,35,0,0,131,0,0.8753743420878388,42,78,14,36,58,0.4987500000000003,7,32,26,3.4823908730158752
4,4,158,2,34,3,1,83,3,0.9397590361445778,35,51,14,22,38,0.35,22,18,20,6.5
4,4,10,2,114,3,6,247,3,0.963562753036437,97,164,23,63,129,0.37,49,62,67,13.5
1,1,2,3,30,1,1,121,1,1.0,37,66,12,33,48,0.6618750000000001,9,28,20,4.294270833333331
3,3,420,4,243,2,210,554,2,0.3702167064871982,202,449,76,117,310,0.0851515151515151,8,110,199,2.9621749408983464
1,1,168,3,358,1,84,724,1,1.0,281,596,92,136,416,0.0841666666666666,9,124,292,3.185003896356908
2,2,3,12,49,2,149,148,2,0.97972972972973,72,111,15,67,84,0.2,9,58,26,5.33333333333333
1,1,5,9,48,1,0,180,1,0.6700152254511279,61,111,28,58,81,0.3694444444444445,9,45,35,3.4434343434343395
1,1,3,0,16,1,0,98,1,0.995898277276456,19,53,18,22,35,0.5365217391304347,2,19,15,1.2747035573122525
3,3,24,2,7,3,0,68,3,0.6678743961352659,12,35,8,21,19,0.7083333333333333,4,13,6,1.666666666666663
1,1,5,4,34,0,0,108,0,0.8980665544466009,40,70,18,37,49,0.2879104477611939,5,31,18,3.9262970859985784
4,4,62,17,130,3,14,350,3,0.8289519498607243,137,267,41,120,181,0.1606249999999999,8,97,84,4.3489583333333295
1,1,3,5,28,1,0,133,1,0.6940298507462687,27,66,13,25,43,0.8266666666666667,9,20,23,2.58888888888889
0,0,2,1,5,0,0,49,0,0.9870664315108758,12,22,7,13,17,0.8711111111111104,3,12,5,2.117283950617283
1,1,186,7,63,1,0,185,1,1.0,63,109,19,47,82,0.528235294117647,19,41,40,5.440929312901629
5,5,26,5,21,1,22,91,1,0.945652173913043,32,55,9,31,39,0.49,10,25,14,5.25
1,1,48,3,11,1,2,62,1,1.0,12,32,8,13,20,0.6988888888888889,4,11,9,2.777777777777778
1,1,37,0,2,1,2,34,1,1.0,3,10,2,5,7,2.480833333333332,5,5,1,1.9333333333333336
1,1,4,0,9,1,0,67,1,1.0,13,22,6,12,17,1.7699999999999996,14,12,5,3.5
1,1,0,0,48,1,156,156,1,1.0,51,112,24,44,75,0.18,4,37,38,2.263157894736839
2,2,21,3,102,2,6,242,2,0.895834261594351,110,178,28,91,135,0.2056521739130435,10,75,60,4.40102301790281
3,3,16,14,77,2,20,266,2,0.6917293233082711,57,128,31,57,76,0.8399999999999999,17,39,37,4.6000000000000005
7,7,147,13,72,3,66,362,3,0.80939226519337,94,214,60,115,133,0.41,5,82,51,2.5
3,3,13,11,87,2,1,224,2,0.6696428571428569,81,162,17,63,111,0.2800000000000001,15,51,60,5.8999999999999995
1,1,4,0,9,1,0,93,1,0.8836801599959492,19,35,12,22,25,1.4076190476190478,5,17,7,1.6124716553287988
1,1,7,3,30,1,2,113,1,0.8384761482847509,35,69,16,38,46,0.3985416666666668,5,32,13,2.0312500000000027
0,0,0,6,46,0,0,154,0,0.9935064935064942,58,85,8,45,71,0.7199999999999999,16,42,29,8.25
1,1,151,3,46,1,2,149,1,1.0,44,93,22,36,63,0.3633333333333333,9,33,30,3.6506636745607337
2,2,4,0,3,1,1,53,1,0.9946236559139784,5,11,5,6,8,3.196666666666667,6,6,2,1.5166666666666668
2,2,11,2,17,1,1,99,1,0.6808596269413075,24,54,16,26,36,0.5399999999999999,3,21,14,2.078947368421051
1,1,2,2,22,1,0,116,1,0.961610237270061,28,55,14,26,41,0.8287096774193546,6,25,15,3.038248847926267
3,3,16,5,77,3,30,158,3,0.8037974683544301,67,105,28,42,80,0.2400000000000001,14,45,35,2.8888888888888906
0,0,3,0,0,0,0,34,0,0.9732142857142856,2,6,2,3,4,5.086285714285711,4,3,0,1.4
3,3,17,13,73,2,2,190,2,0.926701570680628,78,120,10,52,94,0.5,20,47,47,7.16666666666667
1,1,5,9,246,1,0,513,1,0.8947368421052633,186,373,41,151,257,0.27,16,142,115,6.19047619047619
1,1,71,0,1,1,0,71,1,1.0,7,10,8,9,8,5.299999999999999,8,8,0,0.75
1,1,2,0,22,1,0,83,1,0.8106742768009079,27,51,9,24,36,0.45625,5,21,15,2.9125000000000005
2,2,139,4,26,2,1,82,2,0.979868341151311,35,50,12,26,41,0.3699999999999999,12,23,18,5.5878378378378395
1,1,5,4,32,1,0,87,1,0.965704206950614,35,57,8,36,39,0.395,12,26,13,7.041666666666665
1,1,3,2,10,1,4,82,1,0.9226390893057556,20,46,15,29,29,0.4427272727272727,3,21,7,1.5779220779220766
3,3,31,6,52,3,0,131,3,0.5725190839694659,58,79,30,36,67,0.2800000000000001,9,33,34,6.25
1,1,4,2,14,1,0,86,1,0.8533781889543027,21,48,11,31,29,0.5553333333333336,3,21,7,1.2533333333333303
1,1,8,2,34,1,0,195,1,0.792723307495584,41,85,19,37,59,1.0744000000000005,8,29,29,2.44142857142857
1,1,5,3,24,1,0,98,1,0.9281764988981492,31,50,12,28,37,0.6775675675675681,11,25,12,4.0
1,1,2,6,33,1,0,155,1,0.9958071278825994,39,76,16,35,56,0.8300000000000001,8,32,24,4.893939393939393
2,2,8,29,535,2,7,1264,2,0.456487341772152,329,886,65,208,590,0.3500000000000001,23,197,393,5.877551020408162
2,2,94,3,11,1,13,55,1,0.9761904761904764,17,29,8,15,22,0.6414285714285716,12,13,9,6.315476190476192
0,0,2,0,1,0,0,28,0,0.7893318965517244,2,7,3,4,4,2.451875,3,3,1,1.0
1,1,4,0,8,1,0,78,1,0.9662337662337664,11,26,8,14,18,1.6794999999999995,7,11,6,1.8775
2,2,18,14,47,1,7,142,1,0.816901408450704,56,102,17,63,70,0.23,15,47,23,6.6
3,3,2,3,0,2,9,69,2,0.80984555984556,17,23,14,22,18,1.39,2,18,0,0.4374999999999997
2,2,4,11,44,2,1,127,2,0.984251968503937,44,89,12,33,65,0.29,12,34,31,5.66666666666667
3,3,14,2,25,2,0,111,2,0.8198198198198199,28,59,15,24,41,0.6299999999999999,4,22,19,2.36363636363636
2,2,5,8,49,1,3,121,1,1.0,64,82,20,38,72,0.23,23,35,37,11.6666666666667
4,4,9,10,61,2,3,177,2,0.9774011299435033,64,112,26,39,81,0.36,10,34,47,4.799999999999999
1,1,5,4,63,1,0,140,1,0.764285714285714,47,98,21,39,57,0.21,13,26,31,4.0
1,1,11,2,6,1,3,52,1,0.8727272727272727,12,22,6,11,17,1.1190000000000002,4,11,6,1.7599999999999996
1,1,2,2,11,1,1,64,1,0.8905415499533149,17,34,7,19,23,0.6655999999999999,4,14,8,2.7000000000000006
1,1,5,4,45,1,0,136,1,0.426470588235294,42,84,20,32,52,0.3999999999999999,42,25,27,10.5
1,1,6,1,34,1,3,121,1,0.8724640209770865,44,76,11,32,58,0.4381081081081081,7,28,30,3.4502895752895766
0,0,0,6,46,0,0,154,0,0.993506493506494,58,85,8,45,71,0.72,16,42,29,8.25
1,1,0,9,31,1,108,108,1,1.0,35,72,14,36,48,0.31,12,28,20,4.75
1,1,5,2,18,1,0,81,1,0.938271604938272,30,44,14,21,39,0.55,10,20,19,3.0
1,1,0,0,0,1,43,43,1,1.0,6,9,5,8,7,3.22,5,7,0,1.0
1,1,2,0,30,1,0,120,1,0.558333333333333,23,48,12,19,32,1.25,20,18,14,3.0
3,3,18,1,8,2,14,92,2,0.645161290322581,11,35,11,19,20,1.31,6,12,8,1.125
0,0,2,0,0,0,0,40,0,0.9852260436945706,3,7,3,4,5,4.457985074626868,6,4,0,1.134328358208955
3,3,16,10,56,2,17,150,2,0.6533333333333329,50,112,12,42,68,0.23,7,32,36,4.272727272727268
17,17,576,16,205,4,300,597,4,0.4878646541877788,231,337,82,159,268,0.5269243230949381,13,134,133,5.155762247601613
6,6,220,26,193,3,23,462,3,0.945887445887446,190,291,38,118,235,0.46,26,102,133,12.0
8,8,78,7,127,4,96,299,4,0.5469365450925265,90,206,26,64,129,0.3193691445152186,14,58,70,4.387964713431851
4,4,72,4,100,3,26,398,3,0.4786493597901112,80,207,32,80,123,0.793369378424658,13,56,67,3.449282280568219
5,5,469,14,150,2,21,441,2,0.989748471794364,123,245,31,81,171,0.6670143462037219,21,72,99,6.1457676483329156
20,20,530,21,170,6,232,703,6,0.3880507358624095,211,384,92,207,270,0.5994952062365764,5,172,97,2.033407526166813
14,14,658,20,303,5,611,705,5,0.756028368794326,227,482,78,149,308,0.31,17,98,210,6.6875
52,52,1386,45,1408,4,541,3376,8,0.737559241706161,919,2174,226,550,1409,0.45,19,467,942,5.65771812080537
10,10,185,27,200,1,112,515,1,0.9338340301430246,178,334,40,137,222,0.4147600359177299,15,110,112,6.506538127220773
14,14,52,22,168,4,32,371,4,0.919137466307278,164,263,52,144,192,0.22,22,118,74,8.8
14,14,259,7,326,4,61,913,4,0.935377875136911,246,559,113,217,371,0.44,12,180,191,3.51063829787234
3,3,49,16,279,2,4,544,2,0.7622263698639943,284,382,81,151,342,0.2214817855918733,20,154,187,8.951711050460384
4,4,49,4,117,3,14,372,3,0.5334427523807116,88,209,34,63,133,0.6469031249968791,14,54,79,4.182731577617248
4,4,29,14,106,2,4,213,2,0.6493743488677944,122,161,21,71,136,0.1860310989542783,19,66,69,6.419991069988294
10,10,583,5,87,4,2469,197,4,0.614213197969543,73,128,27,49,87,0.33,18,46,41,5.28571428571429
4,4,94,7,82,3,47,413,3,0.5375462104435429,78,212,35,110,114,0.7967599688958641,11,65,49,2.8874721768750864
4,4,25,3,113,2,133,280,2,0.9661921862696072,125,210,33,125,158,0.188444510977042,5,109,49,2.9035466913883115
5,5,8,37,628,2,2,998,2,0.986973947895792,432,772,86,346,483,0.19,56,173,310,12.2
6,6,46,17,112,2,8,223,2,0.430493273542601,122,170,25,81,140,0.16,18,80,60,7.125
4,4,24,11,215,2,7,670,2,0.7805624443389614,182,429,66,160,278,0.4128197828346471,11,126,152,4.1349288609699935
2,2,11,5,35,1,4,105,1,0.7973547752033852,40,66,12,34,49,0.4098599363610974,13,30,18,5.97665606018291
42,42,788,49,912,3,483,2269,7,0.4121818920302578,677,1420,197,437,951,0.4608483771408519,19,380,571,7.05798034035685
2,2,7,7,34,2,2,109,2,0.9146696777270684,38,61,13,30,44,0.5422244969138038,16,24,20,5.858839864627813
8,8,302,18,275,3,16,716,3,0.91340782122905,288,556,108,240,380,0.09,7,170,210,2.97014925373134
3,3,4,17,119,2,2,276,2,0.992753623188406,136,190,27,98,162,0.32,16,95,67,10.2727272727273
17,17,288,22,171,5,384,476,5,0.726890756302521,153,285,70,101,201,0.42,17,80,121,6.71428571428571
2,2,50,4,35,1,1,106,1,0.9257336605809832,39,56,11,23,49,0.69,41,24,25,12.464562131126511
1,1,96,2,8,1,46,96,1,1.0,16,41,10,28,23,1.0425690372654466,6,18,4,1.8370483131240851
20,20,523,22,168,7,235,705,7,0.367375886524823,213,384,95,211,271,0.6,5,176,95,1.88732394366197
3,3,12,13,102,2,0,265,2,0.981132075471698,110,189,39,95,145,0.2,12,87,58,3.71428571428571
10,10,84,18,169,2,46,436,2,0.5953476783817435,128,278,31,94,177,0.4499863814321881,24,69,108,7.823952621323771
1,1,96,2,2,1,0,96,1,1.0,8,39,12,28,17,1.15,5,15,2,0.25
23,23,661,19,604,5,489,1767,7,0.326542161856254,470,1062,209,345,679,0.47,12,285,394,3.97169811320755
1,1,99,7,25,1,0,99,1,1.0,37,49,16,28,44,0.69,53,27,17,19.0
11,11,54,20,167,3,29,381,3,0.9101476620138892,164,270,50,137,198,0.2274488383983187,20,118,79,7.850273104214362
9,9,56,21,439,4,25,805,4,0.46583850931677,420,621,64,242,508,0.2,25,220,288,10.2692307692308
12,12,776,21,395,3,429,757,3,0.6368967463705745,316,588,79,223,405,0.1753973837654348,23,183,222,8.847193657222071
2,2,10,7,121,2,303,324,2,0.9413440749039784,115,231,41,85,161,0.2334821792152075,10,72,89,5.023858301329041
39,39,806,46,906,3,461,2307,7,0.4324528573830665,673,1416,197,447,948,0.4996942100769095,18,385,563,6.794870788173455
26,26,1184,55,2743,4,662,4408,5,0.5082781524164423,2453,3276,622,961,2711,0.1541248445431299,39,879,1831,11.613681147505302
8,8,46,12,0,3,19,444,3,0.6219329370248036,45,65,35,64,46,5.8088686193783685,10,46,0,0.7039044930821873
3,3,84,25,691,2,6,1386,2,0.8422591150767896,585,1034,213,391,738,0.1360761077404917,16,321,416,7.69895308333338
6,6,65,3,74,2,30,225,2,0.755555555555556,51,129,17,33,82,0.61,14,27,55,3.90909090909091
5,5,73,4,74,2,31,224,2,0.6992895320209381,52,130,17,33,84,0.5916038779465245,13,28,55,3.819958849191453
5,5,76,15,58,2,17,178,2,0.960674157303371,66,124,20,68,83,0.27,11,50,33,5.25
61,61,1323,78,702,4,639,1766,8,0.571347678369196,573,1210,168,389,815,0.32,15,302,513,5.58510638297872
5,5,142,10,80,2,75,233,2,0.5851734917316238,66,140,17,39,97,0.536509710092304,17,36,60,4.50066616797119
4,4,129,4,113,2,16,347,2,0.524495677233429,116,206,30,66,163,0.54,10,72,91,3.8695652173913
4,4,42,9,120,3,26,344,3,0.75,102,223,43,79,140,0.35,11,67,73,4.71428571428571
75,75,2243,67,1830,4,1408,4408,8,0.4089973046869108,1323,2737,407,773,1926,0.4811402021148359,38,708,1217,10.009419052964212
11,11,53,20,167,3,29,379,3,0.912060101184485,164,269,51,138,196,0.2258642154339613,20,118,78,8.052312532169935
4,4,66,11,104,2,33,314,2,0.8118240213901405,121,212,48,105,150,0.2508173723253296,9,77,72,3.934501309361552
4,4,19,19,110,3,5,332,3,0.8989751630098122,107,205,20,89,151,0.5358771524866879,16,74,77,5.561883886816591
13,13,94,7,131,4,31,457,4,0.768052516411379,118,242,46,77,161,0.7,15,69,92,3.65
4,4,235,26,656,2,1215,1199,2,0.804003336113428,589,914,168,316,684,0.13,17,275,409,4.93421052631579
13,13,119,28,344,4,38,715,4,0.7005998441732306,346,494,119,196,402,0.2098108356451257,23,179,222,9.607972655645618
7,7,137,16,129,2,96,289,2,0.4470208039117342,134,212,37,108,157,0.1916266665354847,14,91,65,6.4921794878101675
6,6,133,16,131,2,101,286,2,0.4551322368129822,134,213,37,108,157,0.1703595624092727,14,92,64,6.594425180724648
50,50,1345,45,1492,4,517,3450,7,0.7204992038405027,1012,2245,251,571,1488,0.4339820616659041,20,486,1001,5.950730328637256
1,1,2,0,28,1,0,128,1,0.8942725057146564,34,57,8,31,45,1.0887874146061756,19,28,16,5.642489983643493
22,22,1034,39,729,5,582,1722,5,0.639528354040932,509,1207,139,367,771,0.312473481017432,18,294,477,5.471779433018019
6,6,130,16,134,2,106,283,2,0.462897526501767,134,214,38,108,157,0.15,15,93,64,6.69230769230769
4,4,12,16,170,1,6,373,1,0.7152434338260706,154,281,55,129,188,0.1368935063072164,10,103,84,3.9798233658185542
4,4,52,3,117,3,10,382,3,0.4584965616846799,84,204,30,57,131,0.7496554386178151,15,50,81,3.998771178554295
4,4,63,11,106,2,31,313,2,0.7865179052185933,121,211,48,104,150,0.2523413403285521,9,77,72,4.078733995380828
8,8,43,16,177,4,33,428,4,0.514018691588785,157,275,37,105,202,0.42,35,107,95,9.25
5,5,275,13,92,1,13,261,1,0.9933894292248135,103,158,35,73,126,0.4372174111633911,18,63,62,10.020631133615144
3,3,268,2,32,2,0,133,2,1.0,38,85,19,40,55,0.34,3,31,24,1.6
12,12,139,15,218,3,56,584,3,0.6459101207470376,161,363,53,127,233,0.4774129845191829,20,96,136,6.542483080583786
4,4,21,20,160,2,3,355,2,0.968157067635314,162,250,27,123,192,0.3126362862225404,19,102,89,9.513319337534694
4,4,67,11,104,2,33,314,2,0.8187310153326872,121,212,48,105,150,0.2504014239555545,9,77,72,3.895134767222128
2,2,22,15,109,2,11,268,2,0.805970149253731,107,192,24,83,137,0.27,25,70,67,9.0
6,6,414,17,155,3,24,381,3,0.986876640419947,124,244,24,71,172,0.47,22,66,106,6.76923076923077
11,11,172,28,200,1,101,522,1,0.990421455938697,173,338,38,140,219,0.43,15,112,107,6.55555555555556
4,4,62,3,109,3,17,391,3,0.4564271688456945,81,204,31,67,127,0.7863434402098963,14,52,75,3.70950221444828
5,5,30,4,116,2,143,276,2,0.9378420504116414,126,210,31,126,159,0.1772638169085393,5,112,47,3.1302169283831507
9,9,100,20,198,2,36,535,2,0.9013113573140964,196,370,66,200,245,0.2671682550368602,11,146,98,4.27886856276464
4,4,11,10,36,2,5,144,2,0.951388888888889,43,80,15,46,53,0.61,19,34,19,6.5
7,7,58,18,167,2,25,400,2,0.895,164,284,49,126,209,0.24,17,120,89,6.25
5,5,15,35,591,2,6,955,2,0.9511266397425328,407,733,81,325,458,0.2145277095846615,53,164,294,11.820842489337108
7,7,64,20,138,4,30,507,4,0.4799499004624936,106,225,60,78,146,1.0391586729453888,21,60,85,6.99260498157908
6,6,126,16,131,2,99,281,2,0.4876684425766875,131,210,38,106,153,0.1628606413607731,15,91,62,6.907476115074471
3,3,17,5,45,2,7,150,2,0.833333333333333,48,100,21,41,74,0.29,6,39,35,3.15384615384615
2,2,270,17,104,1,1,267,1,1.0,120,181,32,88,144,0.2975758718559873,20,76,67,8.036075580266605
13,13,392,18,271,3,159,510,3,0.7577051841558925,275,398,70,145,313,0.1112374737886316,15,123,189,7.779698302368627
27,27,672,21,226,4,189,668,6,0.776946107784431,182,385,55,140,254,0.59,16,114,140,4.78125
4,4,24,19,161,2,7,369,2,0.9578814699569324,164,261,30,130,196,0.3049503072220991,18,107,89,8.308692773557608
5,5,56,21,278,3,30,548,3,0.6072674658417588,264,379,78,128,320,0.242956787811913,20,133,186,9.005442261825781
3,3,30,12,244,2,19,540,2,0.52962962962963,240,346,109,188,273,0.25,20,152,121,6.27272727272727
7,7,83,26,264,4,25,483,4,0.4745634161716252,212,362,64,113,256,0.1496200752899711,23,110,145,9.070463438030918
18,18,637,30,672,5,345,1539,5,0.7343043785235117,488,1076,129,332,714,0.3163340085431673,19,276,438,5.932687730208203
14,14,444,10,348,5,136,1041,5,0.477425552353506,260,582,59,216,395,0.69,21,185,210,4.27906976744186
15,15,81,30,313,4,58,619,4,0.945072697899838,305,461,96,201,358,0.14,26,177,181,10.5
4,4,45,9,117,2,27,340,2,0.7597171218900886,104,221,43,82,141,0.337112027808935,10,68,73,4.60381738121944
3,3,10,10,110,2,10,238,2,0.96218487394958,123,157,37,69,135,0.28,24,65,70,10.5714285714286
4,4,50,14,230,2,23,538,2,0.6374992666319201,227,353,96,191,265,0.25498257864417,17,150,114,5.694068707461158
3,3,37,14,214,3,19,384,3,0.8071045564610794,170,324,22,107,227,0.1177215101783387,26,88,139,13.215542216785046
15,15,403,14,277,4,174,507,4,0.80276134122288,273,399,71,141,311,0.1,16,119,192,8.28
6,6,95,9,247,3,2,429,3,0.5761556423645359,209,323,40,145,248,0.2130211938365403,20,124,123,5.778955213141128
2,2,201,5,73,2,1,199,2,0.9514220902973184,57,120,33,42,74,0.3827265703628437,13,35,39,5.654055469386723
22,22,2476,67,2267,4,1973,3642,6,0.699615595826469,2054,2802,455,1010,2374,0.14,35,1014,1360,13.1789473684211
4,4,11,6,43,2,3,103,2,0.6461827406588014,37,67,7,21,47,0.4212254007456512,20,19,27,9.900426459374156
4,4,13,17,60,2,4,166,2,0.8587813472839227,78,108,22,50,85,0.3318417010747955,21,43,41,10.488489368282528
6,6,22,11,164,3,15,393,3,0.904375634195858,168,245,62,90,198,0.3614121006899474,21,82,116,5.919252209584281
2,2,7,10,100,2,0,200,2,0.9354953580334686,122,151,16,59,131,0.2210933095390929,21,49,81,5.59241068723286
3,3,282,14,118,2,10,290,2,0.9038554905956646,130,196,30,100,152,0.3353831215046937,24,85,66,7.905617444326963
8,8,42,20,164,2,14,348,2,0.9407517883508446,159,245,39,118,188,0.262242005237511,20,102,85,10.580198792152252
5,5,50,4,77,3,22,243,3,0.8985996772063487,64,136,15,45,93,0.6626662447896101,15,40,53,4.482449578517643
9,9,89,20,1,5,632,626,5,0.384984025559105,81,131,55,130,82,3.36,9,82,0,0.708333333333333
3,3,17,3,42,2,3,113,2,0.8803924425303534,40,62,8,21,51,0.6876367034475668,30,22,29,7.550973655037707
2,2,158,10,48,2,1,150,2,0.8938430363337968,67,92,25,53,77,0.3606276888371495,14,48,29,6.200307967058998
7,7,303,14,134,3,39,327,3,0.6562375847734833,126,212,24,85,157,0.4224628376598857,19,72,84,6.8642101145656635
55,55,1298,51,684,4,586,1938,8,0.5562435500516,591,1124,184,449,802,0.56,16,376,426,5.41584158415842
6,6,37,15,218,2,9,703,2,0.705547652916074,183,457,82,184,281,0.36,8,135,146,3.20689655172414
6,6,14,16,56,2,9,160,2,0.7569169596520237,72,108,22,53,80,0.2746405448389843,15,44,36,8.426951592509994
6,6,298,37,251,3,15,638,3,0.6521183695881326,291,482,89,217,361,0.147398965178539,8,170,191,2.955733612361875
3,3,49,12,159,2,7,326,2,0.7203316060357463,144,240,29,105,177,0.2489450992468753,23,90,87,7.810788013017955
17,17,382,10,395,5,120,1171,5,0.7744052675595271,287,639,67,189,407,0.7285326718843761,20,140,266,4.9350212981247275
5,5,23,17,123,2,12,292,2,0.568965159489702,121,197,44,94,143,0.2591412717678618,16,77,65,5.434210454473532
36,36,1110,34,680,4,471,2068,6,0.5396559149259399,558,1139,194,452,783,0.6474925593295965,13,369,414,4.432190430853337
2,2,4,18,120,1,1,268,1,0.9879349548354484,137,186,30,87,161,0.2729307145880321,23,85,76,11.342483759362922
9,9,65,18,111,2,23,240,2,0.530555594775834,116,174,29,85,135,0.2017659493511189,17,78,56,7.723012456618293
4,4,57,11,185,3,8,356,3,0.7359000496771172,163,264,30,112,198,0.246939077636041,22,96,101,7.663282090891165
10,10,50,21,215,5,41,526,5,0.722433460076046,181,348,36,104,247,0.41,18,95,152,6.91304347826087
6,6,216,26,193,2,28,466,2,0.94917390284312,188,294,38,119,233,0.457786103057938,25,102,131,11.598218703107271
7,7,108,10,84,4,11,160,4,0.4625,77,109,23,34,84,0.26,19,29,55,9.0
2,2,6,8,34,2,1,102,2,0.911764705882353,41,60,13,30,45,0.48,17,23,22,6.66666666666667
1,1,2,0,28,1,0,129,1,0.892307692307692,35,57,8,31,46,1.12,20,29,17,5.75
3,3,9,7,138,2,7,455,2,0.6266511499781535,123,269,55,105,175,0.4904094146495956,11,88,87,3.969823884527046
1,1,80,2,5,1,0,80,1,0.8839695605985377,16,22,9,16,18,2.4877845163952377,9,14,3,2.771517816348054
1,1,94,2,1,1,0,94,1,1.0,10,30,12,23,15,2.1587071655309926,5,14,1,0.1995646417234503
2,2,169,0,0,2,169,0,2,0.0,0,0,0,0,0,0.0,0,0,0,0.0
3,3,19,14,155,3,18,318,3,0.8873857152941177,133,251,20,86,176,0.206051681040509,26,72,103,11.83521007240498
5,5,45,20,348,4,23,808,4,0.853960396039604,290,564,47,152,394,0.35,22,144,250,7.31034482758621
4,4,34,7,52,2,16,113,2,0.84070796460177,59,82,12,32,65,0.23,13,25,40,4.6
3,3,12,9,94,1,8,237,1,0.966244725738397,104,169,37,62,131,0.18,10,53,78,3.8
29,29,839,24,527,3,621,1153,7,0.78143972246314,403,834,69,206,567,0.3,15,189,378,4.96491228070175
7,7,43,17,178,3,29,428,3,0.5021299144310415,161,280,39,109,206,0.3879299366911697,32,108,97,9.120486282791262
2,2,273,6,117,1,1,271,1,0.9710160195784674,105,188,27,65,131,0.3097091066866423,23,51,79,8.615909583957574
13,13,160,18,116,4,67,309,4,0.398058252427184,137,208,35,108,157,0.32,13,86,71,5.875
1,1,2,2,4,1,0,47,1,1.0,9,16,6,9,12,1.56,4,8,4,2.5
9,9,479,8,68,4,2084,286,4,0.5662242258363837,74,128,32,65,85,0.9643284497102322,16,53,32,4.32744268067899
15,15,260,21,618,5,120,1366,5,0.824304538799414,468,952,121,300,660,0.32,20,259,401,6.37037037037037
12,12,88,9,132,4,31,466,4,0.7083842883353832,116,239,48,77,158,0.7491297674037878,16,67,91,4.32237595961184
15,15,290,21,622,5,138,1380,5,0.8169185177173516,469,962,121,302,664,0.319699143978146,19,260,404,6.334451176475822
5,5,39,11,31,3,26,483,3,0.7896016384202811,62,98,33,71,71,3.535405549666469,16,53,18,2.9782665521188183
12,12,99,19,183,3,55,474,3,0.548523206751055,133,298,33,97,187,0.49,24,69,118,7.5625
4,4,51,17,281,3,4,545,3,0.774311926605505,287,384,80,150,346,0.22,20,155,191,9.09090909090909
5,5,87,9,29,1,20,146,1,0.993197278911565,30,61,6,28,41,1.3,25,22,19,8.0
1,1,3,0,0,1,0,29,1,1.0,2,6,4,5,2,3.17,0,2,0,1.0
2,2,174,3,45,2,6,139,2,0.8012807810763598,54,79,22,41,64,0.492566017047319,17,37,26,9.35516527105415
18,18,394,11,403,5,134,1219,5,0.756435260842341,294,662,70,197,421,0.736235097085431,19,145,275,4.927124033549545
3,3,12,5,36,2,6,126,2,0.920634920634921,33,66,16,32,44,0.67,15,28,16,4.2
7,7,83,26,264,4,24,481,4,0.4762619138240467,211,362,64,114,255,0.1464290573222977,23,110,144,9.074855836275113
18,18,519,27,463,5,263,1600,5,0.4994612578023537,345,839,96,270,535,0.7909588409393954,17,206,328,4.638580656865005
4,4,108,20,347,1,12,629,1,0.435612082670906,280,457,74,174,339,0.21,43,152,187,16.1666666666667
41,41,294,3,145,3,37,649,7,0.456086286594761,148,195,141,188,151,1.61,0,151,0,1.0
4,4,29,19,164,2,12,364,2,0.8803993156136677,160,250,29,90,194,0.326955126089085,27,80,114,8.851115240235073
10,10,271,25,227,2,205,469,2,0.6188584880854889,236,345,53,133,280,0.2174844409809586,21,120,159,8.326473102305389
8,8,251,14,125,3,47,302,3,0.5,128,198,25,92,150,0.4,19,75,75,6.90909090909091
12,12,178,26,197,1,97,528,1,0.9622345156019676,171,330,43,142,215,0.4922466786870467,14,114,101,6.262492096576997
2,2,284,14,118,2,8,290,2,0.9277302920055036,130,196,30,100,152,0.3315631532791194,24,86,66,7.964529291961631
6,6,295,22,204,2,208,459,2,0.470588235294118,222,310,60,115,254,0.29,19,98,156,6.10526315789474
4,4,10,17,59,2,4,173,2,0.838150289017341,80,108,25,50,86,0.37,21,43,43,10.25
3,3,36,23,188,1,4,420,1,0.4629770147570967,183,315,56,139,226,0.1529195806289301,13,114,111,7.279545481760916
17,17,513,35,180,5,233,383,5,0.488250652741514,181,313,39,163,215,0.1,12,134,81,6.73684210526316
7,7,99,9,253,4,2,436,4,0.561926605504587,214,329,41,148,253,0.21,20,127,126,5.61111111111111
10,10,847,12,675,4,312,2252,4,0.516429840142096,514,1161,210,458,758,0.77,10,360,398,3.05487804878049
1,1,2,1,3,1,0,45,1,1.0,8,15,5,8,11,1.6873954351437808,3,7,3,2.38130860079772
14,14,1708,12,738,6,1199,2126,6,0.550799623706491,497,1147,265,346,686,0.63,18,266,420,3.93406593406593
7,7,25,12,28,3,13,91,3,0.967032967032967,33,58,8,29,43,0.43,16,24,19,9.33333333333333
14,14,658,20,301,4,604,704,5,0.7563294480326402,226,480,77,148,307,0.3140301768163316,16,98,208,6.660062412299528
3,3,338,15,131,2,10,324,2,0.9949044717353588,128,214,28,89,160,0.3782418880648471,24,79,80,7.60950651955268
4,4,26,13,184,2,12,424,2,0.742924528301887,124,283,29,81,174,0.4,20,69,105,7.05882352941176
6,6,57,18,167,2,24,400,2,0.8889260492480354,164,284,49,126,209,0.2389820903451955,16,119,89,6.274811547835858
6,6,128,16,132,2,102,282,2,0.4759277260731339,132,212,38,107,155,0.1567650595981112,15,92,63,6.805492343276089
19,19,615,15,221,3,289,585,3,0.5943978460866379,224,336,72,140,263,0.5228559608661119,16,117,145,5.959068353140287
5,5,33,9,86,3,14,246,3,0.7750375985325171,82,147,19,55,110,0.5429254458140752,17,51,58,6.156570163287307
32,32,1139,29,1072,4,436,2860,6,0.6362260542667689,733,1709,218,507,1110,0.5966409249572853,14,417,692,4.464959134312822
1,1,2,0,30,1,0,125,1,0.859458895455238,36,59,9,32,47,0.9871448660634085,18,29,17,5.488595222578465
5,5,60,8,88,3,46,267,3,0.689138576779026,61,163,22,46,106,0.5,20,43,63,5.5
3,3,50,1,15,2,6,62,2,0.8751336279509716,12,30,7,12,19,0.7895013237322371,8,11,8,2.6500441244079025
8,8,66,21,141,5,31,506,5,0.464426877470356,108,229,61,79,148,0.95,21,61,87,7.07142857142857
6,6,102,6,115,2,69,303,2,0.6273803612359459,84,196,28,69,119,0.4071516144358737,14,54,64,4.761439216060705
7,7,29,11,292,3,8,813,3,0.619926199261993,247,468,80,137,338,0.57,13,114,224,4.23913043478261
5,5,37,6,82,3,16,252,3,0.9143280315563296,77,144,16,55,105,0.640181620743121,16,50,54,5.371657340098686
17,17,519,33,183,4,240,396,4,0.4916715529195823,185,313,42,161,219,0.1310938547859939,12,132,86,6.707548421017408
11,11,267,8,401,4,83,1278,4,0.8880787749327246,303,641,139,208,424,0.7858119338021383,19,166,257,4.3169701985873274
7,7,90,26,261,4,14,460,4,0.495652173913044,204,359,61,117,245,0.11,24,111,134,9.125
6,6,85,11,219,1,182,565,1,0.75228629818552,146,369,45,119,207,0.4103700184997159,12,87,120,3.712460769062165
5,5,96,7,81,3,48,416,3,0.53125,78,212,35,111,114,0.81,11,65,49,2.83333333333333
10,10,67,11,0,3,46,392,3,0.502551020408163,52,90,35,89,53,2.97,8,53,0,0.75
3,3,58,2,76,2,2,295,2,0.979661016949153,72,150,34,60,113,0.74,7,52,61,3.45833333333333
16,16,594,26,508,4,289,1767,4,0.4675510347786514,382,920,120,314,590,0.7946761172876952,15,242,347,4.318320787217351
7,7,44,12,0,3,17,447,3,0.6288141549671826,44,64,35,63,45,5.972502059294181,10,45,0,0.7012475309705428
10,10,260,16,123,5,35,222,5,0.878378378378378,133,174,27,80,139,0.12,29,71,68,12.2
17,17,576,19,210,3,302,515,3,0.5216898773846873,225,318,68,145,254,0.4039417524887227,15,122,131,6.450496980550099
80,80,2916,132,1633,5,2185,3690,8,0.510707508809976,1254,2610,329,822,1784,0.29,17,687,1097,6.68235294117647
5,5,19,19,116,3,8,316,3,0.7778224531458505,115,203,29,93,149,0.4201750090185311,16,76,73,5.739571179929267
6,6,14,16,56,2,9,161,2,0.7652876277555308,72,108,22,53,81,0.2844668360413851,16,44,37,8.614807159614715
3,3,7,12,57,1,2,170,1,0.8569923893647983,71,106,24,46,82,0.3826797290633457,19,40,42,9.114107604741946
2,2,248,13,105,2,10,238,2,0.966386554621849,123,165,28,75,135,0.28,22,68,67,9.71428571428571
11,11,133,14,57,3,30,160,3,0.7456090172954487,60,95,25,53,68,0.410991475890906,19,45,22,9.754957379454533
2,2,280,15,110,1,1,278,1,1.0,126,189,32,95,148,0.3092986465532706,23,82,66,8.091898316920334
4,4,40,24,196,2,5,429,2,0.4522851369910231,193,322,55,137,238,0.1579227197681069,16,115,123,8.186151465120712
5,5,17,19,421,3,5,1022,3,0.955968688845401,335,629,94,224,453,0.48,19,213,240,6.39024390243902
5,5,32,14,181,2,20,425,2,0.6555324146433472,136,279,32,90,184,0.4076356387336748,25,83,101,7.895375125968778
1,1,96,2,3,1,0,96,1,1.0,10,39,12,28,19,1.1115896703186123,9,16,3,1.8156384381000392
6,6,23,17,66,2,7,148,2,0.9157365724361975,75,108,16,52,85,0.2264998190137492,21,46,38,11.146876131164069
10,10,109,22,443,3,83,845,3,0.5191595367291527,419,609,78,228,501,0.27261994231429,42,209,292,12.942346495937771
17,17,732,24,237,3,241,621,3,0.7448288664941292,238,370,60,162,273,0.5095938459819241,19,121,151,7.366554340936872
2,2,50,29,569,2,5,1339,2,0.8761654753651418,537,1004,165,395,722,0.1681821447863417,8,351,371,3.961609708464913
11,11,552,10,371,2,207,1082,2,0.694412320588206,304,663,107,206,449,0.5304638895972911,13,175,273,4.643192842537113
4,4,63,13,59,2,12,169,2,0.841234981763131,66,117,19,65,81,0.281274190990936,12,49,31,5.649294264262317
7,7,251,14,124,2,46,301,2,0.5001411633569347,128,197,25,92,150,0.3999774138628905,19,75,74,6.9094392342573725
4,4,19,9,198,2,7,627,2,0.8635803789503805,174,392,56,163,257,0.4689487066165465,11,118,138,4.206513826089615
1,1,5,2,8,1,0,75,1,1.0,7,22,7,8,14,2.09,8,8,6,1.6
42,42,802,50,928,3,475,2313,7,0.4244840793515755,688,1440,196,446,967,0.4740442430293338,19,387,579,7.14976770159472
5,5,91,2,104,2,23,324,2,0.87962962962963,98,234,36,103,147,0.23,8,75,72,2.76
8,8,28,9,170,3,18,396,3,0.9456413497818084,169,251,67,85,201,0.324732972154955,21,78,122,5.823981745857029
8,8,33,10,173,4,21,402,4,0.8756403540787084,167,258,62,87,202,0.3312481786806009,23,82,119,6.454893938966982
13,13,715,20,348,4,522,730,4,0.6978029986303818,270,534,78,185,355,0.2442132089210064,20,139,216,7.743046462594022
5,5,69,10,205,3,6,379,3,0.6855146077197302,178,282,33,122,214,0.2362409405666592,21,105,108,7.068941142592182
1,1,142,7,49,1,0,141,1,1.0,62,93,13,45,78,0.39,15,44,34,6.6
15,15,525,29,584,4,361,928,4,0.372844827586207,473,732,76,268,549,0.18,40,241,308,14.15
5,5,58,3,118,3,11,394,3,0.4782962009477538,87,207,32,58,134,0.7698862899285421,15,51,83,3.9072203726536583
15,15,335,22,628,5,165,1400,5,0.8062817867567554,472,976,122,306,670,0.3192658762516149,19,262,408,6.282723352044659
2,2,264,19,100,1,1,261,1,1.0,117,177,33,84,141,0.29,18,73,68,8.0
3,3,166,8,55,2,0,168,2,0.9329698861902992,63,103,28,50,77,0.3608003655871852,11,46,31,4.433943825299217
8,8,64,22,295,3,28,577,3,0.8502267514498064,295,418,87,172,351,0.1844345364482102,22,164,186,9.71734623301448
1,1,7,4,37,1,1,109,1,0.7429870837427631,42,68,13,36,50,0.4034067277659889,12,32,18,4.9011212943314755
10,10,104,6,134,4,84,332,4,0.635542168674699,92,217,25,68,128,0.42,18,58,70,4.84615384615385
3,3,3,6,138,2,5,450,2,0.644444444444444,125,274,55,108,178,0.44,10,91,87,3.62962962962963
1,1,4,19,120,1,0,264,1,0.9856234835567728,138,185,32,82,160,0.2503520074913348,26,80,80,11.855636193378766
3,3,39,13,141,2,8,306,2,0.7501713487459196,131,223,27,97,163,0.2562814316697922,23,83,80,8.225154936904932
3,3,59,2,77,2,4,294,2,0.965128017179692,72,151,33,60,113,0.7261522072115502,7,52,61,3.5094867695791794
9,9,242,21,310,3,19,742,3,0.7650742013177836,321,541,118,222,400,0.1548966888398497,12,174,226,5.259291163554897
7,7,62,26,275,4,61,553,4,0.410488245931284,239,375,77,104,290,0.27,22,108,182,8.90476190476191
5,5,99,6,104,2,56,292,2,0.6575756168882405,83,191,31,74,119,0.377002803963359,12,55,63,4.449914586738443
6,6,114,12,306,4,12,857,4,0.689614935822637,242,512,54,161,345,0.57,15,144,201,4.73913043478261
2,2,5,15,171,1,1,374,1,0.67379679144385,152,285,56,126,188,0.12,8,101,87,3.0
17,17,596,14,220,3,324,558,3,0.532258064516129,239,320,78,140,267,0.5,17,119,148,6.36
3,3,5,17,119,2,2,277,2,0.9622473179793092,135,190,28,97,160,0.3169461020072568,16,93,67,9.996488317929163
8,8,63,8,124,4,104,281,4,0.494661921708185,90,201,27,63,130,0.26,12,59,71,4.11764705882353
4,4,30,9,61,2,2,149,2,0.5672268602167092,67,102,17,59,76,0.2886821407772367,14,46,29,6.731266240068982
7,7,50,17,171,2,28,413,2,0.7121912628301907,160,279,43,115,205,0.3263705697998412,25,113,91,7.689509496664019
9,9,182,27,198,1,84,509,1,0.9807866570335532,176,327,38,135,222,0.4364904096177657,17,109,112,7.733444708409335
12,12,158,14,236,3,57,638,3,0.6932610449872803,175,395,62,141,255,0.4712929957857118,19,110,145,6.0465361212517
6,6,35,15,171,3,27,418,3,0.5940333752642987,159,265,41,103,200,0.42,31,102,97,8.466094946001636
1,1,78,2,6,1,0,78,1,0.8615619723373258,16,23,9,17,18,2.2633395676235217,10,14,4,3.2826085427177563
6,6,34,13,241,2,8,738,2,0.6781445408344243,203,460,81,168,299,0.4272104162164284,9,128,170,3.5372625941672826
1,1,4,19,120,1,0,263,1,0.9851879828307673,138,185,33,81,160,0.246097988233734,27,79,81,11.952318449233328
2,2,10,20,159,2,0,333,2,0.975975975975976,168,237,29,89,197,0.28,28,84,113,9.22222222222222
8,8,165,8,85,3,123,248,3,0.94758064516129,66,142,16,39,92,0.63,26,33,59,6.28571428571429
17,17,240,31,259,4,202,484,4,0.818181818181818,256,394,44,159,315,0.12,25,151,164,11.3125
1,1,94,2,1,1,0,94,1,1.0,10,29,12,23,15,2.1752057828634173,5,14,1,0.1987397108568291
23,23,828,27,779,3,379,2277,5,0.4785009358367866,586,1276,204,453,844,0.6479141366797728,13,371,472,4.744076946555069
4,4,127,12,77,2,42,223,2,0.327354260089686,66,139,19,40,101,0.47,12,39,62,3.23076923076923
5,5,31,19,424,3,13,1031,3,0.95168649889853,337,636,94,225,457,0.4780698803895387,18,214,242,6.376463151401378
1,1,98,6,20,1,0,98,1,1.0,31,47,15,28,39,0.7719443727264361,44,24,14,15.65987611169418
2,2,96,4,16,1,96,96,1,1.0,26,45,9,29,31,0.93,9,23,8,3.5
4,4,58,10,109,2,31,325,2,0.7983924934816506,114,216,46,96,147,0.285816271803284,9,74,73,4.164139472599578
3,3,19,16,203,3,25,369,3,0.880758807588076,157,323,17,95,220,0.09,28,77,143,15.5
24,24,319,38,906,4,180,1535,6,0.61628664495114,733,1194,164,378,891,0.15,25,325,566,8.83333333333333
6,6,276,13,91,2,15,261,2,0.9912841120188508,101,156,35,72,124,0.4567717482802289,19,62,62,10.351057068265376
20,20,780,33,692,5,430,1605,5,0.7001846270516613,495,1123,133,345,734,0.3149442030470258,18,282,452,5.766758882302862
11,11,73,15,193,2,41,707,2,0.915134370579915,145,342,41,107,215,0.95,18,87,128,3.86666666666667
2,2,7,5,37,1,2,125,1,0.8106462337307363,43,74,14,40,52,0.4853455847536498,14,34,18,5.213883017299559
2,2,7,11,100,2,0,200,2,0.935,122,151,16,59,131,0.22,21,49,82,5.5
39,39,288,4,147,2,39,643,6,0.4806671161097227,149,201,136,185,154,1.555716882414332,0,149,4,1.255570233454182
13,13,385,15,265,3,179,499,3,0.7486389065165181,264,384,69,136,301,0.1309575411454716,16,115,186,7.925660498578702
2,2,149,9,48,1,0,150,1,0.9638603814794318,66,94,20,51,79,0.3842899402737502,13,47,31,5.496055119591704
15,15,412,10,372,5,128,1107,5,0.6292963217770571,274,611,63,202,401,0.7097050041716343,20,162,239,4.614513094270613
13,13,731,18,598,4,301,2030,4,0.4940708294036439,453,1051,168,392,681,0.7812877875659275,12,306,375,3.6328244520544177
4,4,17,12,159,2,14,392,2,0.8758155615686084,167,241,59,93,197,0.3867977885421719,21,84,112,5.985189061148499
5,5,21,17,125,2,12,293,2,0.6045959135018592,126,196,41,94,147,0.2811426542036281,16,80,67,6.757903721146372
7,7,39,6,118,3,52,276,3,0.6711732983388821,80,191,28,46,125,0.2970876944274737,15,52,73,3.828581205197631
51,51,1358,45,1464,4,525,3425,7,0.7261999014195892,981,2221,243,564,1462,0.4393345364377773,19,480,981,5.852818823575919
4,4,293,63,221,3,15,541,3,0.321626617375231,296,390,66,188,337,0.22,11,170,167,2.9375
4,4,26,12,29,3,9,514,3,0.8570718822091846,57,81,34,56,65,5.407503692641827,17,48,17,2.852205431348662
28,28,734,50,2840,3,140,4616,4,0.4373527090926057,2513,3387,665,916,2765,0.1692545242998297,39,807,1957,10.580680287691504
1,1,3,0,3,1,0,49,1,1.0,4,12,5,6,7,2.6975270842143724,3,4,2,1.2624849532142377
5,5,17,35,583,2,7,945,2,0.942787758500774,401,724,80,320,453,0.220233400413228,52,162,290,11.732642018612184
3,3,18,3,43,2,3,112,2,0.875,42,62,8,20,53,0.69,33,22,31,8.0
8,8,71,17,162,3,40,408,3,0.6680044980323223,127,265,29,91,173,0.4168663519251069,24,69,104,8.237244967357645
2,2,7,15,115,1,5,246,1,0.970739652990652,130,168,37,70,146,0.2425690788212252,28,67,79,11.707724392927105
4,4,32,13,116,3,18,337,3,0.8245443516983294,105,216,34,84,145,0.4102341387004879,12,70,74,5.097919811961437
8,8,36,12,174,4,25,411,4,0.7521493192086341,163,263,54,93,202,0.3615562475774467,27,91,110,7.409401303575435
11,11,134,14,56,2,32,160,2,0.7651592377406313,59,95,25,54,68,0.419465583140047,20,47,21,9.81068833719906
7,7,22,16,63,2,9,147,2,0.8517282246647464,72,108,17,53,82,0.2068473117255388,18,46,36,9.910107483353986
4,4,114,9,90,2,51,254,2,0.4705226186943167,73,161,24,54,107,0.4360833910366285,12,45,62,3.9495670659427216
9,9,571,5,94,3,2434,219,3,0.6223801356223947,77,145,29,56,95,0.3268359630603297,17,50,45,5.25458936093182
6,6,102,22,373,4,66,865,4,0.8471065198558039,309,604,52,165,421,0.3488019545171286,21,154,266,7.297805446872992
18,18,540,30,473,5,285,1663,5,0.457005411906194,354,869,101,283,554,0.8,17,217,337,4.59090909090909
2,2,273,17,106,1,1,270,1,1.0,121,183,32,90,145,0.3006791803595378,20,78,66,8.050853239807322
9,9,100,6,133,4,85,327,4,0.6230457338124495,91,215,25,67,128,0.4058075945988711,17,58,70,4.781533448258438
6,6,40,15,215,2,12,703,2,0.7285469062592268,178,444,77,175,273,0.4247443675043594,9,129,144,3.2792972276397885
4,4,16,11,94,1,8,235,1,0.7823674298916279,99,164,32,59,127,0.2355902042797106,13,53,74,5.310200549598806
5,5,35,14,111,2,8,227,2,0.5829028909809666,122,166,28,77,138,0.1943980496938537,19,75,62,8.11292017721932
5,5,25,14,94,3,9,235,3,0.4966872254350487,92,155,25,55,120,0.3485740320819881,19,53,67,7.725096963302273
29,29,446,41,915,3,260,1741,6,0.5643166583964822,723,1262,172,396,913,0.2321279764207953,23,341,571,8.438788597492882
14,14,574,13,254,5,246,845,5,0.3875689410393209,242,451,87,175,327,0.6779052362539276,10,151,176,3.500757666043205
3,3,155,12,48,2,0,158,2,0.936708860759494,70,96,26,57,81,0.38,13,51,30,4.66666666666667
12,12,135,15,56,3,32,160,3,0.7625,59,95,26,55,68,0.42,20,47,21,9.8
7,7,48,16,173,3,30,417,3,0.6567390956565242,159,278,41,112,204,0.3525697293672352,28,111,92,8.126162156120586
4,4,65,10,105,2,33,317,2,0.8185140997661245,119,213,48,103,149,0.2591286676786133,9,76,73,3.9353885801024022
19,19,566,23,178,6,224,703,6,0.4418756086282056,215,389,88,208,272,0.5901977610821643,7,169,102,2.6924564932732302
3,3,12,14,154,2,12,390,2,0.838461538461538,166,236,56,98,195,0.42,22,88,107,6.07142857142857
1,1,261,15,117,1,0,261,1,0.954022988505747,110,194,14,79,140,0.27,25,67,73,10.0
11,11,858,12,675,4,319,2243,4,0.5174492778418524,515,1160,209,457,759,0.764622909609895,10,360,398,3.1153309741970094
46,46,1445,56,713,4,817,1880,7,0.564793349681849,548,1189,198,375,773,0.418882445391066,15,290,483,5.058464715146268
3,3,161,10,45,2,0,161,2,0.94119132465302,65,92,24,53,76,0.5100802797196847,12,47,28,4.390738800594611
4,4,158,7,51,2,14,137,2,0.7604794508234664,59,84,24,46,68,0.3337155827510676,19,41,26,10.662844172489324
7,7,164,42,373,3,1151,1052,3,0.923954372623574,249,778,113,341,415,0.21,10,205,210,4.10526315789474
5,5,28,3,116,2,144,276,2,0.9474805920035548,126,210,31,126,159,0.1778171098090742,5,112,47,3.057927727742168
7,7,100,22,336,1,25,626,1,0.5863717860737638,287,458,80,181,344,0.1892855837669456,37,159,185,14.48978535256229
4,4,40,3,230,1,225,589,1,0.626485568760611,133,386,50,109,202,0.4,11,74,128,2.21052631578947
40,40,779,47,890,3,483,2233,7,0.4060450755209656,662,1395,197,430,932,0.4615041689110353,18,373,558,6.83682191674409
4,4,33,8,62,2,0,149,2,0.5398939995631994,67,101,17,60,76,0.309718591844772,14,47,29,6.656700127835679
19,19,880,36,256,4,151,691,4,0.975397973950796,237,426,42,187,281,0.52,23,125,156,8.45833333333333
6,6,55,18,166,2,23,397,2,0.9002102994228703,164,282,47,126,207,0.2453817213316789,17,118,89,6.420581345780896
1,1,5,3,39,1,0,112,1,0.714285714285714,44,70,14,37,52,0.4,12,34,18,4.33333333333333
15,15,330,21,268,4,186,496,4,0.809660653316625,265,396,58,149,312,0.1089482473364691,20,133,179,9.636778002392123
18,18,380,10,397,6,120,1176,6,0.785714285714286,289,642,68,189,408,0.73,20,139,269,4.96
2,2,6,7,34,2,1,104,2,0.9125107513147456,40,60,13,30,44,0.4959802931618495,16,23,21,6.459203211583009
4,4,91,25,714,3,7,1395,3,0.83584229390681,594,1040,222,391,741,0.13,18,316,425,8.40625
2,2,12,7,38,2,4,104,2,0.8958773394801055,45,64,12,30,49,0.4241032401854991,16,23,26,6.204586785533462
22,22,567,21,185,6,221,694,6,0.4887488026270926,203,384,83,189,265,0.5970365785938002,8,157,108,2.744916185993108
4,4,16,20,110,3,5,327,3,0.9473462850169276,109,206,20,92,153,0.5094618939318248,15,76,76,5.729906110161024
4,4,33,8,63,2,0,149,2,0.536912751677852,68,101,17,60,76,0.31,15,47,29,6.66666666666667
4,4,43,25,192,2,5,431,2,0.417633410672854,190,322,57,142,235,0.16,15,118,117,8.2
1,1,5,21,122,1,0,256,1,0.98046875,140,182,37,72,160,0.2,34,70,90,13.0
5,5,16,21,110,3,5,327,3,0.948012232415902,110,206,20,93,154,0.51,16,77,77,5.73333333333333
4,4,53,3,117,3,9,385,3,0.436363636363636,83,203,30,56,131,0.78,16,49,82,3.94444444444444
1,1,2,2,55,1,0,166,1,0.897590361445783,53,102,22,38,76,0.41,15,36,40,6.66666666666667
5,5,75,8,54,3,33,435,3,0.583560611412489,65,159,35,91,90,2.9874697132197383,11,57,32,2.125273394799528
4,4,49,4,117,3,13,373,3,0.5233604619349914,88,208,33,62,133,0.660726091318113,14,53,79,4.157983926580709
5,5,625,7,138,2,33,629,2,0.9387972261934944,129,262,59,123,180,1.197667645901087,18,100,79,4.044276436379298
1,1,3,0,3,1,0,39,1,1.0,4,11,4,6,7,2.18,3,5,2,1.0
2,2,208,11,71,2,2,206,2,0.985436893203884,68,118,32,52,81,0.47,19,37,44,7.85714285714286
12,12,777,12,138,3,372,361,3,0.7335786188005191,133,222,46,93,160,0.3825235353822853,14,73,87,5.15451073999976
18,18,550,18,187,5,268,649,5,0.4301780005431201,222,359,88,183,269,0.5619109143368979,9,154,115,3.590925358193622
4,4,31,8,45,2,15,106,2,0.8752461136281229,51,75,10,31,58,0.2846814143861412,13,24,34,5.894126807138675
12,12,197,24,620,4,90,1274,4,0.8646027924764284,459,907,112,311,616,0.2877949713648495,28,237,378,7.814550286943785
11,11,100,20,153,4,56,334,4,0.736526946107784,149,221,61,113,173,0.24,27,97,76,9.77777777777778
6,6,25,9,105,3,14,253,3,0.6274420074796228,83,170,27,46,122,0.3249261809399287,18,50,71,5.731311447119873
3,3,12,17,164,1,2,367,1,0.8487415971944567,159,268,38,128,191,0.2371551162546926,14,103,88,6.389130148796468
5,5,111,12,74,2,70,186,2,0.897408057933167,68,122,15,48,95,0.3891010408510511,21,49,45,9.854803663648976
50,50,1250,46,683,4,557,1970,7,0.5520839421786662,582,1127,186,449,797,0.5819401220157979,15,374,423,5.169175736343937
9,9,59,11,0,3,37,409,3,0.5425830215734337,49,81,35,80,50,3.921949801944831,8,50,0,0.7345429237614501
7,7,25,17,67,2,8,146,2,0.924657534246575,75,108,16,53,85,0.21,21,47,38,11.25
7,7,108,10,83,3,11,160,3,0.4657512954440895,76,108,23,34,83,0.2617340242368478,19,29,54,9.008670121184238
4,4,28,11,43,3,18,517,3,0.8975434768323854,66,101,33,64,77,3.748019321070468,19,53,24,3.8161786589575946
7,7,25,5,115,3,20,273,3,0.78021978021978,74,185,29,37,123,0.32,17,48,75,3.65
6,6,292,22,203,1,205,460,1,0.482685760598306,220,310,59,115,253,0.2932580710030156,18,98,154,6.115742333635433
3,3,13,9,94,1,8,236,1,0.8932728569143606,102,167,35,61,129,0.2020610221393556,11,53,76,4.39932443478583
4,4,10,6,43,2,3,101,2,0.610504317336298,36,68,7,21,46,0.3793166131037467,18,19,27,10.196751220478529
1,1,92,2,0,1,0,92,1,1.0,13,17,13,16,14,3.65,6,14,0,0.125
9,9,905,12,81,3,406,224,3,0.875,60,154,24,61,86,0.3,12,41,45,4.30769230769231
11,11,54,20,167,3,29,381,3,0.9101911039703936,164,270,50,137,198,0.2274128429413378,20,118,79,7.854862524979429
8,8,18,16,55,2,13,149,2,0.7023108951446595,66,108,19,55,77,0.2003880943617608,12,45,32,7.164940103748364
2,2,49,30,563,2,5,1337,2,0.87808526551982,535,1003,163,396,722,0.17,8,353,369,3.75
4,4,17,20,160,2,3,363,2,0.972451790633609,164,256,26,131,194,0.32,19,105,89,8.78571428571429
25,25,1289,46,766,5,734,1840,6,0.578804347826087,523,1291,145,390,808,0.31,18,306,502,5.17647058823529
16,16,680,13,375,4,373,996,5,0.5238921827561684,306,601,78,172,426,0.5824577515523561,13,154,271,4.566537054914114
6,6,33,12,1,3,4,477,3,0.699405652400239,41,53,35,51,43,7.33163795073542,12,42,0,0.7933675487466294
4,4,64,10,106,2,32,319,2,0.8145766150102303,118,214,48,102,149,0.2643510158811678,9,76,73,3.9801515646957255
2,2,189,8,61,2,4,169,2,0.8784414886755111,63,100,28,47,74,0.3894265211553117,19,38,36,9.346736583683317
6,6,26,18,128,3,15,298,3,0.493288590604027,124,199,46,94,143,0.27,17,76,67,5.75
8,8,78,7,127,4,96,300,4,0.5479024407120124,90,207,26,64,129,0.3204661279635402,14,58,70,4.392959462729922
2,2,8,13,113,1,6,243,1,0.9677296940287607,128,164,37,69,142,0.2557389732291321,27,66,76,11.307924026972795
6,6,95,9,250,3,3,432,3,0.5778484585174967,211,328,39,145,251,0.2040074360460965,20,124,126,6.104942770275374
56,56,1284,72,699,4,612,1805,7,0.5668801791939323,568,1206,171,394,810,0.3566069512888549,14,306,503,5.379275393246109
87,87,2613,75,2096,5,1617,5065,9,0.342349457058243,1499,3161,459,891,2208,0.46,23,814,1394,7.17112299465241
3,3,11,9,96,1,8,237,1,0.9656859427951464,106,167,37,62,131,0.1937636291253254,11,54,76,4.731994315057758
3,3,196,1,75,2,1,195,2,0.923076923076923,48,123,34,35,70,0.31,9,35,35,3.81818181818182
4,4,13,18,255,2,7,415,2,0.918072289156627,238,333,40,84,284,0.13,31,80,204,8.0
5,5,20,3,115,3,147,276,3,0.985507246376812,126,210,31,128,160,0.18,5,114,46,2.77272727272727
3,3,21,12,52,3,13,544,3,0.979779411764706,70,104,33,60,83,3.91,22,53,30,4.45454545454545
3,3,23,7,45,2,10,108,2,0.8669217656435576,52,73,12,31,57,0.3222284098924431,14,24,33,5.362421521777531
15,15,97,22,110,3,49,268,3,0.694029850746269,107,182,38,92,129,0.27,17,77,52,8.7
4,4,264,13,97,2,12,251,2,0.980775610057254,110,160,32,73,128,0.3796937711922378,20,64,64,10.057147890343655
10,10,38,21,165,3,21,368,3,0.9389757056236612,164,260,42,139,192,0.2572099610509092,20,113,79,8.794684291278443
7,7,34,13,0,3,4,475,3,0.690526315789474,41,52,36,51,42,7.44,12,42,0,0.67741935483871
4,4,264,13,97,2,12,251,2,0.980893817508692,110,159,32,73,128,0.3805127649524449,20,64,64,10.059964535550716
2,2,8,0,0,1,6,47,1,0.6875,5,6,2,6,6,6.5,6,6,0,1.0
3,3,198,0,28,3,4,182,3,0.967032967032967,37,73,18,34,51,1.26,12,28,23,2.8
2,2,168,5,50,2,7,129,2,0.75968992248062,59,81,24,43,68,0.3,19,40,28,11.0
40,40,773,45,877,3,484,2213,7,0.4026124109820531,654,1380,198,427,921,0.4618709899086992,18,369,551,6.713115647040928
13,13,1360,30,1096,3,369,2711,3,0.5332720837440795,822,1704,267,529,1196,0.5316402900103313,13,477,718,4.317492388596877
12,12,172,17,117,3,64,308,3,0.4119601989675829,135,206,33,105,156,0.3309097180469416,13,84,71,6.016020503163592
5,5,79,14,59,2,22,178,2,0.9607559631443772,66,123,19,66,84,0.280411429384833,12,50,34,5.756374065535059
3,3,12,12,100,1,1,260,1,0.9790033082920244,109,186,38,90,142,0.1971401663589433,11,82,60,3.7265421441759536
7,7,99,23,335,1,27,625,1,0.6030980803054821,288,458,81,182,345,0.1869873872798744,37,160,185,14.303740875037477
14,14,289,22,179,4,338,471,4,0.6607020685452251,170,291,67,104,214,0.3864282295211354,17,84,130,6.557009056750256
17,17,610,15,221,3,315,564,3,0.5542327149714423,238,325,76,142,267,0.5009917703184689,17,119,148,6.464053235912687
5,5,391,16,148,2,20,364,2,0.9892052433566888,125,235,25,76,168,0.4433840684330415,22,69,98,7.012966406290828
6,6,108,11,305,3,11,854,3,0.6854496568630075,242,509,55,159,344,0.57,14,142,202,4.709245555495089
13,13,297,9,400,5,93,1250,5,0.8607187370784023,299,641,120,203,420,0.7708944889615659,19,159,260,4.488839563075291
6,6,36,14,219,2,8,704,2,0.7043490436509775,183,457,81,183,281,0.3629397765971971,8,134,147,3.2213467279729455
50,50,1224,64,696,4,571,1866,7,0.5600162766009906,560,1199,176,403,803,0.4128501732826066,13,313,489,5.063034962367905
4,4,109,2,108,2,19,335,2,0.703927949218394,106,220,33,84,154,0.3833717645411643,8,73,81,3.3089547589187234
22,22,962,28,681,4,391,2134,4,0.5297457960355516,528,1172,199,441,771,0.6608882733643717,11,345,425,3.668383787284398
2,2,267,14,106,1,1,265,1,0.9892861805574096,112,181,30,77,137,0.2972853972209615,20,64,72,8.227668663155047
12,12,156,17,118,3,71,306,3,0.4052682164588361,136,208,35,108,157,0.3010964280079543,13,86,70,5.965882557654066
6,6,22,11,164,3,15,393,3,0.9048061905026138,168,245,62,89,198,0.3610293997021467,21,82,116,5.918258181044539
2,2,7,10,102,2,2,207,2,0.9406658974247638,122,152,20,61,131,0.2325052573764491,21,52,79,6.556991992533202
6,6,120,4,120,2,39,341,2,0.5623965519487069,107,209,28,66,151,0.4990432357942734,12,67,83,4.20288113567648
12,12,851,22,455,3,315,791,3,0.561314791403287,374,656,81,270,468,0.09,28,237,231,10.2173913043478
6,6,25,15,95,3,9,234,3,0.47008547008547,93,156,26,56,122,0.33,20,54,68,7.875
4,4,15,13,157,2,13,391,2,0.8626916872292041,166,239,58,95,196,0.3984629751731773,21,85,110,6.015488247203058
22,22,786,29,242,4,168,680,4,0.8864730498892067,212,407,47,165,268,0.551366521285786,19,120,148,6.810657438410346
5,5,18,8,31,2,9,107,2,0.9450648018441252,33,61,11,30,43,0.5436332249873358,15,25,17,6.902844909993094
2,2,251,13,103,2,10,240,2,0.9694398697764276,120,163,28,74,133,0.3011547244198789,21,67,66,9.787040057528676
4,4,75,4,109,2,23,330,2,0.8382371210530946,99,230,38,95,144,0.2683176365108498,8,72,72,3.384030080319552
5,5,10,7,43,3,3,101,3,0.594059405940594,36,69,7,22,46,0.36,18,19,27,10.3333333333333
44,44,800,52,941,3,483,2316,8,0.420120898100173,697,1454,196,446,977,0.46,20,389,588,7.34408602150538
13,13,448,10,349,4,139,1043,4,0.4888640015899533,262,586,61,215,397,0.68172918490657,20,184,213,4.297143521354929
2,2,66,2,13,2,0,66,2,0.742424242424242,20,29,6,18,23,1.07,14,15,8,6.0
4,4,58,6,225,1,207,579,1,0.6770097590031994,138,379,48,113,204,0.4041648151794823,11,79,125,2.813734440225212
2,2,18,14,128,2,12,290,2,0.9004495375709631,123,209,22,81,154,0.28,25,71,82,9.470890788246445
9,9,18,16,55,2,14,150,2,0.693333333333333,66,108,20,56,77,0.2,12,45,32,7.0
2,2,131,2,8,1,131,49,1,0.5139894891598108,13,23,4,14,15,0.478010224918624,4,11,4,1.7989632120593375
